Customer ID,Total_Revenue,Total_Orders,Total_Items,First_Purchase,Last_Purchase,Customer_Lifespan,AvgOrderValue
12346.0,77556.46,12,74285,2009-12-14 08:34:00,2011-01-18 10:01:00,400,6463.038333333334
12347.0,5408.5,7,3094,2010-07-12 14:57:00,2011-10-31 12:25:00,475,772.6428571428571
12348.0,2019.3999999999999,5,2714,2010-09-27 14:59:00,2011-09-25 13:13:00,362,403.88
12349.0,4428.6900000000005,4,1624,2010-04-29 13:20:00,2011-11-21 09:51:00,570,1107.1725000000001
12350.0,334.40000000000003,1,197,2011-02-02 16:01:00,2011-02-02 16:01:00,0,334.40000000000003
12351.0,300.93,1,261,2010-11-29 15:23:00,2010-11-29 15:23:00,0,300.93
12352.0,2849.84,10,724,2010-11-29 10:07:00,2011-09-28 14:58:00,303,284.98400000000004
12353.0,406.76,2,212,2010-10-27 12:44:00,2011-05-19 17:47:00,204,203.38
12354.0,1079.4,1,530,2011-04-21 13:11:00,2011-04-21 13:11:00,0,1079.4
12355.0,947.61,2,543,2010-05-21 11:59:00,2011-09-05 13:49:00,472,473.805
12356.0,6373.68,6,3417,2010-11-10 09:42:00,2011-11-17 08:40:00,371,1062.28
12357.0,18287.66,3,6587,2010-11-16 10:05:00,2011-06-11 16:07:00,207,6095.886666666666
12358.0,3203.8700000000003,4,931,2009-08-12 07:59:00,2011-12-07 10:04:00,847,800.9675000000001
12359.0,8935.94,10,2752,2009-05-12 13:32:00,2011-12-01 12:43:00,932,893.594
12360.0,4252.89,8,2459,2010-02-22 09:32:00,2011-10-18 15:22:00,603,531.61125
12361.0,511.25,4,235,2010-01-26 14:37:00,2011-02-25 13:51:00,394,127.8125
12362.0,4827.1900000000005,10,2009,2009-01-12 10:10:00,2011-11-10 14:33:00,1032,482.71900000000005
12363.0,552.0,2,408,2011-08-22 10:18:00,2011-11-04 13:29:00,74,276.0
12364.0,1313.1,4,1506,2011-02-12 10:22:00,2011-10-30 15:43:00,260,328.275
12365.0,641.38,2,174,2011-02-21 13:51:00,2011-02-21 14:04:00,0,320.69
12366.0,500.24,1,296,2010-03-16 10:28:00,2010-03-16 10:28:00,0,500.24
12368.0,917.7,1,330,2010-03-21 15:56:00,2010-03-21 15:56:00,0,917.7
12369.0,1791.15,3,1241,2010-08-03 08:09:00,2010-10-22 13:13:00,80,597.0500000000001
12370.0,4320.31,7,2605,2010-03-25 10:28:00,2011-10-19 14:51:00,573,617.1871428571429
12371.0,4067.38,5,1436,2010-04-03 18:23:00,2011-11-10 10:43:00,585,813.476
12372.0,1298.04,3,794,2011-02-16 12:46:00,2011-11-05 10:43:00,261,432.68
12373.0,1127.65,3,516,2010-03-25 13:49:00,2011-01-02 13:10:00,282,375.8833333333334
12374.0,2989.2200000000003,4,1362,2010-04-30 14:01:00,2011-11-14 15:37:00,563,747.3050000000001
12375.0,457.5,2,178,2011-02-09 14:23:00,2011-11-29 10:36:00,292,228.75
12376.0,503.15,2,240,2010-10-18 08:42:00,2010-11-15 12:15:00,28,251.575
12377.0,3426.32,4,2105,2010-04-29 15:34:00,2011-01-28 15:45:00,274,856.58
12378.0,5416.32,2,3316,2010-05-26 14:07:00,2011-02-08 10:34:00,257,2708.16
12379.0,1620.22,4,815,2010-06-23 12:49:00,2011-09-19 10:09:00,452,405.055
12380.0,9676.300000000001,11,3355,2010-02-15 12:05:00,2011-11-18 11:27:00,640,879.6636363636364
12381.0,1698.3,4,716,2011-06-11 13:36:00,2011-12-10 11:30:00,181,424.575
12383.0,1850.56,5,1532,2010-12-22 14:28:00,2011-12-01 14:10:00,343,370.11199999999997
12384.0,585.27,2,126,2011-10-08 11:23:00,2011-11-11 08:39:00,33,292.635
12385.0,1938.4,1,612,2010-11-25 15:14:00,2010-11-25 15:14:00,0,1938.4
12386.0,660.8000000000001,2,568,2010-08-12 09:53:00,2011-06-01 12:37:00,293,330.40000000000003
12387.0,143.94,1,134,2010-10-20 16:27:00,2010-10-20 16:27:00,0,143.94
12388.0,3901.11,8,2001,2010-06-05 12:54:00,2011-11-24 12:30:00,536,487.63875
12389.0,1433.33,3,614,2010-02-11 11:52:00,2010-05-21 15:12:00,99,477.77666666666664
12390.0,549.84,1,353,2011-09-21 09:33:00,2011-09-21 09:33:00,0,549.84
12391.0,2773.42,6,1220,2010-01-09 12:38:00,2011-11-18 12:07:00,677,462.2366666666667
12392.0,234.75000000000003,1,73,2010-04-27 14:04:00,2010-04-27 14:04:00,0,234.75000000000003
12393.0,2399.45,6,1311,2010-07-10 13:49:00,2011-11-01 09:47:00,478,399.9083333333333
12394.0,1272.48,2,819,2011-06-05 14:01:00,2011-07-10 08:08:00,34,636.24
12395.0,5067.27,15,3733,2010-02-08 12:37:00,2011-12-05 10:15:00,664,337.81800000000004
12396.0,931.4300000000001,1,591,2010-03-02 13:22:00,2010-03-02 13:22:00,0,931.4300000000001
12397.0,2409.9,2,1263,2011-04-11 09:52:00,2011-07-27 14:21:00,107,1204.95
12398.0,1635.6599999999999,1,1394,2011-10-25 10:27:00,2011-10-25 10:27:00,0,1635.6599999999999
12399.0,1962.3,7,2198,2010-05-03 08:45:00,2011-12-08 13:15:00,584,280.3285714285714
12400.0,205.25,1,91,2010-10-21 13:45:00,2010-10-21 13:45:00,0,205.25
12401.0,84.3,1,11,2011-09-02 13:50:00,2011-09-02 13:50:00,0,84.3
12402.0,1256.9,6,584,2010-04-18 12:04:00,2011-01-20 13:49:00,277,209.48333333333335
12403.0,1019.36,2,260,2010-06-07 11:39:00,2011-10-21 10:51:00,500,509.68
12404.0,63.24,1,1,2010-01-26 16:25:00,2010-01-26 16:25:00,0,63.24
12405.0,1710.39,1,857,2011-07-14 08:52:00,2011-07-14 08:52:00,0,1710.39
12406.0,6390.36,5,3416,2010-04-22 18:41:00,2011-11-17 19:22:00,574,1278.072
12407.0,1708.12,5,1416,2011-03-20 13:21:00,2011-10-21 10:11:00,214,341.62399999999997
12408.0,4340.77,8,2229,2010-07-29 13:27:00,2011-07-11 12:27:00,346,542.59625
12409.0,23419.29,7,13143,2010-02-07 15:10:00,2011-10-06 12:19:00,605,3345.612857142857
12410.0,1013.71,3,341,2010-07-25 13:26:00,2011-04-02 10:39:00,250,337.90333333333336
12411.0,346.9,1,138,2010-10-26 09:25:00,2010-10-26 09:25:00,0,346.9
12412.0,2596.93,6,1997,2010-02-11 17:02:00,2011-09-26 10:16:00,591,432.82166666666666
12413.0,999.45,4,319,2010-02-11 13:26:00,2011-06-01 16:12:00,475,249.8625
12414.0,952.4100000000001,6,495,2010-02-09 12:22:00,2011-06-05 14:51:00,481,158.735
12415.0,144458.37,28,91447,2010-04-11 10:57:00,2011-11-15 14:22:00,583,5159.2275
12416.0,202.56,1,132,2010-02-21 10:19:00,2010-02-21 10:19:00,0,202.56
12417.0,6447.18,19,2715,2009-06-12 10:30:00,2011-10-31 16:02:00,871,339.32526315789477
12418.0,2021.2,4,1088,2010-03-19 14:47:00,2011-08-19 11:08:00,517,505.3
12419.0,503.01,2,231,2010-10-22 10:40:00,2010-11-19 10:04:00,27,251.505
12420.0,600.39,1,345,2011-07-10 08:55:00,2011-07-10 08:55:00,0,600.39
12421.0,1098.6,6,652,2010-07-22 13:57:00,2011-11-24 09:07:00,489,183.1
12422.0,5231.8,17,2596,2009-12-18 12:44:00,2011-06-24 13:20:00,553,307.7529411764706
12423.0,2413.75,9,1590,2010-08-31 09:31:00,2011-08-31 08:55:00,364,268.19444444444446
12424.0,3340.0299999999997,4,2025,2010-09-06 15:15:00,2011-06-30 12:06:00,296,835.0074999999999
12425.0,1741.41,2,1147,2010-09-17 14:10:00,2011-09-22 17:31:00,370,870.705
12426.0,1345.21,2,584,2010-02-15 08:41:00,2011-05-29 12:26:00,468,672.605
12427.0,1129.3,3,612,2010-03-12 10:44:00,2011-11-18 08:56:00,615,376.43333333333334
12428.0,7956.46,9,3536,2011-01-03 09:33:00,2011-11-14 08:22:00,314,884.0511111111111
12429.0,7485.91,8,3344,2010-09-12 12:05:00,2011-11-30 17:22:00,444,935.73875
12430.0,256.4,1,117,2011-10-27 15:09:00,2011-10-27 15:09:00,0,256.4
12431.0,10857.970000000001,27,4717,2010-01-12 10:03:00,2011-12-08 14:19:00,695,402.1470370370371
12432.0,5059.32,5,1801,2011-06-20 13:27:00,2011-10-28 11:43:00,129,1011.8639999999999
12433.0,17942.57,8,14889,2010-01-12 13:24:00,2011-11-30 14:05:00,687,2242.82125
12434.0,1103.43,3,532,2010-11-23 13:38:00,2011-09-16 12:38:00,296,367.81
12435.0,13925.93,6,4958,2009-02-12 13:58:00,2011-09-21 09:06:00,950,2320.9883333333332
12436.0,509.01,1,211,2011-01-09 12:09:00,2011-01-09 12:09:00,0,509.01
12437.0,12517.5,38,7979,2009-02-12 16:24:00,2011-12-01 14:13:00,1021,329.4078947368421
12438.0,2906.85,2,1180,2011-07-22 13:29:00,2011-11-25 13:28:00,125,1453.425
12439.0,1158.18,2,484,2009-12-14 08:40:00,2010-01-26 12:11:00,43,579.09
12440.0,859.2,2,331,2009-12-22 12:03:00,2010-03-09 13:11:00,77,429.6
12441.0,347.1,1,242,2010-08-12 10:45:00,2010-08-12 10:45:00,0,347.1
12443.0,485.31,1,182,2009-07-12 15:42:00,2009-07-12 15:42:00,0,485.31
12444.0,5005.46,5,1153,2011-06-21 14:00:00,2011-12-10 12:08:00,171,1001.092
12445.0,434.98,2,206,2010-10-15 12:28:00,2011-11-17 18:43:00,398,217.49
12446.0,1002.3100000000001,1,351,2011-10-13 12:50:00,2011-10-13 12:50:00,0,1002.3100000000001
12447.0,476.49,1,190,2011-10-04 13:25:00,2011-10-04 13:25:00,0,476.49
12448.0,449.45,1,243,2011-10-26 13:46:00,2011-10-26 13:46:00,0,449.45
12449.0,4835.89,6,2282,2010-09-27 09:37:00,2011-11-17 13:46:00,416,805.9816666666667
12450.0,688.2,5,442,2010-05-11 16:27:00,2011-06-19 14:36:00,403,137.64000000000001
12451.0,12669.88,8,9359,2010-02-09 15:35:00,2011-11-29 08:40:00,657,1583.735
12452.0,430.57000000000005,2,185,2011-11-23 08:05:00,2011-11-23 10:28:00,0,215.28500000000003
12453.0,707.09,1,473,2011-07-28 14:08:00,2011-07-28 14:08:00,0,707.09
12454.0,16679.78,5,7703,2010-09-11 10:09:00,2011-10-14 17:13:00,398,3335.9559999999997
12455.0,5879.95,10,3302,2009-12-18 12:33:00,2011-09-27 15:31:00,648,587.995
12456.0,3181.04,3,1633,2011-03-30 09:12:00,2011-10-26 14:41:00,210,1060.3466666666666
12457.0,2995.91,8,1094,2010-09-30 17:59:00,2011-09-19 09:04:00,353,374.48875
12458.0,1777.49,4,986,2010-08-10 11:36:00,2011-09-29 15:25:00,415,444.3725
12459.0,454.36,1,258,2010-04-13 14:53:00,2010-04-13 14:53:00,0,454.36
12460.0,326.65,1,170,2010-09-09 13:51:00,2010-09-09 13:51:00,0,326.65
12461.0,826.88,2,287,2011-06-09 16:57:00,2011-08-07 10:23:00,58,413.44
12462.0,1189.59,2,536,2011-09-02 14:44:00,2011-11-21 09:11:00,79,594.795
12463.0,1344.78,4,776,2011-05-17 10:02:00,2011-12-04 12:47:00,201,336.195
12464.0,1212.05,8,112,2011-02-28 12:08:00,2011-11-29 13:33:00,274,151.50625
12465.0,742.19,2,479,2011-06-23 13:37:00,2011-11-22 16:34:00,152,371.095
12466.0,56.73,1,1,2010-01-26 16:26:00,2010-01-26 16:26:00,0,56.73
12467.0,132.8,1,129,2010-12-10 15:41:00,2010-12-10 15:41:00,0,132.8
12468.0,3670.7400000000002,5,2201,2010-01-07 10:28:00,2011-05-06 11:36:00,484,734.148
12469.0,3070.54,2,2552,2010-05-07 12:40:00,2010-06-21 10:30:00,44,1535.27
12470.0,211.95,1,95,2010-01-19 11:01:00,2010-01-19 11:01:00,0,211.95
12471.0,37725.28,78,15992,2009-07-12 10:41:00,2011-11-29 13:01:00,870,483.6574358974359
12472.0,17880.59,19,11350,2009-12-14 10:49:00,2011-10-19 11:49:00,674,941.0836842105264
12473.0,3938.55,5,2439,2011-01-06 10:15:00,2011-10-17 11:27:00,284,787.71
12474.0,12424.45,31,7954,2010-04-10 11:16:00,2011-12-07 10:25:00,605,400.7887096774194
12475.0,1149.64,2,771,2010-10-26 08:49:00,2011-10-17 10:10:00,356,574.82
12476.0,14115.41,23,5645,2010-02-11 11:33:00,2011-11-24 12:40:00,651,613.7134782608696
12477.0,20276.37,9,6119,2010-02-07 08:26:00,2011-11-17 09:51:00,648,2252.93
12479.0,527.2,1,385,2011-11-28 13:26:00,2011-11-28 13:26:00,0,527.2
12480.0,5464.85,7,2952,2010-05-11 15:08:00,2011-11-11 14:52:00,548,780.6928571428572
12481.0,12361.39,15,7253,2010-09-12 10:13:00,2011-11-17 08:29:00,430,824.0926666666667
12482.0,23691.4,29,27042,2010-02-24 10:24:00,2010-12-05 16:51:00,284,816.944827586207
12483.0,5120.58,19,2172,2010-01-31 13:28:00,2011-11-22 17:02:00,660,269.5042105263158
12484.0,6370.15,12,3271,2010-01-27 16:41:00,2011-08-31 09:44:00,580,530.8458333333333
12485.0,708.1,1,414,2010-06-28 15:22:00,2010-06-28 15:22:00,0,708.1
12486.0,1037.28,1,523,2010-04-10 12:14:00,2010-04-10 12:14:00,0,1037.28
12487.0,285.3,1,174,2009-09-12 11:36:00,2009-09-12 11:36:00,0,285.3
12488.0,1298.66,3,529,2011-09-25 10:34:00,2011-11-30 08:50:00,65,432.8866666666667
12489.0,334.93,1,105,2011-07-01 13:13:00,2011-07-01 13:13:00,0,334.93
12490.0,9361.34,20,5651,2009-01-12 12:52:00,2011-11-22 11:19:00,1043,468.067
12491.0,460.40000000000003,1,260,2011-01-11 12:18:00,2011-01-11 12:18:00,0,460.40000000000003
12492.0,715.21,3,444,2010-01-11 14:58:00,2011-08-26 14:51:00,591,238.40333333333334
12493.0,433.74,2,207,2011-05-26 14:53:00,2011-06-27 10:17:00,31,216.87
12494.0,1872.8700000000001,9,988,2010-09-12 11:31:00,2011-11-24 09:34:00,437,208.0966666666667
12495.0,357.4,1,130,2010-09-03 10:53:00,2010-09-03 10:53:00,0,357.4
12496.0,54.09,2,33,2010-03-29 13:57:00,2010-03-29 14:06:00,0,27.045
12497.0,6248.5,3,5685,2010-04-11 12:31:00,2011-09-19 12:29:00,525,2082.8333333333335
12498.0,403.70000000000005,3,159,2011-10-13 09:30:00,2011-11-18 12:53:00,36,134.5666666666667
12499.0,393.72,1,302,2010-05-28 15:12:00,2010-05-28 15:12:00,0,393.72
12500.0,5955.21,19,3377,2010-02-25 16:21:00,2011-11-16 16:20:00,628,313.4321052631579
12501.0,2169.39,1,1783,2011-07-01 12:28:00,2011-07-01 12:28:00,0,2169.39
12502.0,3723.87,5,820,2011-03-02 10:41:00,2011-06-05 08:19:00,94,744.774
12503.0,1126.0,1,561,2010-04-05 13:59:00,2010-04-05 13:59:00,0,1126.0
12504.0,779.05,4,458,2010-04-22 10:24:00,2011-11-21 16:02:00,578,194.7625
12505.0,955.2,1,324,2010-10-27 09:18:00,2010-10-27 09:18:00,0,955.2
12506.0,73.5,1,23,2011-04-21 08:54:00,2011-04-21 08:54:00,0,73.5
12507.0,1844.06,4,1256,2010-04-05 09:23:00,2011-07-28 17:09:00,479,461.015
12508.0,398.27,2,272,2011-10-11 16:27:00,2011-11-13 15:37:00,32,199.135
12509.0,176.5,1,55,2011-02-28 14:45:00,2011-02-28 14:45:00,0,176.5
12510.0,5178.02,9,2049,2009-04-12 13:47:00,2011-07-20 10:15:00,828,575.3355555555556
12511.0,3084.02,1,1753,2010-07-10 10:39:00,2010-07-10 10:39:00,0,3084.02
12512.0,138.03,2,99,2011-04-10 14:53:00,2011-04-10 14:55:00,0,69.015
12513.0,612.29,1,462,2011-08-19 10:51:00,2011-08-19 10:51:00,0,612.29
12514.0,1597.76,2,840,2010-08-03 12:18:00,2011-03-17 16:38:00,226,798.88
12515.0,383.7,1,131,2010-12-21 15:43:00,2010-12-21 15:43:00,0,383.7
12516.0,2648.62,4,1952,2010-04-19 14:14:00,2011-12-06 11:37:00,595,662.155
12517.0,2502.84,5,1371,2011-02-06 15:13:00,2011-11-11 14:04:00,277,500.56800000000004
12518.0,1717.75,4,1130,2011-08-21 13:18:00,2011-12-10 10:36:00,110,429.4375
12519.0,726.54,2,395,2010-08-20 08:21:00,2011-07-10 09:26:00,324,363.27
12520.0,2634.26,5,1439,2011-03-25 08:50:00,2011-11-03 11:35:00,223,526.8520000000001
12521.0,599.68,1,309,2011-07-20 10:51:00,2011-07-20 10:51:00,0,599.68
12522.0,192.72,2,194,2011-10-19 14:41:00,2011-10-31 15:30:00,12,96.36
12523.0,4372.15,23,2275,2009-07-12 13:46:00,2011-12-01 09:43:00,871,190.09347826086955
12524.0,11126.11,17,7178,2010-03-24 11:49:00,2011-11-30 15:31:00,616,654.4770588235294
12525.0,973.73,3,509,2010-01-06 09:42:00,2010-07-29 16:08:00,204,324.57666666666665
12526.0,1039.58,2,544,2011-06-09 14:19:00,2011-10-17 09:37:00,129,519.79
12527.0,735.51,5,526,2010-02-08 12:23:00,2011-09-19 11:55:00,587,147.102
12528.0,1933.48,6,756,2011-01-31 09:05:00,2011-11-30 14:40:00,303,322.24666666666667
12529.0,316.48,1,192,2010-06-29 13:10:00,2010-06-29 13:10:00,0,316.48
12530.0,3759.26,9,2713,2010-04-21 11:51:00,2011-11-10 12:34:00,568,417.6955555555556
12531.0,1933.2,2,1119,2010-01-22 14:17:00,2011-11-25 11:12:00,671,966.6
12532.0,349.83000000000004,1,153,2011-09-11 13:47:00,2011-09-11 13:47:00,0,349.83000000000004
12533.0,1367.89,2,704,2009-01-12 11:50:00,2010-03-22 10:56:00,433,683.945
12534.0,1089.18,1,651,2011-01-08 10:26:00,2011-01-08 10:26:00,0,1089.18
12535.0,716.35,2,219,2011-06-06 12:47:00,2011-09-09 08:48:00,94,358.175
12536.0,12601.830000000002,3,2803,2011-10-27 14:13:00,2011-11-10 14:52:00,14,4200.610000000001
12537.0,732.94,1,449,2010-10-27 08:36:00,2010-10-27 08:36:00,0,732.94
12538.0,640.45,2,336,2010-11-26 13:02:00,2011-10-11 17:16:00,319,320.225
12539.0,11214.75,7,4535,2009-12-23 13:00:00,2011-11-17 13:30:00,694,1602.107142857143
12540.0,22254.49,33,11019,2009-07-12 16:56:00,2011-11-20 11:31:00,860,674.3784848484848
12541.0,981.18,3,680,2011-04-03 09:32:00,2011-10-11 10:40:00,191,327.06
12542.0,481.88,2,522,2010-09-03 16:26:00,2010-12-08 19:12:00,96,240.94
12543.0,980.25,1,688,2010-09-17 15:51:00,2010-09-17 15:51:00,0,980.25
12544.0,372.7,1,136,2011-03-11 16:15:00,2011-03-11 16:15:00,0,372.7
12545.0,1000.39,2,523,2011-03-25 12:04:00,2011-09-25 13:39:00,184,500.195
12546.0,1161.5,2,633,2011-09-23 09:44:00,2011-10-24 12:09:00,31,580.75
12547.0,383.58,3,309,2010-07-27 13:55:00,2011-05-26 12:38:00,302,127.86
12548.0,95.19999999999999,1,49,2011-06-26 15:35:00,2011-06-26 15:35:00,0,95.19999999999999
12549.0,1575.68,6,1366,2010-01-27 10:35:00,2010-12-01 15:01:00,308,262.61333333333334
12550.0,964.83,1,569,2011-09-21 14:35:00,2011-09-21 14:35:00,0,964.83
12551.0,168.0,1,100,2010-12-17 11:23:00,2010-12-17 11:23:00,0,168.0
12552.0,437.82,2,88,2011-01-11 10:02:00,2011-10-31 12:11:00,293,218.91
12553.0,4608.75,12,2325,2010-11-19 12:18:00,2011-12-10 14:18:00,386,384.0625
12554.0,468.5,1,240,2010-09-17 12:29:00,2010-09-17 12:29:00,0,468.5
12555.0,129.23,1,1,2010-01-26 16:26:00,2010-01-26 16:26:00,0,129.23
12556.0,603.71,2,358,2011-10-20 13:06:00,2011-11-07 13:35:00,18,301.855
12557.0,18716.14,8,6782,2009-12-17 10:39:00,2011-11-23 16:59:00,706,2339.5175
12558.0,269.96,1,196,2011-02-12 10:41:00,2011-02-12 10:41:00,0,269.96
12559.0,561.71,2,283,2011-01-24 10:12:00,2011-02-02 09:49:00,8,280.855
12560.0,1436.31,2,820,2011-07-19 15:55:00,2011-08-19 15:22:00,30,718.155
12561.0,238.85,1,177,2011-10-02 11:39:00,2011-10-02 11:39:00,0,238.85
12562.0,4966.92,9,2327,2010-09-30 13:13:00,2011-11-17 11:34:00,412,551.88
12563.0,249.24,1,113,2010-10-27 09:52:00,2010-10-27 09:52:00,0,249.24
12564.0,456.90000000000003,1,133,2011-03-23 14:55:00,2011-03-23 14:55:00,0,456.90000000000003
12565.0,145.92000000000002,1,80,2011-02-24 10:34:00,2011-02-24 10:34:00,0,145.92000000000002
12566.0,351.65,1,265,2011-09-14 14:30:00,2011-09-14 14:30:00,0,351.65
12567.0,13709.86,15,6086,2010-05-12 11:57:00,2011-11-17 11:02:00,553,913.9906666666667
12568.0,70.0,1,48,2010-05-03 09:15:00,2010-05-03 09:15:00,0,70.0
12569.0,3704.86,28,1598,2011-01-04 13:47:00,2011-12-10 11:49:00,339,132.3164285714286
12570.0,77.52,1,1,2010-01-26 17:28:00,2010-01-26 17:28:00,0,77.52
12571.0,519.61,2,523,2011-10-08 12:35:00,2011-10-31 10:19:00,22,259.805
12572.0,1020.4200000000001,2,452,2011-01-12 09:20:00,2011-10-19 08:20:00,279,510.21000000000004
12573.0,717.41,5,479,2010-08-31 17:25:00,2011-04-26 15:52:00,237,143.482
12574.0,218.45000000000002,1,61,2011-01-28 09:20:00,2011-01-28 09:20:00,0,218.45000000000002
12575.0,622.82,2,315,2010-01-07 09:15:00,2010-08-09 13:09:00,214,311.41
12576.0,2142.7200000000003,8,1494,2010-01-07 13:46:00,2011-08-02 11:31:00,571,267.84000000000003
12577.0,1653.75,8,1197,2009-03-12 19:31:00,2011-04-11 13:24:00,759,206.71875
12578.0,4642.45,4,2380,2010-09-22 11:19:00,2011-11-18 13:30:00,422,1160.6125
12579.0,440.42,1,285,2011-09-22 17:15:00,2011-09-22 17:15:00,0,440.42
12580.0,1052.9,2,569,2010-12-05 11:45:00,2011-07-04 10:24:00,210,526.45
12581.0,197.71,1,161,2011-10-31 08:56:00,2011-10-31 08:56:00,0,197.71
12582.0,1980.4,4,985,2010-10-13 10:52:00,2011-04-15 08:45:00,183,495.1
12583.0,13752.67,26,8672,2009-06-12 11:57:00,2011-12-10 14:46:00,911,528.9488461538461
12584.0,2137.7,8,371,2011-04-03 15:15:00,2011-11-22 08:34:00,232,267.2125
12585.0,2040.1,2,1279,2010-12-23 12:58:00,2011-04-19 13:39:00,117,1020.05
12586.0,2062.67,4,687,2009-12-16 13:15:00,2011-11-22 16:24:00,706,515.6675
12587.0,144.0,1,51,2011-02-12 12:47:00,2011-02-12 12:47:00,0,144.0
12588.0,958.78,4,438,2010-04-21 12:22:00,2011-10-31 15:01:00,558,239.695
12589.0,4695.66,8,1764,2010-01-19 12:26:00,2011-11-11 10:19:00,660,586.9575
12590.0,9864.26,2,4283,2011-12-05 14:46:00,2011-12-05 14:52:00,0,4932.13
12591.0,1352.15,3,677,2010-10-27 10:42:00,2011-01-26 14:35:00,91,450.7166666666667
12592.0,2582.66,5,1875,2010-08-07 14:06:00,2011-10-05 13:44:00,423,516.5319999999999
12593.0,418.1,3,206,2011-02-08 09:55:00,2011-08-23 12:43:00,196,139.36666666666667
12594.0,5090.110000000001,15,2768,2010-03-03 13:51:00,2011-10-24 12:44:00,599,339.3406666666667
12595.0,299.02,1,271,2010-07-23 09:10:00,2010-07-23 09:10:00,0,299.02
12596.0,618.27,2,474,2011-10-19 13:02:00,2011-11-04 13:22:00,16,309.135
12597.0,3811.22,4,2236,2011-03-16 14:00:00,2011-11-20 13:33:00,248,952.805
12598.0,4534.09,11,2906,2010-01-03 09:58:00,2011-11-30 12:18:00,696,412.19
12599.0,2296.72,13,2189,2010-07-11 13:14:00,2011-11-07 15:22:00,484,176.67076923076922
12600.0,5043.92,21,1414,2009-07-12 13:37:00,2011-11-11 10:29:00,851,240.18666666666667
12601.0,681.26,6,290,2010-10-31 10:57:00,2011-11-01 10:38:00,365,113.54333333333334
12602.0,153.12,1,162,2011-12-10 11:22:00,2011-12-10 11:22:00,0,153.12
12603.0,739.1999999999999,1,63,2011-11-18 10:42:00,2011-11-18 10:42:00,0,739.1999999999999
12604.0,254.18,2,201,2011-03-23 12:06:00,2011-09-21 14:08:00,182,127.09
12605.0,1232.95,4,929,2010-07-09 14:21:00,2010-12-10 16:51:00,154,308.2375
12606.0,21.0,1,1,2010-01-26 16:23:00,2010-01-26 16:23:00,0,21.0
12607.0,1579.51,1,1228,2011-10-10 16:06:00,2011-10-10 16:06:00,0,1579.51
12608.0,415.79,1,323,2010-10-31 10:49:00,2010-10-31 10:49:00,0,415.79
12609.0,3435.86,9,1553,2009-12-20 13:30:00,2011-09-22 16:34:00,641,381.76222222222225
12610.0,2099.54,5,1049,2011-05-08 13:52:00,2011-11-17 09:34:00,192,419.908
12611.0,1193.32,1,846,2011-10-18 13:12:00,2011-10-18 13:12:00,0,1193.32
12612.0,704.04,1,262,2011-09-26 15:35:00,2011-09-26 15:35:00,0,704.04
12613.0,6835.07,10,4163,2009-12-14 13:10:00,2011-10-13 14:59:00,668,683.507
12614.0,315.6,1,76,2011-07-03 10:22:00,2011-07-03 10:22:00,0,315.6
12615.0,5318.13,7,3068,2010-03-18 14:09:00,2011-09-29 10:23:00,559,759.7328571428571
12616.0,1131.1,3,498,2010-11-16 11:38:00,2011-05-09 15:17:00,174,377.0333333333333
12617.0,355.53000000000003,1,213,2011-10-11 14:39:00,2011-10-11 14:39:00,0,355.53000000000003
12618.0,177.31,1,96,2011-11-18 11:10:00,2011-11-18 11:10:00,0,177.31
12619.0,3781.38,10,3518,2010-05-28 12:52:00,2011-11-23 14:52:00,544,378.13800000000003
12620.0,1339.41,3,1181,2011-05-19 12:10:00,2011-11-25 10:20:00,189,446.47
12621.0,23587.61,34,12941,2010-02-08 12:24:00,2011-12-05 09:41:00,664,693.7532352941176
12622.0,180.1,1,69,2011-04-21 16:39:00,2011-04-21 16:39:00,0,180.1
12623.0,3747.84,7,1971,2010-02-03 09:25:00,2011-08-03 13:50:00,546,535.4057142857143
12624.0,641.13,2,355,2011-06-15 12:34:00,2011-08-25 15:04:00,71,320.565
12625.0,5164.88,4,3309,2010-04-22 11:33:00,2011-12-05 09:54:00,591,1291.22
12626.0,6620.4800000000005,9,3453,2011-01-17 11:01:00,2011-11-16 16:06:00,303,735.6088888888889
12627.0,4478.53,7,2752,2011-02-08 09:29:00,2011-11-29 12:07:00,294,639.79
12628.0,571.21,2,301,2011-06-10 09:28:00,2011-06-11 14:26:00,1,285.605
12629.0,1558.22,2,722,2010-11-19 09:18:00,2010-12-10 16:40:00,21,779.11
12630.0,1270.88,2,548,2011-10-27 10:41:00,2011-11-30 10:48:00,34,635.44
12631.0,3481.57,6,1607,2010-01-15 14:50:00,2011-10-13 13:53:00,635,580.2616666666667
12632.0,804.88,2,694,2010-05-24 09:07:00,2010-07-07 09:39:00,44,402.44
12633.0,5678.16,7,3238,2010-02-07 11:44:00,2011-12-10 11:40:00,670,811.1657142857142
12634.0,490.0,2,337,2010-06-22 10:05:00,2010-09-06 15:41:00,76,245.0
12635.0,2930.41,4,1949,2010-09-09 10:50:00,2011-11-09 11:04:00,426,732.6025
12636.0,141.0,1,1,2009-01-12 09:55:00,2009-01-12 09:55:00,0,141.0
12637.0,8340.31,12,4284,2010-06-14 13:36:00,2011-09-09 11:48:00,451,695.0258333333333
12638.0,921.49,2,663,2010-10-03 10:30:00,2011-06-11 13:11:00,251,460.745
12639.0,1312.3700000000001,3,631,2010-01-10 12:17:00,2011-04-15 12:48:00,460,437.4566666666667
12640.0,1174.58,3,311,2011-09-19 12:01:00,2011-11-16 11:52:00,57,391.52666666666664
12641.0,185.9,1,72,2011-08-16 13:26:00,2011-08-16 13:26:00,0,185.9
12642.0,1013.26,3,552,2011-08-24 09:23:00,2011-11-14 15:03:00,82,337.75333333333333
12643.0,8350.42,12,4785,2010-03-06 19:57:00,2011-11-01 11:48:00,604,695.8683333333333
12644.0,1918.49,4,1032,2010-01-14 13:02:00,2011-02-08 10:33:00,389,479.6225
12645.0,3539.3,8,2125,2010-01-09 09:25:00,2011-08-22 12:40:00,590,442.4125
12646.0,731.69,1,489,2011-10-21 12:52:00,2011-10-21 12:52:00,0,731.69
12647.0,17924.35,36,6878,2010-01-02 11:44:00,2011-11-17 12:56:00,684,497.89861111111105
12648.0,1112.0,4,518,2010-07-01 18:38:00,2011-08-07 11:55:00,401,278.0
12649.0,2294.65,8,1959,2010-01-15 13:14:00,2011-11-05 14:37:00,659,286.83125
12651.0,377.75,4,265,2010-08-31 15:21:00,2011-09-01 12:46:00,365,94.4375
12652.0,1017.0300000000001,2,536,2010-01-10 15:16:00,2011-12-01 15:00:00,689,508.51500000000004
12653.0,4160.83,3,1681,2010-01-07 09:56:00,2011-07-14 10:41:00,553,1386.9433333333334
12654.0,601.98,5,264,2011-02-11 14:57:00,2011-11-29 10:10:00,290,120.396
12655.0,261.35,1,80,2010-12-10 09:17:00,2010-12-10 09:17:00,0,261.35
12656.0,6407.83,8,2860,2010-05-26 09:00:00,2011-11-22 13:42:00,545,800.97875
12657.0,1643.18,4,1044,2011-09-22 11:40:00,2011-11-28 15:47:00,67,410.795
12658.0,686.05,1,320,2011-11-21 10:22:00,2011-11-21 10:22:00,0,686.05
12659.0,91.68,1,105,2011-10-11 11:53:00,2011-10-11 11:53:00,0,91.68
12660.0,245.10000000000002,1,127,2011-11-28 13:26:00,2011-11-28 13:26:00,0,245.10000000000002
12661.0,162.0,1,216,2010-09-29 16:46:00,2010-09-29 16:46:00,0,162.0
12662.0,6763.070000000001,19,3485,2010-01-04 09:50:00,2011-11-16 17:26:00,681,355.951052631579
12663.0,239.4,2,181,2010-03-25 09:40:00,2010-09-02 14:28:00,161,119.7
12664.0,6070.04,11,1495,2009-12-13 10:28:00,2011-12-10 11:43:00,727,551.8218181818182
12665.0,313.6,3,165,2010-08-02 15:11:00,2011-01-19 08:34:00,169,104.53333333333335
12666.0,1248.42,1,370,2010-10-11 16:40:00,2010-10-11 16:40:00,0,1248.42
12667.0,620.13,1,395,2011-12-10 17:00:00,2011-12-10 17:00:00,0,620.13
12668.0,11444.68,10,5076,2010-01-31 15:45:00,2011-11-28 10:56:00,665,1144.468
12669.0,2744.0299999999997,3,1115,2011-03-28 10:15:00,2011-12-07 09:54:00,253,914.6766666666666
12670.0,3760.29,7,1627,2010-11-02 10:13:00,2011-11-29 15:23:00,392,537.1842857142857
12671.0,2622.481,1,1460,2010-12-04 16:30:00,2010-12-04 16:30:00,0,2622.481
12672.0,437.05,2,138,2010-04-23 09:57:00,2011-01-14 09:20:00,265,218.525
12673.0,840.4,2,520,2010-03-11 10:46:00,2011-01-17 11:46:00,312,420.2
12674.0,1970.6,4,1133,2011-01-11 12:12:00,2011-09-09 10:51:00,240,492.65
12675.0,958.5,2,337,2010-04-06 09:49:00,2010-10-05 16:44:00,182,479.25
12676.0,2843.09,11,1867,2010-08-13 13:29:00,2011-11-15 12:25:00,458,258.4627272727273
12677.0,395.1,2,176,2010-02-06 14:30:00,2010-11-02 13:55:00,268,197.55
12678.0,34281.18,21,22372,2010-02-09 09:14:00,2011-10-28 13:04:00,626,1632.4371428571428
12679.0,1113.02,4,554,2011-01-03 12:26:00,2011-12-10 12:30:00,341,278.255
12680.0,613.36,3,338,2011-08-18 15:44:00,2011-11-09 12:27:00,82,204.45333333333335
12681.0,30868.28,45,17596,2009-12-13 13:31:00,2011-11-25 11:33:00,711,685.9617777777778
12682.0,23397.28,51,10715,2009-01-12 09:28:00,2011-12-08 15:22:00,1060,458.77019607843135
12683.0,11899.3,19,7206,2009-12-13 15:01:00,2011-12-05 11:50:00,721,626.278947368421
12684.0,2283.63,7,1985,2011-02-12 09:53:00,2011-11-15 10:50:00,276,326.23285714285714
12685.0,2863.08,6,1523,2011-07-09 10:28:00,2011-11-11 13:46:00,125,477.18
12686.0,178.28,1,214,2010-03-12 09:51:00,2010-03-12 09:51:00,0,178.28
12687.0,2138.91,2,1403,2010-08-16 12:10:00,2010-08-16 12:12:00,0,1069.455
12688.0,4873.81,1,3028,2011-08-18 08:49:00,2011-08-18 08:49:00,0,4873.81
12689.0,1247.6100000000001,2,628,2011-04-08 10:04:00,2011-11-14 08:31:00,219,623.8050000000001
12690.0,389.01,1,106,2011-05-18 09:09:00,2011-05-18 09:09:00,0,389.01
12691.0,1170.4,7,445,2010-10-15 12:00:00,2011-12-10 12:54:00,421,167.20000000000002
12692.0,110.95,1,36,2010-12-03 14:02:00,2010-12-03 14:02:00,0,110.95
12693.0,1703.02,7,536,2010-05-07 13:56:00,2011-12-05 08:52:00,576,243.28857142857143
12694.0,1843.35,3,1355,2010-10-14 19:39:00,2011-09-30 13:06:00,350,614.4499999999999
12695.0,1407.1200000000001,7,454,2010-04-28 14:59:00,2011-08-24 12:58:00,482,201.0171428571429
12696.0,851.91,2,564,2010-01-10 10:43:00,2010-07-19 10:02:00,189,425.955
12697.0,957.59,3,508,2011-06-23 15:44:00,2011-11-11 08:47:00,140,319.19666666666666
12698.0,339.75,1,111,2010-04-28 15:51:00,2010-04-28 15:51:00,0,339.75
12699.0,638.11,1,373,2010-10-18 12:07:00,2010-10-18 12:07:00,0,638.11
12700.0,4939.99,4,2967,2011-02-12 10:47:00,2011-08-05 16:10:00,174,1234.9975
12701.0,2446.41,6,1727,2010-01-06 10:42:00,2011-11-04 13:02:00,667,407.73499999999996
12702.0,219.0,1,53,2011-11-20 10:36:00,2011-11-20 10:36:00,0,219.0
12703.0,1006.53,4,595,2010-01-24 12:05:00,2011-09-29 17:52:00,613,251.6325
12704.0,2340.84,8,1006,2011-02-12 13:15:00,2011-11-17 14:51:00,278,292.605
12705.0,11762.1,14,7188,2010-06-24 09:51:00,2011-11-24 13:17:00,518,840.15
12707.0,603.42,1,256,2011-02-21 08:38:00,2011-02-21 08:38:00,0,603.42
12708.0,5314.1,18,2521,2009-12-18 10:25:00,2011-10-11 09:52:00,661,295.2277777777778
12709.0,31093.34,34,13983,2009-09-12 13:49:00,2011-12-10 12:01:00,818,914.51
12710.0,1149.02,3,851,2011-01-07 13:22:00,2011-05-22 14:05:00,135,383.00666666666666
12711.0,1339.05,2,770,2010-01-02 11:30:00,2010-07-04 11:59:00,183,669.525
12712.0,7193.66,21,2349,2009-09-12 10:46:00,2011-12-01 11:46:00,810,342.5552380952381
12714.0,14093.710000000001,12,8774,2009-04-12 10:00:00,2011-11-30 15:43:00,962,1174.4758333333334
12715.0,353.86,1,197,2011-08-25 15:22:00,2011-08-25 15:22:00,0,353.86
12716.0,677.9,1,503,2011-07-29 13:28:00,2011-07-29 13:28:00,0,677.9
12717.0,1308.91,3,600,2010-04-28 14:34:00,2011-11-07 14:47:00,558,436.30333333333334
12718.0,238.25,1,203,2011-09-29 16:38:00,2011-09-29 16:38:00,0,238.25
12719.0,283.6,1,162,2011-05-10 14:50:00,2011-05-10 14:50:00,0,283.6
12720.0,7878.2,29,6149,2010-05-12 15:21:00,2011-12-07 13:32:00,573,271.6620689655172
12721.0,4013.08,8,2655,2010-08-25 11:07:00,2011-09-21 12:26:00,392,501.635
12722.0,997.63,4,566,2011-08-14 11:16:00,2011-12-07 11:55:00,115,249.4075
12723.0,647.79,4,409,2011-05-10 15:52:00,2011-11-23 14:01:00,196,161.9475
12724.0,2109.28,6,1304,2010-06-22 14:00:00,2011-11-01 15:00:00,497,351.5466666666667
12725.0,2694.56,4,1306,2010-03-12 15:45:00,2010-10-21 10:28:00,222,673.64
12726.0,4014.6,11,4618,2010-03-25 16:25:00,2011-11-11 13:35:00,595,364.96363636363634
12727.0,5679.53,10,2832,2010-02-23 09:54:00,2011-11-29 11:46:00,644,567.953
12728.0,1070.17,5,543,2010-11-21 11:34:00,2011-11-01 13:31:00,345,214.03400000000002
12729.0,453.01,1,233,2011-08-18 11:40:00,2011-08-18 11:40:00,0,453.01
12730.0,829.25,1,234,2010-06-07 12:19:00,2010-06-07 12:19:00,0,829.25
12731.0,25775.71,17,11641,2010-02-03 09:23:00,2011-11-16 11:59:00,651,1516.2182352941177
12732.0,236.26000000000002,1,111,2011-06-13 11:33:00,2011-06-13 11:33:00,0,236.26000000000002
12733.0,2424.87,4,896,2010-01-19 13:23:00,2011-04-19 16:19:00,455,606.2175
12734.0,639.65,3,265,2010-11-30 11:05:00,2010-12-22 12:47:00,22,213.21666666666667
12735.0,779.5699999999999,2,368,2011-01-28 13:37:00,2011-06-01 14:26:00,124,389.78499999999997
12736.0,234.0,1,173,2011-11-01 07:57:00,2011-11-01 07:57:00,0,234.0
12737.0,3710.5,2,2,2010-07-29 12:27:00,2010-07-29 12:29:00,0,1855.25
12738.0,310.7,1,296,2010-02-12 18:27:00,2010-02-12 18:27:00,0,310.7
12739.0,2726.73,4,951,2010-10-11 14:27:00,2011-09-22 13:00:00,345,681.6825
12740.0,427.6,1,342,2011-07-10 10:44:00,2011-07-10 10:44:00,0,427.6
12741.0,406.07,2,214,2010-06-24 16:24:00,2010-06-28 14:36:00,3,203.035
12742.0,1201.52,1,1359,2010-03-24 12:43:00,2010-03-24 12:43:00,0,1201.52
12743.0,546.43,2,319,2011-07-28 16:06:00,2011-07-28 16:21:00,0,273.215
12744.0,25317.06,11,6994,2010-04-27 16:19:00,2011-10-19 11:18:00,539,2301.550909090909
12745.0,925.41,3,468,2010-01-26 16:22:00,2010-10-08 10:14:00,254,308.46999999999997
12746.0,254.55,1,97,2010-06-17 10:41:00,2010-06-17 10:41:00,0,254.55
12747.0,8838.04,25,2636,2009-07-12 13:23:00,2011-11-17 17:13:00,858,353.52160000000003
12748.0,55844.23,331,38641,2009-04-12 17:31:00,2011-12-05 18:58:00,967,168.71368580060425
12749.0,6134.3,8,2133,2010-05-11 13:55:00,2011-11-17 12:05:00,554,766.7875
12750.0,275.88,1,137,2011-03-08 09:13:00,2011-03-08 09:13:00,0,275.88
12751.0,268.27,1,189,2010-09-21 12:49:00,2010-09-21 12:49:00,0,268.27
12752.0,4366.78,1,2262,2011-09-19 13:32:00,2011-09-19 13:32:00,0,4366.78
12753.0,21429.39,6,11421,2010-12-12 11:44:00,2011-11-17 10:52:00,339,3571.565
12754.0,3010.74,3,6481,2011-04-02 10:31:00,2011-07-03 13:38:00,92,1003.5799999999999
12755.0,9030.66,11,3781,2010-01-15 11:57:00,2011-04-03 12:42:00,443,820.9690909090909
12756.0,112.08,1,144,2011-09-14 09:31:00,2011-09-14 09:31:00,0,112.08
12757.0,7857.1,13,2402,2011-05-23 11:26:00,2011-12-05 19:02:00,196,604.3923076923077
12758.0,9903.24,7,6155,2009-01-12 14:40:00,2011-08-15 10:22:00,944,1414.7485714285715
12759.0,5020.74,8,3202,2009-04-12 10:47:00,2011-10-18 14:49:00,919,627.5925
12760.0,347.8,1,198,2010-10-09 08:50:00,2010-10-09 08:50:00,0,347.8
12761.0,782.95,2,281,2010-01-09 10:47:00,2010-08-09 12:17:00,212,391.475
12762.0,1898.52,2,1227,2011-02-12 10:23:00,2011-11-14 14:23:00,275,949.26
12763.0,814.16,2,512,2010-05-12 15:46:00,2011-07-24 14:12:00,437,407.08
12764.0,1693.88,1,386,2011-01-27 10:19:00,2011-01-27 10:19:00,0,1693.88
12765.0,1404.58,6,1009,2010-01-07 13:14:00,2010-08-24 13:51:00,229,234.09666666666666
12766.0,9349.85,8,5179,2010-08-12 13:53:00,2011-10-13 11:50:00,426,1168.73125
12767.0,949.82,1,598,2010-11-29 09:38:00,2010-11-29 09:38:00,0,949.82
12768.0,168.69,1,102,2010-09-15 12:08:00,2010-09-15 12:08:00,0,168.69
12769.0,1143.6,1,356,2011-04-15 10:25:00,2011-04-15 10:25:00,0,1143.6
12770.0,3246.45,2,1843,2010-09-09 11:43:00,2011-05-13 09:33:00,245,1623.225
12771.0,282.3,1,104,2010-11-08 11:51:00,2010-11-08 11:51:00,0,282.3
12772.0,892.47,1,556,2011-11-10 09:19:00,2011-11-10 09:19:00,0,892.47
12773.0,124.25,1,109,2010-05-24 17:30:00,2010-05-24 17:30:00,0,124.25
12774.0,98.7,1,53,2010-06-22 10:38:00,2010-06-22 10:38:00,0,98.7
12775.0,1686.1200000000001,7,1083,2010-10-26 14:24:00,2011-11-22 16:33:00,392,240.87428571428572
12776.0,55.5,1,46,2010-10-02 12:11:00,2010-10-02 12:11:00,0,55.5
12777.0,519.45,1,458,2010-08-09 11:35:00,2010-08-09 11:35:00,0,519.45
12778.0,1775.68,9,1735,2010-04-16 09:57:00,2011-11-20 11:30:00,583,197.29777777777778
12779.0,6722.2699999999995,14,3641,2009-03-12 07:25:00,2011-05-25 12:55:00,804,480.16214285714284
12780.0,337.4,1,285,2010-04-20 09:40:00,2010-04-20 09:40:00,0,337.4
12781.0,826.74,2,671,2011-02-28 08:43:00,2011-07-10 10:37:00,132,413.37
12782.0,4365.99,10,1889,2010-08-07 13:31:00,2011-07-13 10:30:00,339,436.599
12783.0,1825.33,5,482,2011-07-11 11:57:00,2011-10-17 11:11:00,97,365.066
12784.0,1804.75,3,882,2010-06-28 13:06:00,2011-11-30 15:38:00,520,601.5833333333334
12785.0,1100.4,3,453,2009-08-12 13:56:00,2010-10-12 13:48:00,425,366.8
12786.0,728.5000000000001,1,324,2010-09-04 12:12:00,2010-09-04 12:12:00,0,728.5000000000001
12787.0,862.1800000000001,4,510,2010-10-22 14:57:00,2011-11-30 08:44:00,403,215.54500000000002
12788.0,444.90000000000003,4,194,2010-02-09 14:21:00,2010-07-25 15:39:00,166,111.22500000000001
12789.0,273.35,3,36,2010-01-15 12:06:00,2011-05-10 13:34:00,480,91.11666666666667
12790.0,591.85,2,306,2010-10-25 13:04:00,2011-05-31 14:14:00,218,295.925
12791.0,1056.1100000000001,6,450,2010-01-12 11:27:00,2010-12-11 10:53:00,332,176.01833333333335
12792.0,827.01,2,394,2010-06-23 10:49:00,2011-03-28 11:36:00,278,413.505
12793.0,1017.33,3,526,2010-03-11 13:05:00,2011-09-01 12:12:00,538,339.11
12794.0,860.41,2,592,2011-02-09 12:01:00,2011-10-17 14:54:00,250,430.205
12795.0,430.48,1,68,2011-11-21 10:27:00,2011-11-21 10:27:00,0,430.48
12796.0,381.0,1,182,2010-03-21 15:49:00,2010-03-21 15:49:00,0,381.0
12797.0,806.11,2,333,2010-09-12 10:55:00,2010-11-10 12:53:00,59,403.055
12798.0,8510.93,4,8455,2010-10-14 12:27:00,2011-11-29 15:52:00,411,2127.7325
12799.0,219.35,1,137,2010-06-28 15:57:00,2010-06-28 15:57:00,0,219.35
12800.0,584.25,3,284,2010-01-02 11:02:00,2010-08-26 14:11:00,236,194.75
12801.0,1071.82,1,505,2010-07-27 09:38:00,2010-07-27 09:38:00,0,1071.82
12802.0,2416.42,7,1972,2010-05-25 09:34:00,2011-06-06 09:36:00,377,345.20285714285717
12803.0,1092.81,1,872,2010-11-11 14:57:00,2010-11-11 14:57:00,0,1092.81
12804.0,327.02,2,271,2010-07-27 13:52:00,2010-08-31 11:58:00,34,163.51
12805.0,1434.95,4,593,2010-03-02 09:06:00,2010-11-23 12:27:00,266,358.7375
12806.0,2878.96,4,2087,2010-04-30 10:44:00,2010-09-30 13:34:00,153,719.74
12807.0,330.35,1,145,2010-11-21 14:21:00,2010-11-21 14:21:00,0,330.35
12808.0,906.1,5,375,2010-03-09 10:24:00,2011-08-06 12:21:00,515,181.22
12809.0,1755.94,3,518,2010-02-03 14:19:00,2011-06-15 10:51:00,496,585.3133333333334
12810.0,534.99,2,389,2010-01-02 09:52:00,2010-06-23 10:53:00,172,267.495
12811.0,1033.9,5,435,2010-08-10 12:20:00,2011-03-24 09:42:00,225,206.78000000000003
12812.0,229.64000000000001,1,164,2011-10-26 09:54:00,2011-10-26 09:54:00,0,229.64000000000001
12813.0,1687.8,3,1141,2010-01-15 16:52:00,2010-10-05 14:19:00,262,562.6
12814.0,125.92,1,49,2011-08-30 12:11:00,2011-08-30 12:11:00,0,125.92
12815.0,1063.46,2,379,2011-05-25 13:34:00,2011-07-15 10:21:00,50,531.73
12816.0,572.2,2,128,2011-05-09 12:41:00,2011-06-16 13:24:00,38,286.1
12817.0,690.98,3,219,2010-01-10 08:57:00,2011-03-03 16:28:00,417,230.32666666666668
12818.0,1542.08,1,929,2011-03-23 12:06:00,2011-03-23 12:06:00,0,1542.08
12819.0,540.52,1,344,2010-07-09 15:20:00,2010-07-09 15:20:00,0,540.52
12820.0,2479.17,10,1849,2009-05-12 13:37:00,2011-10-26 13:27:00,896,247.917
12821.0,220.8,2,162,2010-07-04 15:14:00,2011-09-05 15:51:00,428,110.4
12822.0,948.88,2,550,2011-09-13 13:46:00,2011-09-30 10:04:00,16,474.44
12823.0,6501.5,18,930,2010-01-07 12:48:00,2011-09-26 07:35:00,626,361.19444444444446
12824.0,397.12,1,232,2011-11-10 12:49:00,2011-11-10 12:49:00,0,397.12
12825.0,518.63,2,139,2010-06-07 13:56:00,2010-08-03 10:17:00,56,259.315
12826.0,2813.15,11,1932,2009-12-18 10:43:00,2011-10-11 15:37:00,662,255.7409090909091
12827.0,430.15,3,197,2011-04-12 12:17:00,2011-10-26 15:44:00,197,143.38333333333333
12828.0,935.09,5,427,2011-01-08 16:16:00,2011-08-19 09:23:00,222,187.018
12829.0,385.3,3,550,2010-07-06 15:04:00,2011-07-01 11:13:00,359,128.43333333333334
12830.0,6814.64,6,9848,2011-02-11 11:54:00,2011-09-09 15:02:00,210,1135.7733333333333
12831.0,451.11,3,303,2010-02-09 15:58:00,2011-03-22 13:02:00,405,150.37
12832.0,383.03000000000003,2,195,2011-02-09 13:48:00,2011-07-11 13:30:00,151,191.51500000000001
12833.0,417.38,1,156,2011-07-17 13:46:00,2011-07-17 13:46:00,0,417.38
12834.0,312.38,1,110,2011-02-03 09:49:00,2011-02-03 09:49:00,0,312.38
12835.0,6043.31,41,2357,2009-03-12 12:13:00,2010-12-08 13:24:00,636,147.3978048780488
12836.0,6585.62,15,2236,2009-01-12 14:19:00,2011-11-10 15:10:00,1032,439.04133333333334
12837.0,688.41,2,209,2010-05-19 15:10:00,2011-06-19 16:07:00,396,344.205
12838.0,3398.48,10,1845,2010-01-09 13:06:00,2011-06-11 12:20:00,517,339.848
12839.0,9319.34,25,6362,2009-07-12 09:18:00,2011-11-28 12:33:00,869,372.7736
12840.0,4041.9700000000003,7,2258,2010-03-02 14:51:00,2011-10-06 10:29:00,582,577.4242857142857
12841.0,7389.67,38,5263,2010-01-09 11:49:00,2011-12-06 12:20:00,696,194.465
12842.0,1917.99,4,887,2009-02-12 08:15:00,2011-09-30 15:33:00,960,479.4975
12843.0,6588.41,30,3031,2009-12-13 11:41:00,2011-10-05 11:04:00,660,219.61366666666666
12844.0,648.6,4,223,2010-04-25 11:51:00,2011-10-11 13:31:00,534,162.15
12845.0,354.09000000000003,4,204,2011-02-22 14:10:00,2011-03-17 13:34:00,22,88.52250000000001
12846.0,15.58,1,1,2010-01-26 16:29:00,2010-01-26 16:29:00,0,15.58
12847.0,1636.8999999999999,2,1533,2010-11-17 12:44:00,2011-11-17 13:16:00,365,818.4499999999999
12848.0,208.0,1,58,2010-02-02 12:45:00,2010-02-02 12:45:00,0,208.0
12849.0,3090.56,6,1882,2010-04-10 14:10:00,2011-08-11 13:41:00,487,515.0933333333334
12850.0,330.0,1,200,2010-09-20 12:26:00,2010-09-20 12:26:00,0,330.0
12851.0,284.13,2,160,2010-08-19 15:13:00,2011-04-09 12:41:00,232,142.065
12852.0,311.55,1,149,2011-02-18 08:47:00,2011-02-18 08:47:00,0,311.55
12853.0,3907.5,11,1668,2010-05-02 11:57:00,2011-07-28 11:29:00,451,355.22727272727275
12854.0,2994.02,7,1635,2009-11-12 12:55:00,2011-12-04 14:17:00,752,427.71714285714285
12855.0,650.94,4,270,2010-02-11 18:16:00,2010-10-11 14:58:00,241,162.735
12856.0,2179.93,6,1079,2011-02-12 10:52:00,2011-11-21 11:34:00,282,363.32166666666666
12857.0,3688.0,6,1420,2010-01-25 15:37:00,2011-10-02 12:32:00,614,614.6666666666666
12858.0,177.92,1,63,2010-11-21 12:55:00,2010-11-21 12:55:00,0,177.92
12859.0,575.1,1,292,2010-07-09 12:20:00,2010-07-09 12:20:00,0,575.1
12860.0,55.47,1,27,2010-01-15 15:22:00,2010-01-15 15:22:00,0,55.47
12861.0,68.25,1,27,2010-03-30 11:39:00,2010-03-30 11:39:00,0,68.25
12862.0,1008.32,2,613,2010-01-08 15:20:00,2010-10-10 11:47:00,274,504.16
12863.0,2792.55,6,895,2010-04-29 13:54:00,2011-10-18 14:15:00,537,465.425
12864.0,299.57,2,447,2010-07-19 17:22:00,2011-07-24 13:03:00,369,149.785
12865.0,3323.4700000000003,4,1973,2010-08-20 12:20:00,2011-11-13 14:31:00,450,830.8675000000001
12866.0,1227.35,3,553,2010-07-25 11:37:00,2011-01-03 14:11:00,162,409.1166666666666
12867.0,7913.29,13,7939,2009-12-16 16:25:00,2011-11-13 15:30:00,696,608.7146153846154
12868.0,2247.06,8,1282,2010-01-12 12:50:00,2011-12-01 15:25:00,688,280.8825
12869.0,337.66999999999996,1,144,2010-01-27 12:10:00,2010-01-27 12:10:00,0,337.66999999999996
12870.0,1676.95,3,906,2010-03-25 14:32:00,2010-11-29 13:42:00,248,558.9833333333333
12871.0,744.02,3,484,2010-09-26 10:34:00,2011-09-16 15:07:00,355,248.00666666666666
12872.0,3685.4900000000002,12,1855,2009-03-12 20:03:00,2011-01-17 10:52:00,675,307.12416666666667
12873.0,2027.3,3,786,2010-01-27 09:50:00,2011-02-03 14:58:00,372,675.7666666666667
12874.0,948.42,2,623,2010-03-06 12:51:00,2010-11-19 15:23:00,258,474.21
12875.0,1356.9900000000002,5,5187,2010-04-16 13:12:00,2011-07-19 15:30:00,459,271.398
12876.0,4081.79,4,3047,2010-04-28 13:26:00,2011-10-13 12:26:00,532,1020.4475
12877.0,2855.51,19,2124,2010-01-18 10:23:00,2011-11-15 13:21:00,666,150.29000000000002
12878.0,854.99,2,547,2011-03-18 14:02:00,2011-04-17 13:07:00,29,427.495
12879.0,573.22,3,370,2011-09-09 12:11:00,2011-10-26 12:24:00,47,191.07333333333335
12880.0,640.13,2,279,2010-05-14 11:57:00,2010-11-23 10:50:00,192,320.065
12881.0,298.0,1,21,2011-09-03 11:44:00,2011-09-03 11:44:00,0,298.0
12882.0,1463.04,2,246,2011-06-11 11:22:00,2011-11-30 16:18:00,172,731.52
12883.0,703.47,4,196,2011-11-09 15:18:00,2011-11-15 09:32:00,5,175.8675
12884.0,309.05,1,43,2011-12-09 13:10:00,2011-12-09 13:10:00,0,309.05
12885.0,1175.22,3,655,2011-07-10 13:34:00,2011-08-08 11:45:00,28,391.74
12886.0,1378.4,2,770,2011-03-10 10:09:00,2011-04-05 11:21:00,26,689.2
12887.0,222.4,1,100,2010-11-21 11:18:00,2010-11-21 11:18:00,0,222.4
12888.0,354.12,2,76,2011-03-29 14:31:00,2011-09-05 16:02:00,160,177.06
12889.0,385.46000000000004,4,124,2010-06-10 11:30:00,2010-11-23 16:08:00,166,96.36500000000001
12890.0,717.27,2,466,2010-11-17 14:05:00,2011-11-15 17:26:00,363,358.635
12891.0,840.5,11,2325,2010-02-18 14:32:00,2011-07-06 12:31:00,502,76.4090909090909
12892.0,263.38,1,140,2010-08-11 09:51:00,2010-08-11 09:51:00,0,263.38
12893.0,188.14,1,96,2011-09-11 12:34:00,2011-09-11 12:34:00,0,188.14
12894.0,157.35,1,33,2010-05-13 14:47:00,2010-05-13 14:47:00,0,157.35
12895.0,372.8,2,210,2011-09-14 08:35:00,2011-10-28 13:51:00,44,186.4
12897.0,514.25,4,249,2010-06-14 11:58:00,2011-11-02 11:40:00,505,128.5625
12898.0,310.96,2,240,2010-02-09 08:08:00,2010-02-18 12:36:00,9,155.48
12899.0,366.4,1,108,2010-10-22 09:53:00,2010-10-22 09:53:00,0,366.4
12900.0,340.33000000000004,1,139,2010-10-13 15:17:00,2010-10-13 15:17:00,0,340.33000000000004
12901.0,17654.54,28,23075,2011-01-12 10:07:00,2011-11-29 14:08:00,321,630.5192857142857
12902.0,138.68,1,66,2011-03-20 12:06:00,2011-03-20 12:06:00,0,138.68
12903.0,833.5300000000001,1,493,2010-07-10 12:39:00,2010-07-10 12:39:00,0,833.5300000000001
12904.0,509.58,2,302,2011-06-20 13:18:00,2011-11-21 14:34:00,154,254.79
12905.0,1018.42,2,532,2010-01-26 14:06:00,2010-12-05 10:05:00,312,509.21
12906.0,2919.81,5,1749,2011-09-22 15:03:00,2011-11-28 09:55:00,66,583.962
12907.0,508.91,2,177,2010-02-08 14:33:00,2010-09-11 12:08:00,214,254.455
12908.0,1776.0,5,3000,2010-03-19 15:59:00,2011-06-16 15:39:00,453,355.2
12909.0,3103.19,8,1948,2010-02-24 12:14:00,2011-10-31 12:43:00,614,387.89875
12910.0,5796.52,13,3632,2010-03-08 12:47:00,2011-12-04 10:01:00,635,445.8861538461539
12911.0,1680.47,1,820,2010-06-06 12:13:00,2010-06-06 12:13:00,0,1680.47
12912.0,1474.38,4,582,2011-01-12 13:03:00,2011-11-25 13:58:00,317,368.595
12913.0,6165.76,12,2709,2009-01-12 12:18:00,2011-11-24 10:39:00,1045,513.8133333333334
12914.0,223.98,1,336,2010-04-11 12:28:00,2010-04-11 12:28:00,0,223.98
12915.0,1174.75,4,452,2010-02-12 12:33:00,2011-07-14 11:34:00,516,293.6875
12916.0,4654.02,7,1774,2010-01-24 11:26:00,2011-07-24 10:35:00,545,664.86
12917.0,4359.2,6,1104,2009-09-12 14:22:00,2011-03-08 16:42:00,542,726.5333333333333
12918.0,10953.5,1,1,2010-03-23 15:22:00,2010-03-23 15:22:00,0,10953.5
12919.0,1335.19,6,673,2011-01-12 13:47:00,2011-12-07 17:21:00,329,222.53166666666667
12920.0,488.09000000000003,4,421,2009-12-14 15:58:00,2011-11-22 15:05:00,707,122.02250000000001
12921.0,35921.04,74,21708,2009-01-12 13:43:00,2011-11-30 16:22:00,1052,485.41945945945946
12922.0,405.38,1,370,2011-01-07 15:35:00,2011-01-07 15:35:00,0,405.38
12923.0,789.87,3,237,2010-05-13 14:55:00,2011-06-10 16:20:00,393,263.29
12924.0,2469.4,12,1423,2009-09-12 12:40:00,2011-12-09 13:55:00,818,205.78333333333333
12925.0,403.59000000000003,2,366,2010-04-26 10:32:00,2011-09-26 11:05:00,518,201.79500000000002
12926.0,1548.46,4,766,2009-12-14 14:35:00,2010-10-24 15:57:00,314,387.115
12927.0,197.31,1,145,2010-10-11 10:02:00,2010-10-11 10:02:00,0,197.31
12928.0,4304.89,12,2899,2010-06-25 15:18:00,2011-12-04 10:45:00,526,358.74083333333334
12929.0,117.85,1,37,2011-01-02 12:08:00,2011-01-02 12:08:00,0,117.85
12930.0,415.8,2,252,2011-06-21 13:25:00,2011-09-22 15:18:00,93,207.9
12931.0,92347.34,57,62906,2009-01-12 11:46:00,2011-11-18 12:39:00,1040,1620.1287719298246
12932.0,1698.56,8,1609,2010-02-05 15:40:00,2010-10-02 08:46:00,238,212.32
12933.0,1687.03,8,959,2009-10-12 16:39:00,2011-11-15 16:38:00,763,210.87875
12934.0,181.65,1,31,2009-03-12 10:51:00,2009-03-12 10:51:00,0,181.65
12935.0,3900.08,13,2871,2010-01-10 10:04:00,2011-11-13 11:24:00,672,300.00615384615384
12936.0,1063.9,4,559,2011-09-22 13:51:00,2011-11-22 17:32:00,61,265.975
12937.0,3097.61,9,1983,2009-03-12 15:43:00,2011-11-24 15:05:00,986,344.1788888888889
12938.0,114.14,1,140,2011-11-14 11:21:00,2011-11-14 11:21:00,0,114.14
12939.0,25264.8,20,10328,2010-02-24 13:55:00,2011-11-03 16:43:00,617,1263.24
12940.0,913.54,2,411,2011-09-13 10:16:00,2011-10-16 12:09:00,33,456.77
12941.0,377.49,1,381,2009-12-15 13:12:00,2009-12-15 13:12:00,0,377.49
12942.0,942.65,3,272,2010-09-12 09:34:00,2011-07-31 14:39:00,322,314.21666666666664
12943.0,496.5,2,222,2010-04-13 11:03:00,2010-05-30 13:52:00,47,248.25
12944.0,604.51,2,289,2010-12-20 10:41:00,2011-04-11 11:04:00,112,302.255
12945.0,900.11,2,446,2010-02-21 15:18:00,2011-02-24 14:15:00,367,450.055
12946.0,324.45,1,149,2010-09-29 10:14:00,2010-09-29 10:14:00,0,324.45
12947.0,1908.03,6,1349,2010-01-12 16:21:00,2011-10-06 16:37:00,632,318.005
12948.0,2317.43,9,1304,2009-02-12 12:28:00,2011-11-23 17:10:00,1014,257.4922222222222
12949.0,15526.7,22,8233,2009-03-12 15:56:00,2011-09-11 11:25:00,912,705.7590909090909
12950.0,1483.0,2,880,2011-01-12 15:55:00,2011-11-15 13:48:00,306,741.5
12951.0,3213.7200000000003,15,1662,2010-03-18 15:23:00,2011-06-19 10:35:00,457,214.24800000000002
12952.0,1387.79,4,653,2011-04-12 10:35:00,2011-10-27 17:00:00,198,346.9475
12953.0,828.8100000000001,2,364,2010-05-07 13:37:00,2011-11-30 09:24:00,571,414.40500000000003
12954.0,162.45,1,83,2010-11-03 10:16:00,2010-11-03 10:16:00,0,162.45
12955.0,4410.24,10,3396,2011-01-12 13:18:00,2011-11-23 10:08:00,314,441.024
12956.0,521.89,4,340,2009-12-15 19:03:00,2011-06-02 16:08:00,533,130.4725
12957.0,8706.97,13,4686,2009-11-12 12:01:00,2011-11-30 09:53:00,747,669.766923076923
12958.0,539.49,2,131,2010-04-11 16:16:00,2010-05-05 16:22:00,24,269.745
12959.0,150.95,1,109,2010-12-08 17:20:00,2010-12-08 17:20:00,0,150.95
12960.0,1322.0700000000002,4,1379,2010-02-16 13:32:00,2010-11-05 12:58:00,261,330.51750000000004
12961.0,211.99,1,180,2010-11-25 16:44:00,2010-11-25 16:44:00,0,211.99
12962.0,266.39,2,129,2011-02-12 15:55:00,2011-08-18 13:38:00,186,133.195
12963.0,3601.59,12,1809,2010-06-09 16:16:00,2011-11-29 16:44:00,538,300.1325
12964.0,132.24,1,56,2010-09-28 17:47:00,2010-09-28 17:47:00,0,132.24
12965.0,771.91,1,283,2011-11-09 15:31:00,2011-11-09 15:31:00,0,771.91
12966.0,160.18,1,75,2011-11-30 12:38:00,2011-11-30 12:38:00,0,160.18
12967.0,4306.92,3,1272,2010-03-12 09:49:00,2010-12-16 19:10:00,279,1435.64
12968.0,135.95,1,73,2011-08-19 15:44:00,2011-08-19 15:44:00,0,135.95
12969.0,122.45,1,55,2010-04-16 10:50:00,2010-04-16 10:50:00,0,122.45
12970.0,1524.97,10,1014,2009-04-12 14:19:00,2011-02-12 14:30:00,671,152.497
12971.0,15869.99,115,14549,2009-12-15 19:04:00,2011-12-01 14:43:00,715,137.99991304347827
12972.0,1161.2,4,844,2010-02-03 12:30:00,2010-10-22 08:41:00,260,290.3
12973.0,385.55,1,31,2010-10-22 10:14:00,2010-10-22 10:14:00,0,385.55
12974.0,408.95,2,104,2010-05-23 11:45:00,2011-05-26 09:33:00,367,204.475
12975.0,2100.09,6,911,2009-06-12 10:38:00,2010-09-29 09:46:00,473,350.01500000000004
12976.0,3156.38,8,2684,2010-04-22 17:38:00,2011-12-05 09:55:00,591,394.5475
12977.0,517.63,4,131,2010-07-16 16:25:00,2011-06-07 16:40:00,326,129.4075
12978.0,2502.82,5,1394,2009-10-12 12:10:00,2010-11-19 14:29:00,403,500.564
12979.0,517.7,1,520,2009-10-12 15:45:00,2009-10-12 15:45:00,0,517.7
12980.0,16245.78,21,1910,2009-02-12 11:26:00,2011-12-01 11:53:00,1022,773.6085714285715
12981.0,372.21999999999997,2,242,2011-07-29 14:14:00,2011-10-11 12:00:00,73,186.10999999999999
12982.0,2744.81,8,1729,2010-04-29 17:11:00,2011-11-04 11:51:00,553,343.10125
12983.0,490.08,1,638,2010-04-20 12:58:00,2010-04-20 12:58:00,0,490.08
12984.0,97.5,1,26,2011-11-21 12:37:00,2011-11-21 12:37:00,0,97.5
12985.0,754.38,1,841,2011-11-11 12:44:00,2011-11-11 12:44:00,0,754.38
12986.0,2729.84,10,1164,2010-01-21 10:45:00,2010-08-03 10:41:00,193,272.98400000000004
12987.0,1312.21,5,585,2010-01-20 09:57:00,2011-09-27 12:03:00,615,262.442
12988.0,535.32,1,136,2011-02-20 14:31:00,2011-02-20 14:31:00,0,535.32
12989.0,13490.55,32,6911,2009-10-12 13:27:00,2011-12-09 15:43:00,788,421.5796875
12990.0,955.5,7,480,2010-03-30 11:36:00,2011-08-11 13:01:00,499,136.5
12991.0,764.82,3,483,2010-11-15 13:43:00,2011-11-16 15:34:00,366,254.94000000000003
12992.0,93.35,1,21,2009-12-14 16:46:00,2009-12-14 16:46:00,0,93.35
12993.0,1259.63,8,751,2010-02-18 10:35:00,2011-11-16 15:49:00,636,157.45375
12994.0,645.47,2,303,2011-03-16 08:31:00,2011-11-08 17:02:00,237,322.735
12995.0,211.32,1,108,2011-09-15 15:44:00,2011-09-15 15:44:00,0,211.32
12996.0,355.5,1,122,2010-11-29 09:27:00,2010-11-29 09:27:00,0,355.5
12997.0,2110.91,8,1186,2010-06-04 11:06:00,2011-12-09 08:24:00,552,263.86375
12998.0,920.08,3,1124,2010-02-24 11:55:00,2010-08-04 17:04:00,161,306.6933333333333
12999.0,455.88,3,342,2011-05-18 16:37:00,2011-08-04 10:26:00,77,151.96
13000.0,1032.5,4,548,2009-12-14 17:03:00,2011-08-25 10:43:00,618,258.125
13001.0,23581.09,32,13234,2009-03-12 16:21:00,2011-11-17 14:17:00,979,736.9090625
13002.0,414.13,3,201,2010-01-10 11:58:00,2011-01-25 15:18:00,380,138.04333333333332
13003.0,149.05,3,103,2011-08-26 10:50:00,2011-11-07 13:06:00,73,49.68333333333334
13004.0,11650.85,36,8768,2009-12-15 09:44:00,2011-11-28 11:27:00,713,323.63472222222225
13005.0,999.68,4,462,2010-04-10 11:07:00,2011-07-04 13:32:00,450,249.92
13006.0,81.57,1,55,2011-10-14 13:49:00,2011-10-14 13:49:00,0,81.57
13007.0,175.25,1,59,2010-09-05 10:38:00,2010-09-05 10:38:00,0,175.25
13008.0,612.13,3,379,2009-12-16 16:07:00,2011-01-20 14:24:00,399,204.04333333333332
13009.0,234.0,1,120,2010-05-02 12:22:00,2010-05-02 12:22:00,0,234.0
13010.0,330.12,2,323,2010-01-03 11:28:00,2010-11-30 15:09:00,331,165.06
13011.0,101.10000000000001,1,26,2010-02-12 17:22:00,2010-02-12 17:22:00,0,101.10000000000001
13012.0,2972.83,11,1563,2010-04-26 14:14:00,2011-11-30 13:05:00,582,270.2572727272727
13013.0,12330.67,28,6353,2009-12-14 10:34:00,2011-11-18 14:25:00,704,440.38107142857143
13014.0,5381.08,11,1979,2010-03-10 11:35:00,2011-11-29 12:27:00,629,489.1890909090909
13015.0,6586.42,11,3535,2010-04-15 16:35:00,2011-10-17 13:19:00,549,598.7654545454545
13016.0,789.89,3,527,2011-08-08 15:00:00,2011-09-27 14:08:00,49,263.2966666666667
13017.0,204.0,1,48,2011-02-12 15:53:00,2011-02-12 15:53:00,0,204.0
13018.0,9763.16,35,6746,2010-01-03 12:34:00,2011-11-23 13:28:00,689,278.9474285714286
13019.0,1229.95,6,397,2009-06-12 15:40:00,2010-11-25 14:56:00,530,204.99166666666667
13020.0,618.96,2,278,2010-02-18 10:35:00,2010-05-26 11:12:00,97,309.48
13021.0,4581.81,16,2412,2009-05-12 12:02:00,2011-11-14 10:28:00,915,286.363125
13022.0,65.3,1,35,2010-06-10 10:50:00,2010-06-10 10:50:00,0,65.3
13023.0,1449.03,3,585,2010-06-29 09:51:00,2011-06-10 16:27:00,346,483.01
13024.0,555.87,2,181,2010-06-05 14:25:00,2010-08-26 09:42:00,81,277.935
13025.0,323.39,1,241,2009-08-12 10:02:00,2009-08-12 10:02:00,0,323.39
13026.0,1532.56,8,1974,2009-12-13 11:34:00,2011-09-03 11:35:00,629,191.57
13027.0,17335.2,19,43080,2010-01-03 13:40:00,2011-08-18 09:39:00,591,912.3789473684211
13028.0,661.3199999999999,2,798,2011-10-25 14:09:00,2011-11-17 11:10:00,22,330.65999999999997
13029.0,1927.3,5,194,2010-04-07 13:46:00,2011-09-11 09:13:00,521,385.46
13030.0,1227.22,2,598,2010-06-12 14:31:00,2011-11-28 14:30:00,533,613.61
13031.0,3419.27,5,2399,2010-03-06 14:57:00,2010-10-28 15:34:00,236,683.854
13032.0,2843.55,9,1281,2010-03-10 14:23:00,2011-10-18 15:54:00,587,315.95000000000005
13033.0,220.55,2,98,2010-06-10 09:37:00,2010-12-17 14:23:00,190,110.275
13034.0,922.68,3,522,2010-03-11 15:22:00,2011-10-16 12:21:00,583,307.56
13035.0,1364.2,3,926,2010-04-10 15:41:00,2011-09-27 08:57:00,534,454.73333333333335
13036.0,307.1,1,38,2010-01-24 11:35:00,2010-01-24 11:35:00,0,307.1
13037.0,3914.9500000000003,12,2130,2009-03-12 17:04:00,2011-07-24 15:46:00,863,326.24583333333334
13038.0,908.46,3,360,2011-02-22 11:43:00,2011-09-20 14:37:00,210,302.82
13039.0,1010.73,4,290,2009-12-17 16:43:00,2010-04-13 14:16:00,116,252.6825
13040.0,676.99,2,355,2011-01-12 10:38:00,2011-06-11 13:53:00,150,338.495
13041.0,799.13,4,335,2010-04-29 08:43:00,2010-09-15 11:44:00,139,199.7825
13042.0,1556.54,3,830,2009-07-12 15:42:00,2010-04-20 13:43:00,281,518.8466666666667
13043.0,516.42,1,254,2011-11-03 14:52:00,2011-11-03 14:52:00,0,516.42
13044.0,4853.9,11,2553,2010-02-21 15:28:00,2011-02-21 15:20:00,364,441.26363636363635
13045.0,808.9200000000001,3,405,2010-03-11 12:49:00,2011-01-09 15:04:00,304,269.64000000000004
13046.0,949.25,3,505,2010-09-09 13:09:00,2011-09-11 08:36:00,366,316.4166666666667
13047.0,8795.16,24,3429,2009-12-16 11:43:00,2011-10-14 11:15:00,666,366.465
13048.0,4084.21,9,2705,2010-01-27 12:55:00,2011-11-25 13:23:00,667,453.80111111111114
13049.0,1408.24,4,620,2010-03-11 15:39:00,2011-06-10 15:31:00,455,352.06
13050.0,12344.53,35,7206,2009-12-15 15:06:00,2011-11-25 09:18:00,709,352.70085714285716
13051.0,155.8,2,72,2010-03-30 11:11:00,2010-10-05 09:14:00,188,77.9
13052.0,3168.53,7,1454,2010-02-23 12:31:00,2011-11-05 14:12:00,620,452.6471428571429
13053.0,127.65,1,47,2010-03-28 11:28:00,2010-03-28 11:28:00,0,127.65
13055.0,2321.11,4,1821,2010-06-10 08:17:00,2011-10-05 08:58:00,482,580.2775
13056.0,209.48,1,158,2010-06-06 14:10:00,2010-06-06 14:10:00,0,209.48
13057.0,722.09,3,466,2010-03-18 12:14:00,2010-06-27 15:44:00,101,240.6966666666667
13058.0,271.40000000000003,3,52,2011-11-07 12:01:00,2011-12-10 13:28:00,33,90.46666666666668
13059.0,2303.17,10,864,2010-03-31 12:23:00,2011-04-04 10:40:00,368,230.317
13060.0,307.53000000000003,1,123,2011-03-31 11:37:00,2011-03-31 11:37:00,0,307.53000000000003
13061.0,248.61,1,107,2011-09-28 16:04:00,2011-09-28 16:04:00,0,248.61
13062.0,346.98,1,343,2011-01-06 15:12:00,2011-01-06 15:12:00,0,346.98
13063.0,188.4,1,116,2010-08-16 12:27:00,2010-08-16 12:27:00,0,188.4
13064.0,1680.74,6,670,2010-04-27 10:08:00,2011-12-09 13:56:00,591,280.12333333333333
13065.0,1260.91,5,455,2010-01-12 16:52:00,2010-12-11 10:08:00,332,252.18200000000002
13066.0,470.8,2,322,2011-07-11 17:06:00,2011-11-15 12:57:00,126,235.4
13067.0,508.51,3,131,2010-09-19 13:43:00,2011-09-18 13:38:00,363,169.50333333333333
13068.0,344.0,2,200,2011-01-24 08:20:00,2011-11-29 15:00:00,309,172.0
13069.0,9402.89,37,15052,2010-01-10 10:33:00,2011-12-08 11:48:00,697,254.13216216216216
13070.0,751.7,4,372,2009-07-12 14:44:00,2011-05-31 13:45:00,687,187.925
13071.0,129.22,1,30,2010-06-04 13:37:00,2010-06-04 13:37:00,0,129.22
13072.0,177.15,1,69,2011-03-18 08:12:00,2011-03-18 08:12:00,0,177.15
13073.0,418.08,2,261,2010-09-28 09:27:00,2010-10-24 14:06:00,26,209.04
13074.0,1378.74,4,826,2009-12-16 11:46:00,2010-07-16 16:53:00,212,344.685
13075.0,919.61,1,485,2011-02-08 10:19:00,2011-02-08 10:19:00,0,919.61
13076.0,135.4,1,44,2010-08-09 10:27:00,2010-08-09 10:27:00,0,135.4
13077.0,2912.84,10,2529,2009-11-12 11:17:00,2011-02-22 16:19:00,467,291.284
13078.0,28693.37,56,11631,2009-01-12 09:06:00,2011-12-10 14:48:00,1062,512.3816071428571
13079.0,389.18,5,134,2010-10-18 14:15:00,2011-11-18 09:03:00,395,77.836
13080.0,280.73,4,193,2010-03-11 14:34:00,2011-06-13 14:59:00,459,70.1825
13081.0,59205.15,28,41423,2009-08-12 13:58:00,2011-11-28 10:54:00,837,2114.469642857143
13082.0,7335.75,21,8466,2009-12-22 15:37:00,2011-06-16 10:19:00,540,349.32142857142856
13083.0,284.07,2,263,2010-10-10 13:38:00,2011-09-25 10:46:00,349,142.035
13084.0,122.39999999999999,1,144,2010-05-08 08:49:00,2010-05-08 08:49:00,0,122.39999999999999
13085.0,2433.28,8,944,2009-01-12 07:45:00,2011-05-07 12:11:00,845,304.16
13086.0,439.33000000000004,1,155,2010-11-22 10:28:00,2010-11-22 10:28:00,0,439.33000000000004
13087.0,313.64,1,86,2009-12-13 15:16:00,2009-12-13 15:16:00,0,313.64
13088.0,236.11,1,76,2010-10-18 15:35:00,2010-10-18 15:35:00,0,236.11
13089.0,112670.58,201,58181,2009-02-12 15:44:00,2011-12-04 11:01:00,1024,560.5501492537313
13090.0,14103.09,24,3445,2010-02-08 13:58:00,2011-11-20 12:00:00,649,587.62875
13091.0,2321.82,3,1339,2009-10-12 11:50:00,2011-11-11 15:54:00,760,773.94
13092.0,2140.28,12,664,2010-03-21 14:06:00,2011-12-05 10:22:00,623,178.35666666666668
13093.0,54943.65,55,26227,2009-04-12 10:32:00,2011-09-03 12:14:00,874,998.9754545454546
13094.0,2433.1200000000003,13,2088,2010-06-12 10:34:00,2011-11-18 14:07:00,524,187.16307692307694
13095.0,74.39999999999999,1,144,2011-09-30 12:03:00,2011-09-30 12:03:00,0,74.39999999999999
13096.0,419.7000000000001,1,6,2010-10-11 14:08:00,2010-10-11 14:08:00,0,419.7000000000001
13097.0,13389.22,28,5396,2009-01-12 13:31:00,2011-09-23 12:58:00,983,478.18642857142856
13098.0,26516.68,25,14633,2011-01-26 13:46:00,2011-11-30 10:18:00,307,1060.6672
13099.0,207.36,1,288,2011-01-09 17:40:00,2011-01-09 17:40:00,0,207.36
13101.0,695.4,4,478,2010-01-27 15:49:00,2011-04-19 14:37:00,446,173.85
13102.0,11502.85,36,6499,2010-02-11 13:19:00,2011-11-16 15:01:00,643,319.5236111111111
13103.0,709.64,3,426,2010-09-28 11:48:00,2011-10-31 09:38:00,397,236.54666666666665
13104.0,1369.62,8,726,2010-02-24 15:06:00,2011-10-24 10:11:00,606,171.2025
13105.0,72.0,1,100,2010-09-29 13:41:00,2010-09-29 13:41:00,0,72.0
13106.0,603.46,2,231,2010-10-22 13:10:00,2011-07-29 15:12:00,280,301.73
13107.0,5253.07,9,4316,2010-04-02 10:50:00,2011-10-26 14:52:00,572,583.6744444444444
13108.0,1098.52,2,1043,2010-02-12 10:35:00,2010-09-30 17:09:00,230,549.26
13109.0,1134.03,3,757,2010-06-06 12:59:00,2011-11-10 10:16:00,521,378.01
13110.0,2957.4700000000003,12,763,2009-01-12 14:14:00,2011-10-17 15:28:00,1008,246.45583333333335
13111.0,321.88000000000005,1,180,2009-12-21 09:00:00,2009-12-21 09:00:00,0,321.88000000000005
13112.0,20.599999999999998,1,11,2010-06-16 17:03:00,2010-06-16 17:03:00,0,20.599999999999998
13113.0,18286.53,36,4479,2010-02-05 15:48:00,2011-12-05 12:30:00,667,507.95916666666665
13114.0,234.38,1,74,2009-09-12 09:56:00,2009-09-12 09:56:00,0,234.38
13115.0,5494.7,10,3934,2010-01-11 11:36:00,2011-12-10 12:42:00,698,549.47
13116.0,501.14,1,291,2011-07-24 14:33:00,2011-07-24 14:33:00,0,501.14
13117.0,2643.81,18,2067,2010-02-12 13:11:00,2011-11-18 12:02:00,643,146.87833333333333
13118.0,2415.41,9,834,2010-05-11 11:49:00,2011-11-20 12:46:00,558,268.37888888888887
13119.0,134.9,1,110,2010-09-02 08:38:00,2010-09-02 08:38:00,0,134.9
13120.0,30.6,1,12,2011-04-15 10:19:00,2011-04-15 10:19:00,0,30.6
13121.0,283.73,1,252,2011-03-15 16:47:00,2011-03-15 16:47:00,0,283.73
13122.0,922.39,2,585,2011-04-13 14:12:00,2011-06-09 15:53:00,57,461.195
13123.0,506.75,2,268,2010-06-28 12:43:00,2010-08-24 10:18:00,56,253.375
13124.0,4782.45,4,2783,2010-11-19 15:50:00,2011-11-09 12:45:00,354,1195.6125
13125.0,158.57,1,54,2010-04-07 11:58:00,2010-04-07 11:58:00,0,158.57
13126.0,3628.81,12,2961,2010-02-03 12:24:00,2011-10-26 10:43:00,629,302.4008333333333
13127.0,259.17,1,127,2011-09-23 10:26:00,2011-09-23 10:26:00,0,259.17
13128.0,263.5,1,31,2010-03-18 15:08:00,2010-03-18 15:08:00,0,263.5
13129.0,233.25,2,296,2010-06-28 11:54:00,2010-09-13 13:47:00,77,116.625
13130.0,64.0,1,32,2011-06-09 15:30:00,2011-06-09 15:30:00,0,64.0
13131.0,3313.77,7,1523,2010-03-06 09:29:00,2011-11-16 13:21:00,620,473.3957142857143
13132.0,77.3,1,20,2011-03-23 12:44:00,2011-03-23 12:44:00,0,77.3
13133.0,200.45,3,55,2010-06-09 15:30:00,2011-11-03 10:31:00,511,66.81666666666666
13134.0,2475.23,6,1364,2010-02-11 13:58:00,2011-09-15 10:35:00,580,412.53833333333336
13135.0,3371.45,2,4423,2010-05-08 17:28:00,2011-05-27 10:52:00,383,1685.725
13136.0,6274.56,13,3109,2009-08-12 18:30:00,2011-11-05 12:47:00,814,482.65846153846155
13137.0,7712.7,16,4294,2010-04-11 13:04:00,2011-11-29 12:09:00,596,482.04375
13138.0,1467.24,7,718,2010-02-12 15:03:00,2011-11-17 16:51:00,643,209.6057142857143
13139.0,8202.98,8,4614,2010-09-28 09:12:00,2011-11-23 13:54:00,421,1025.3725
13140.0,1215.68,5,648,2010-05-08 19:05:00,2011-08-23 15:33:00,471,243.13600000000002
13141.0,7668.58,17,5169,2009-09-12 13:34:00,2011-09-16 09:54:00,733,451.09294117647056
13142.0,307.09000000000003,1,258,2011-11-20 16:07:00,2011-11-20 16:07:00,0,307.09000000000003
13143.0,405.1,1,198,2010-04-05 12:22:00,2010-04-05 12:22:00,0,405.1
13144.0,135.35,2,29,2010-04-10 14:14:00,2011-11-01 11:15:00,569,67.675
13145.0,1423.52,7,266,2010-02-12 18:06:00,2011-10-31 12:45:00,625,203.35999999999999
13146.0,228.91,1,154,2011-11-13 15:29:00,2011-11-13 15:29:00,0,228.91
13147.0,712.8,4,144,2011-01-09 12:28:00,2011-11-29 13:59:00,324,178.2
13148.0,8621.81,26,4571,2009-07-12 15:26:00,2011-10-11 15:23:00,820,331.6080769230769
13149.0,1676.06,4,1280,2011-02-23 13:57:00,2011-11-25 13:09:00,274,419.015
13150.0,449.96999999999997,3,171,2010-03-19 09:03:00,2010-12-08 12:59:00,264,149.98999999999998
13151.0,2580.7400000000002,3,832,2010-03-22 10:26:00,2011-02-17 12:29:00,332,860.2466666666668
13152.0,2146.38,7,977,2010-01-14 10:01:00,2010-10-18 13:44:00,277,306.6257142857143
13153.0,486.22,1,418,2011-04-12 12:14:00,2011-04-12 12:14:00,0,486.22
13154.0,1624.84,3,976,2009-04-12 08:46:00,2010-07-20 13:17:00,464,541.6133333333333
13155.0,1750.18,6,909,2010-05-08 09:30:00,2011-09-21 10:27:00,501,291.69666666666666
13156.0,1586.54,3,914,2010-01-02 13:45:00,2010-11-19 13:09:00,320,528.8466666666667
13157.0,5687.36,9,4762,2010-05-14 10:40:00,2011-12-04 14:04:00,569,631.9288888888889
13158.0,1508.18,5,992,2010-11-16 17:12:00,2011-12-08 09:04:00,386,301.636
13159.0,1437.85,4,1059,2011-01-12 11:20:00,2011-10-20 13:20:00,281,359.4625
13160.0,91.8,1,56,2011-11-17 13:07:00,2011-11-17 13:07:00,0,91.8
13161.0,478.88,2,106,2010-07-27 12:44:00,2011-01-30 14:03:00,187,239.44
13162.0,9275.49,16,5755,2009-04-12 13:59:00,2011-09-08 15:59:00,879,579.718125
13163.0,17.65,1,3,2010-08-04 16:21:00,2010-08-04 16:21:00,0,17.65
13164.0,372.2,2,120,2010-05-19 13:52:00,2010-10-02 11:52:00,135,186.1
13165.0,1451.1599999999999,3,1736,2010-10-22 17:04:00,2011-10-24 15:05:00,366,483.71999999999997
13166.0,884.18,2,527,2010-10-21 14:29:00,2011-01-03 15:16:00,74,442.09
13167.0,1125.15,5,1007,2010-11-14 12:58:00,2011-11-21 12:24:00,371,225.03000000000003
13168.0,1875.31,5,912,2010-06-15 15:00:00,2011-05-24 13:56:00,342,375.062
13169.0,840.08,3,296,2010-05-26 15:58:00,2011-07-10 12:11:00,409,280.0266666666667
13170.0,116.00999999999999,1,147,2011-11-13 12:19:00,2011-11-13 12:19:00,0,116.00999999999999
13171.0,468.41,3,229,2011-02-13 14:16:00,2011-11-18 10:27:00,277,156.13666666666668
13172.0,69.6,1,48,2010-04-11 15:10:00,2010-04-11 15:10:00,0,69.6
13173.0,2451.64,10,1457,2009-10-12 12:52:00,2010-09-17 14:50:00,340,245.164
13174.0,9494.84,12,4541,2009-04-12 15:40:00,2011-11-23 14:35:00,954,791.2366666666667
13175.0,831.45,2,423,2009-04-12 12:11:00,2010-06-05 13:13:00,419,415.725
13176.0,492.84,1,453,2011-10-24 15:43:00,2011-10-24 15:43:00,0,492.84
13177.0,512.2,2,180,2010-05-10 10:35:00,2011-06-10 09:56:00,395,256.1
13178.0,14059.19,21,8778,2009-12-16 14:00:00,2011-11-13 16:14:00,697,669.4852380952382
13179.0,572.3100000000001,1,368,2010-03-31 11:40:00,2010-03-31 11:40:00,0,572.3100000000001
13180.0,86.10000000000001,1,42,2010-11-04 13:37:00,2010-11-04 13:37:00,0,86.10000000000001
13181.0,359.69,1,171,2010-11-23 15:05:00,2010-11-23 15:05:00,0,359.69
13182.0,121.18,1,201,2011-10-25 13:46:00,2011-10-25 13:46:00,0,121.18
13183.0,7036.18,15,4027,2010-03-14 12:32:00,2011-09-14 10:42:00,548,469.07866666666666
13184.0,1701.29,10,1692,2011-01-04 12:24:00,2011-11-25 12:02:00,324,170.129
13185.0,71.4,1,12,2011-03-17 11:56:00,2011-03-17 11:56:00,0,71.4
13186.0,1575.89,3,820,2011-03-08 09:09:00,2011-10-31 11:40:00,237,525.2966666666667
13187.0,367.01,4,375,2010-03-25 17:18:00,2011-06-01 18:57:00,433,91.7525
13188.0,114.6,1,25,2011-11-28 15:28:00,2011-11-28 15:28:00,0,114.6
13189.0,260.68,2,842,2011-08-16 13:12:00,2011-11-21 10:39:00,96,130.34
13190.0,570.66,3,308,2009-07-12 12:13:00,2010-06-13 15:47:00,336,190.22
13191.0,164.69,1,115,2010-02-19 17:02:00,2010-02-19 17:02:00,0,164.69
13192.0,2558.58,6,1629,2010-01-22 08:37:00,2011-05-18 14:57:00,481,426.43
13193.0,117.88,1,50,2011-09-10 14:30:00,2011-09-10 14:30:00,0,117.88
13194.0,472.78,2,326,2010-10-14 11:54:00,2011-07-27 09:01:00,285,236.39
13195.0,172.38,1,83,2010-10-21 13:07:00,2010-10-21 13:07:00,0,172.38
13196.0,3068.84,7,2006,2010-01-04 12:54:00,2011-11-28 13:54:00,693,438.4057142857143
13197.0,373.01000000000005,1,204,2010-09-04 09:14:00,2010-09-04 09:14:00,0,373.01000000000005
13198.0,4974.2300000000005,8,3449,2010-01-10 13:27:00,2011-11-29 15:17:00,688,621.7787500000001
13199.0,16130.85,66,11839,2009-05-12 10:11:00,2011-11-29 14:00:00,931,244.40681818181818
13200.0,870.09,4,516,2011-05-08 14:50:00,2011-11-20 15:35:00,196,217.5225
13201.0,1240.61,4,1039,2010-05-24 16:08:00,2010-08-07 10:31:00,74,310.1525
13202.0,1580.3,7,572,2009-09-12 10:48:00,2010-10-11 16:24:00,394,225.75714285714284
13203.0,2648.25,10,2413,2009-12-17 14:15:00,2011-11-30 10:45:00,712,264.825
13204.0,966.6600000000001,1,428,2009-08-12 14:56:00,2009-08-12 14:56:00,0,966.6600000000001
13205.0,2803.2,1,256,2010-09-22 16:26:00,2010-09-22 16:26:00,0,2803.2
13206.0,8377.32,13,7155,2009-07-12 13:48:00,2010-11-05 11:29:00,480,644.4092307692307
13207.0,535.86,4,178,2010-06-04 16:37:00,2011-12-07 11:35:00,550,133.965
13208.0,1988.5,9,1345,2009-03-12 13:25:00,2011-12-10 09:54:00,1002,220.94444444444446
13209.0,8509.51,13,5781,2010-01-24 14:30:00,2011-09-11 13:54:00,594,654.5776923076924
13210.0,353.48,1,316,2011-07-09 08:18:00,2011-07-09 08:18:00,0,353.48
13211.0,2729.32,10,1890,2009-06-12 15:24:00,2011-11-29 14:43:00,899,272.932
13212.0,788.08,3,310,2011-09-10 14:48:00,2011-11-20 12:40:00,70,262.6933333333333
13213.0,3851.52,11,2962,2010-03-10 15:37:00,2011-10-14 11:42:00,582,350.1381818181818
13214.0,3264.23,7,2966,2010-03-03 14:10:00,2010-12-08 17:01:00,280,466.31857142857143
13215.0,81.6,1,96,2010-02-11 18:26:00,2010-02-11 18:26:00,0,81.6
13216.0,333.74,1,297,2011-03-17 12:18:00,2011-03-17 12:18:00,0,333.74
13217.0,666.48,4,512,2010-02-22 12:49:00,2011-09-08 15:32:00,563,166.62
13218.0,62.64,1,88,2011-04-08 16:59:00,2011-04-08 16:59:00,0,62.64
13219.0,76.23,1,11,2010-03-31 14:18:00,2010-03-31 14:18:00,0,76.23
13220.0,1336.0900000000001,5,396,2010-05-13 10:35:00,2011-09-22 13:38:00,497,267.218
13221.0,847.41,2,244,2010-12-15 13:24:00,2011-04-13 16:58:00,119,423.705
13222.0,88.5,1,30,2010-11-05 13:54:00,2010-11-05 13:54:00,0,88.5
13223.0,969.12,6,568,2010-05-16 11:28:00,2011-05-23 13:03:00,372,161.52
13224.0,2155.95,2,1518,2011-10-10 14:55:00,2011-11-07 14:10:00,27,1077.975
13225.0,14896.87,15,6537,2009-12-17 09:09:00,2011-10-10 14:06:00,662,993.1246666666667
13226.0,312.46,2,179,2010-11-11 13:46:00,2011-11-03 14:35:00,357,156.23
13227.0,257.7,1,99,2011-05-22 11:47:00,2011-05-22 11:47:00,0,257.7
13228.0,358.0,1,200,2011-09-19 14:28:00,2011-09-19 14:28:00,0,358.0
13229.0,160.95,1,63,2011-04-28 12:07:00,2011-04-28 12:07:00,0,160.95
13230.0,5963.52,29,3407,2010-03-06 19:24:00,2011-10-11 20:01:00,584,205.6386206896552
13232.0,1357.6,7,778,2011-02-09 13:18:00,2011-12-06 11:17:00,299,193.94285714285712
13233.0,1176.46,4,1604,2010-01-14 14:10:00,2011-09-26 13:25:00,619,294.115
13234.0,356.95,2,162,2009-07-12 12:32:00,2010-05-02 11:41:00,293,178.475
13235.0,1031.07,1,441,2011-11-05 17:13:00,2011-11-05 17:13:00,0,1031.07
13236.0,744.85,2,416,2011-08-25 08:58:00,2011-11-15 12:50:00,82,372.425
13237.0,643.0,1,128,2010-11-17 10:07:00,2010-11-17 10:07:00,0,643.0
13238.0,1006.63,6,442,2010-04-28 15:02:00,2011-11-22 15:37:00,573,167.77166666666668
13239.0,1594.69,5,1151,2010-05-08 10:38:00,2011-03-23 10:25:00,318,318.938
13240.0,1738.52,8,859,2010-02-25 13:17:00,2011-06-19 15:33:00,479,217.315
13241.0,115.58,1,48,2010-10-24 11:17:00,2010-10-24 11:17:00,0,115.58
13242.0,699.4,7,350,2010-05-26 12:03:00,2011-10-05 12:28:00,497,99.91428571428571
13243.0,1278.04,5,579,2010-03-18 13:10:00,2011-05-20 13:14:00,428,255.608
13244.0,121.74000000000001,1,38,2011-08-09 11:46:00,2011-08-09 11:46:00,0,121.74000000000001
13245.0,989.22,2,371,2010-03-10 14:03:00,2011-10-20 11:40:00,588,494.61
13246.0,3387.43,11,2815,2010-02-07 13:36:00,2011-11-21 16:50:00,652,307.9481818181818
13247.0,501.12,4,328,2011-09-18 11:31:00,2011-11-22 10:59:00,64,125.28
13248.0,465.68,2,305,2011-03-06 13:05:00,2011-07-08 12:40:00,123,232.84
13249.0,1608.9299999999998,9,1246,2010-01-24 12:11:00,2011-08-09 13:26:00,562,178.76999999999998
13250.0,256.04,2,108,2010-05-09 11:33:00,2010-07-25 14:01:00,77,128.02
13251.0,252.68,1,215,2010-02-11 13:20:00,2010-02-11 13:20:00,0,252.68
13252.0,399.3,2,134,2010-03-24 10:30:00,2010-10-11 16:00:00,201,199.65
13253.0,2951.11,4,3015,2010-05-01 12:13:00,2011-06-07 10:09:00,401,737.7775
13254.0,51.41,1,43,2010-11-28 15:42:00,2010-11-28 15:42:00,0,51.41
13255.0,904.46,3,517,2010-01-12 11:58:00,2011-11-30 13:14:00,687,301.4866666666667
13257.0,149.75,1,33,2010-09-29 14:58:00,2010-09-29 14:58:00,0,149.75
13258.0,1035.18,5,451,2010-04-11 12:45:00,2011-11-28 09:31:00,595,207.036
13259.0,1433.38,9,517,2010-01-02 11:37:00,2011-09-10 10:48:00,615,159.26444444444445
13260.0,557.62,1,142,2011-09-10 13:21:00,2011-09-10 13:21:00,0,557.62
13261.0,944.1,2,210,2011-02-27 10:41:00,2011-03-16 12:22:00,17,472.05
13262.0,573.45,3,247,2010-04-18 12:14:00,2011-03-21 15:06:00,337,191.15
13263.0,8497.34,38,5267,2010-05-11 16:07:00,2011-12-05 15:32:00,572,223.6142105263158
13264.0,722.5600000000001,1,375,2010-09-23 12:42:00,2010-09-23 12:42:00,0,722.5600000000001
13265.0,2107.66,5,1752,2011-08-04 15:19:00,2011-12-09 09:36:00,126,421.532
13266.0,6135.04,19,6837,2009-12-17 10:52:00,2011-11-28 14:39:00,711,322.89684210526315
13267.0,9457.06,35,3990,2009-07-12 16:56:00,2011-12-01 12:00:00,871,270.2017142857143
13268.0,3214.69,11,3658,2011-01-11 11:31:00,2011-12-04 11:58:00,327,292.24454545454546
13269.0,8558.02,27,6338,2009-02-12 11:47:00,2011-12-09 12:45:00,1030,316.96370370370374
13270.0,1180.0,1,400,2010-08-12 14:53:00,2010-08-12 14:53:00,0,1180.0
13271.0,217.38,1,253,2011-02-11 14:31:00,2011-02-11 14:31:00,0,217.38
13272.0,276.56,2,96,2011-08-11 14:00:00,2011-11-09 12:06:00,89,138.28
13273.0,138.98,1,153,2011-08-18 14:02:00,2011-08-18 14:02:00,0,138.98
13274.0,360.85,1,199,2010-10-26 13:48:00,2010-10-26 13:48:00,0,360.85
13275.0,241.66,2,140,2010-03-17 14:05:00,2010-11-21 12:09:00,248,120.83
13276.0,1939.26,5,855,2010-07-03 14:05:00,2011-07-10 12:44:00,371,387.852
13277.0,523.3,7,382,2010-06-18 08:45:00,2011-11-24 09:21:00,524,74.75714285714285
13278.0,1435.85,4,1358,2010-05-11 11:42:00,2011-10-30 11:49:00,537,358.9625
13279.0,137.75,1,73,2011-09-22 17:24:00,2011-09-22 17:24:00,0,137.75
13280.0,2322.63,7,1495,2010-05-03 09:07:00,2011-09-08 13:14:00,493,331.80428571428575
13281.0,350.85,1,201,2010-09-26 16:03:00,2010-09-26 16:03:00,0,350.85
13282.0,1313.19,4,410,2010-10-29 14:11:00,2011-11-21 15:33:00,388,328.2975
13283.0,373.36,4,204,2010-05-21 13:56:00,2011-11-10 09:50:00,537,93.34
13284.0,201.19,1,91,2011-01-13 09:23:00,2011-01-13 09:23:00,0,201.19
13285.0,3364.59,6,2457,2010-03-25 14:26:00,2011-11-16 13:19:00,600,560.765
13286.0,734.91,1,274,2010-04-18 15:35:00,2010-04-18 15:35:00,0,734.91
13287.0,781.59,3,429,2010-02-23 14:54:00,2010-04-15 15:26:00,51,260.53000000000003
13288.0,927.61,5,379,2010-02-25 11:28:00,2010-11-02 14:59:00,250,185.522
13289.0,307.95,1,119,2009-12-16 11:53:00,2009-12-16 11:53:00,0,307.95
13290.0,208.63,1,1,2010-09-27 16:29:00,2010-09-27 16:29:00,0,208.63
13291.0,3320.84,11,1619,2010-01-04 15:16:00,2011-07-07 10:36:00,548,301.8945454545455
13292.0,994.51,5,530,2010-01-07 14:36:00,2011-02-28 15:00:00,417,198.902
13293.0,1192.94,6,555,2010-01-11 12:45:00,2010-12-11 13:28:00,334,198.82333333333335
13294.0,1689.53,3,996,2010-03-03 12:54:00,2011-04-04 12:37:00,396,563.1766666666666
13295.0,1101.97,4,733,2010-10-24 11:50:00,2010-12-15 11:21:00,51,275.4925
13296.0,792.51,6,653,2010-07-16 09:21:00,2011-07-25 13:46:00,374,132.085
13297.0,4368.62,7,2694,2010-06-15 12:35:00,2011-11-16 09:28:00,518,624.0885714285714
13299.0,1218.7,3,416,2010-06-29 11:30:00,2011-03-16 12:55:00,260,406.23333333333335
13300.0,1285.51,3,455,2010-05-14 15:56:00,2011-06-23 13:09:00,404,428.50333333333333
13301.0,618.09,4,345,2011-01-05 11:55:00,2011-08-28 11:25:00,234,154.5225
13302.0,159.2,2,12,2010-01-07 12:32:00,2011-07-07 17:56:00,546,79.6
13303.0,61.72,1,26,2010-04-11 14:55:00,2010-04-11 14:55:00,0,61.72
13304.0,1217.99,4,716,2010-08-02 12:42:00,2010-12-23 14:35:00,143,304.4975
13305.0,3541.55,15,2205,2010-02-12 12:10:00,2011-11-18 11:07:00,643,236.10333333333335
13306.0,53.65,1,74,2010-05-10 14:55:00,2010-05-10 14:55:00,0,53.65
13307.0,273.34,3,140,2010-04-26 13:28:00,2011-11-08 17:14:00,561,91.11333333333333
13308.0,1670.3700000000001,4,1073,2010-04-22 09:22:00,2011-11-17 09:31:00,574,417.59250000000003
13309.0,1706.3700000000001,6,1914,2010-12-11 12:10:00,2011-12-09 14:15:00,363,284.39500000000004
13310.0,1541.2,5,816,2010-02-11 17:03:00,2011-11-11 17:23:00,638,308.24
13311.0,490.11,1,271,2011-12-07 14:26:00,2011-12-07 14:26:00,0,490.11
13312.0,124.75,1,41,2010-09-14 14:36:00,2010-09-14 14:36:00,0,124.75
13313.0,3445.32,12,2308,2009-02-12 16:18:00,2011-11-17 16:48:00,1008,287.11
13314.0,589.47,2,371,2011-07-10 13:09:00,2011-09-27 10:20:00,78,294.735
13315.0,310.26000000000005,1,232,2010-01-19 15:34:00,2010-01-19 15:34:00,0,310.26000000000005
13316.0,13191.57,10,21372,2010-08-13 15:07:00,2011-09-21 12:14:00,403,1319.157
13317.0,6486.091,19,3149,2009-12-13 11:11:00,2011-05-25 10:35:00,527,341.3732105263158
13318.0,489.92,2,220,2011-02-11 13:26:00,2011-04-12 12:17:00,59,244.96
13319.0,21773.4,57,9142,2009-06-12 14:46:00,2011-11-22 16:39:00,893,381.98947368421057
13320.0,2228.1,6,1519,2010-01-10 14:59:00,2011-10-05 10:30:00,632,371.34999999999997
13321.0,567.36,2,372,2011-09-14 15:18:00,2011-09-28 15:24:00,14,283.68
13322.0,199.48000000000002,1,117,2011-11-22 14:21:00,2011-11-22 14:21:00,0,199.48000000000002
13323.0,513.0500000000001,4,111,2011-01-12 14:36:00,2011-11-18 10:24:00,309,128.26250000000002
13324.0,10513.47,18,8448,2010-05-25 10:23:00,2011-11-09 12:34:00,533,584.0816666666666
13325.0,675.3,1,240,2011-09-19 10:36:00,2011-09-19 10:36:00,0,675.3
13326.0,281.76,1,140,2010-03-10 16:00:00,2010-03-10 16:00:00,0,281.76
13327.0,9879.48,20,4479,2009-12-18 15:35:00,2011-08-19 11:55:00,608,493.974
13328.0,1308.48,1,680,2011-01-27 15:22:00,2011-01-27 15:22:00,0,1308.48
13329.0,5112.97,8,3486,2009-04-12 15:41:00,2011-08-11 10:29:00,850,639.12125
13330.0,2806.18,6,1975,2010-02-23 10:12:00,2011-08-09 12:27:00,532,467.69666666666666
13331.0,262.4,1,54,2010-03-11 08:04:00,2010-03-11 08:04:00,0,262.4
13332.0,350.90000000000003,1,179,2011-11-25 13:30:00,2011-11-25 13:30:00,0,350.90000000000003
13333.0,1015.74,3,685,2010-02-19 09:26:00,2010-10-24 13:24:00,247,338.58
13334.0,6263.75,5,3227,2010-02-25 12:21:00,2011-09-18 15:21:00,570,1252.75
13336.0,795.12,1,559,2011-09-23 14:05:00,2011-09-23 14:05:00,0,795.12
13337.0,1575.26,1,980,2010-11-06 13:27:00,2010-11-06 13:27:00,0,1575.26
13338.0,2445.62,4,1151,2010-05-01 12:25:00,2011-05-07 09:06:00,370,611.405
13339.0,860.12,1,326,2011-05-23 08:31:00,2011-05-23 08:31:00,0,860.12
13340.0,22100.56,12,9636,2010-02-22 14:54:00,2011-10-25 13:15:00,609,1841.7133333333334
13341.0,775.85,1,301,2011-03-24 09:50:00,2011-03-24 09:50:00,0,775.85
13343.0,353.43,1,135,2011-06-15 12:24:00,2011-06-15 12:24:00,0,353.43
13344.0,2543.7200000000003,3,971,2011-03-10 09:44:00,2011-07-03 10:28:00,115,847.9066666666668
13345.0,389.5,1,141,2011-02-25 09:01:00,2011-02-25 09:01:00,0,389.5
13346.0,299.4,6,180,2010-03-09 11:41:00,2010-07-29 15:37:00,142,49.9
13347.0,341.36,1,205,2011-09-30 13:28:00,2011-09-30 13:28:00,0,341.36
13348.0,233.76000000000002,1,136,2011-06-10 17:28:00,2011-06-10 17:28:00,0,233.76000000000002
13349.0,247.32,1,225,2011-11-29 08:07:00,2011-11-29 08:07:00,0,247.32
13350.0,979.12,2,287,2011-09-21 13:33:00,2011-11-23 16:33:00,63,489.56
13351.0,373.94,1,117,2011-04-10 12:55:00,2011-04-10 12:55:00,0,373.94
13352.0,397.98,1,321,2011-10-10 13:55:00,2011-10-10 13:55:00,0,397.98
13354.0,743.53,1,604,2011-09-29 13:17:00,2011-09-29 13:17:00,0,743.53
13355.0,674.7,1,314,2011-09-08 14:48:00,2011-09-08 14:48:00,0,674.7
13356.0,768.24,1,325,2011-09-20 14:33:00,2011-09-20 14:33:00,0,768.24
13357.0,3838.36,5,2142,2010-02-08 14:02:00,2011-03-27 13:56:00,411,767.672
13358.0,439.03000000000003,1,285,2011-03-16 11:52:00,2011-03-16 11:52:00,0,439.03000000000003
13359.0,1043.31,2,381,2010-01-11 15:05:00,2011-07-10 09:30:00,544,521.655
13360.0,1553.65,4,942,2010-01-14 17:59:00,2010-08-19 16:15:00,216,388.4125
13361.0,1450.5,2,324,2010-01-04 07:49:00,2010-08-24 14:56:00,232,725.25
13362.0,5394.07,7,2481,2010-10-10 15:27:00,2011-11-30 14:41:00,415,770.5814285714285
13363.0,1723.8600000000001,3,1146,2010-10-26 11:07:00,2011-11-22 12:40:00,392,574.62
13364.0,134.96,1,71,2011-09-29 18:13:00,2011-09-29 18:13:00,0,134.96
13365.0,2225.37,2,1247,2011-06-05 12:00:00,2011-06-11 12:36:00,6,1112.685
13366.0,56.16,1,144,2011-10-20 13:37:00,2011-10-20 13:37:00,0,56.16
13367.0,510.2,1,253,2010-04-10 10:00:00,2010-04-10 10:00:00,0,510.2
13368.0,1121.5,4,606,2010-10-21 09:43:00,2011-06-01 12:32:00,223,280.375
13369.0,616.5600000000001,1,298,2010-09-12 11:30:00,2010-09-12 11:30:00,0,616.5600000000001
13370.0,1509.74,1,686,2010-03-12 10:26:00,2010-03-12 10:26:00,0,1509.74
13371.0,2297.66,2,1019,2010-03-17 15:29:00,2010-07-22 17:33:00,127,1148.83
13372.0,378.64,1,159,2011-11-09 12:46:00,2011-11-09 12:46:00,0,378.64
13373.0,7587.1900000000005,6,4263,2009-06-12 12:34:00,2011-10-10 10:51:00,849,1264.5316666666668
13374.0,422.8,2,135,2010-09-16 10:29:00,2010-10-21 10:04:00,34,211.4
13375.0,1792.23,2,1124,2010-09-21 08:12:00,2011-12-09 10:19:00,444,896.115
13376.0,1019.76,3,493,2011-01-09 16:16:00,2011-05-20 09:08:00,130,339.92
13377.0,1552.88,2,748,2010-04-03 10:06:00,2010-08-11 12:20:00,130,776.44
13379.0,572.56,3,601,2011-02-10 15:18:00,2011-11-13 13:45:00,275,190.85333333333332
13380.0,62.4,1,48,2010-03-10 10:18:00,2010-03-10 10:18:00,0,62.4
13381.0,8224.37,12,5125,2009-01-12 15:19:00,2011-11-09 15:35:00,1031,685.3641666666667
13382.0,1387.58,5,863,2009-08-12 09:56:00,2011-04-03 10:03:00,599,277.51599999999996
13383.0,305.28000000000003,1,288,2010-06-14 11:45:00,2010-06-14 11:45:00,0,305.28000000000003
13384.0,6680.83,11,4142,2010-07-27 12:22:00,2011-10-25 15:39:00,455,607.3481818181818
13385.0,534.57,1,281,2011-01-14 09:52:00,2011-01-14 09:52:00,0,534.57
13386.0,835.46,2,514,2010-09-28 13:09:00,2010-10-21 12:52:00,22,417.73
13387.0,189.44,1,125,2010-10-18 14:07:00,2010-10-18 14:07:00,0,189.44
13388.0,1185.65,3,701,2010-04-15 10:18:00,2011-07-31 12:52:00,472,395.2166666666667
13389.0,797.96,3,429,2011-04-21 12:12:00,2011-11-28 14:01:00,221,265.9866666666667
13390.0,544.08,1,224,2011-09-26 08:38:00,2011-09-26 08:38:00,0,544.08
13391.0,59.8,1,4,2011-05-20 10:50:00,2011-05-20 10:50:00,0,59.8
13392.0,91.14,1,82,2010-01-31 13:34:00,2010-01-31 13:34:00,0,91.14
13393.0,1131.45,4,662,2009-07-12 18:12:00,2010-05-05 09:34:00,296,282.8625
13394.0,6319.6,18,5180,2009-01-12 11:58:00,2011-11-07 13:40:00,1029,351.0888888888889
13395.0,1180.23,3,1660,2010-04-11 14:00:00,2011-07-06 15:04:00,451,393.41
13396.0,1360.99,2,600,2011-01-24 13:37:00,2011-10-11 16:59:00,260,680.495
13397.0,3191.87,10,1336,2010-01-04 13:24:00,2011-09-28 10:56:00,631,319.187
13398.0,670.34,2,341,2010-09-17 09:34:00,2011-05-31 13:17:00,256,335.17
13399.0,275.4,3,120,2010-01-09 13:59:00,2010-08-07 17:47:00,210,91.8
13400.0,310.83,1,284,2010-06-05 09:00:00,2010-06-05 09:00:00,0,310.83
13402.0,1535.13,4,1107,2010-02-12 17:12:00,2011-04-08 15:51:00,419,383.7825
13403.0,229.5,3,114,2009-12-16 13:23:00,2011-11-22 08:28:00,705,76.5
13404.0,217.81,1,99,2011-11-05 11:57:00,2011-11-05 11:57:00,0,217.81
13405.0,1213.811,6,855,2009-12-15 14:13:00,2011-09-26 17:01:00,650,202.30183333333332
13406.0,568.92,2,292,2010-03-18 07:29:00,2010-08-10 14:44:00,145,284.46
13407.0,2244.7,3,1690,2010-02-16 11:13:00,2010-10-05 12:41:00,231,748.2333333333332
13408.0,50870.622,104,29039,2009-04-12 09:31:00,2011-12-07 16:37:00,969,489.14059615384616
13410.0,2201.96,9,1244,2009-08-12 13:43:00,2011-11-15 15:33:00,825,244.66222222222223
13411.0,213.55,1,72,2011-08-24 13:57:00,2011-08-24 13:57:00,0,213.55
13412.0,487.35,1,176,2010-03-29 16:28:00,2010-03-29 16:28:00,0,487.35
13413.0,429.44,6,455,2010-01-21 17:43:00,2010-10-03 12:17:00,254,71.57333333333334
13414.0,2494.14,6,2702,2010-02-09 16:55:00,2011-07-29 11:45:00,534,415.69
13415.0,800.67,4,502,2009-11-12 14:20:00,2010-08-24 11:38:00,284,200.1675
13416.0,940.8000000000001,3,208,2009-03-12 13:02:00,2011-10-27 08:56:00,958,313.6
13417.0,1264.66,5,442,2010-03-31 14:31:00,2011-05-18 16:26:00,413,252.93200000000002
13418.0,12233.6,31,7606,2009-11-12 12:51:00,2011-11-28 10:23:00,745,394.6322580645161
13419.0,221.06,1,275,2011-07-10 12:49:00,2011-07-10 12:49:00,0,221.06
13420.0,159.85,2,101,2011-06-22 11:35:00,2011-07-13 08:48:00,20,79.925
13421.0,4103.12,8,2420,2010-02-14 14:45:00,2011-10-30 14:21:00,622,512.89
13422.0,2626.3,1,1326,2011-06-10 13:42:00,2011-06-10 13:42:00,0,2626.3
13423.0,217.03,1,141,2010-07-10 09:02:00,2010-07-10 09:02:00,0,217.03
13424.0,572.77,1,529,2010-09-16 10:49:00,2010-09-16 10:49:00,0,572.77
13425.0,3403.63,5,2382,2010-07-19 12:56:00,2011-08-23 17:13:00,400,680.726
13426.0,7875.6,21,4724,2009-09-12 15:16:00,2011-11-29 13:29:00,807,375.02857142857147
13427.0,1006.53,6,880,2009-12-17 13:44:00,2011-11-20 13:02:00,702,167.755
13428.0,499.98,3,366,2010-07-13 13:20:00,2011-11-29 14:20:00,504,166.66
13429.0,1006.8,4,1390,2011-09-25 15:59:00,2011-11-29 09:10:00,64,251.7
13430.0,679.45,2,751,2011-09-14 14:26:00,2011-11-21 08:19:00,67,339.725
13431.0,3316.2400000000002,8,1570,2010-02-18 11:53:00,2011-12-09 11:25:00,658,414.53000000000003
13432.0,439.1,2,217,2010-05-17 13:18:00,2010-06-04 14:42:00,18,219.55
13433.0,658.32,4,190,2010-04-15 10:35:00,2010-12-01 08:59:00,229,164.58
13434.0,1666.8600000000001,5,864,2010-02-22 09:54:00,2011-09-26 14:30:00,581,333.372
13435.0,4032.93,8,2493,2010-07-27 16:56:00,2011-11-15 15:23:00,475,504.11625
13437.0,3408.06,7,1283,2011-01-09 18:20:00,2011-11-25 14:00:00,319,486.86571428571426
13438.0,46.5,1,10,2010-10-06 18:46:00,2010-10-06 18:46:00,0,46.5
13439.0,986.61,3,952,2010-01-07 14:36:00,2011-03-29 14:20:00,445,328.87
13440.0,1295.25,7,573,2010-09-14 10:34:00,2010-12-10 13:11:00,87,185.03571428571428
13441.0,720.9,2,520,2010-04-10 10:38:00,2011-09-09 09:38:00,516,360.45
13442.0,419.87,3,115,2009-01-12 14:59:00,2010-10-02 14:03:00,627,139.95666666666668
13443.0,1280.16,6,809,2010-01-31 13:30:00,2010-12-04 08:23:00,306,213.36
13444.0,631.68,2,337,2010-07-21 14:34:00,2010-11-30 13:02:00,131,315.84
13445.0,241.89999999999998,1,198,2010-03-23 15:34:00,2010-03-23 15:34:00,0,241.89999999999998
13446.0,3881.89,11,2403,2010-02-14 11:52:00,2010-11-08 14:20:00,267,352.8990909090909
13447.0,1129.14,3,584,2011-04-11 10:10:00,2011-11-16 13:38:00,219,376.38000000000005
13448.0,9240.87,13,4404,2009-06-12 12:14:00,2011-11-23 12:33:00,894,710.8361538461539
13449.0,291.88,1,222,2011-11-16 08:28:00,2011-11-16 08:28:00,0,291.88
13450.0,4120.04,13,4318,2010-04-15 19:15:00,2011-11-13 11:54:00,576,316.92615384615385
13451.0,7190.92,11,5268,2010-03-21 16:13:00,2011-12-05 18:49:00,624,653.72
13452.0,729.8,3,6,2010-08-24 09:53:00,2011-03-25 14:19:00,213,243.26666666666665
13453.0,781.69,3,341,2010-02-11 13:23:00,2011-06-27 09:34:00,500,260.56333333333333
13454.0,219.87,1,198,2010-08-03 14:40:00,2010-08-03 14:40:00,0,219.87
13455.0,2905.93,6,985,2009-09-12 08:58:00,2011-11-15 11:21:00,794,484.32166666666666
13456.0,1766.72,6,765,2011-05-16 15:34:00,2011-11-22 09:18:00,189,294.4533333333333
13457.0,148.22,2,96,2009-02-12 12:46:00,2010-01-20 08:48:00,341,74.11
13458.0,11959.27,16,6760,2010-11-16 14:01:00,2011-12-04 13:19:00,382,747.454375
13459.0,1160.41,2,986,2010-01-26 13:35:00,2010-03-25 10:24:00,57,580.205
13460.0,183.44,2,286,2011-10-11 17:17:00,2011-10-21 09:50:00,9,91.72
13461.0,4160.0,6,3132,2010-04-21 16:01:00,2011-07-24 11:32:00,458,693.3333333333334
13462.0,1153.8500000000001,5,697,2009-12-14 09:48:00,2011-01-04 11:20:00,386,230.77000000000004
13464.0,3097.64,6,1440,2010-03-31 15:22:00,2011-12-10 15:01:00,618,516.2733333333333
13465.0,931.12,2,584,2010-02-05 15:30:00,2010-09-19 15:13:00,225,465.56
13466.0,1013.35,5,660,2010-03-21 13:50:00,2011-08-06 16:39:00,503,202.67000000000002
13467.0,1083.71,2,584,2011-03-11 16:56:00,2011-11-29 10:01:00,262,541.855
13468.0,13265.97,71,5638,2009-03-12 13:32:00,2011-12-10 14:10:00,1003,186.84464788732393
13469.0,82.4,1,52,2010-02-24 15:03:00,2010-02-24 15:03:00,0,82.4
13470.0,165.0,2,100,2011-01-09 14:57:00,2011-08-16 17:06:00,219,82.5
13471.0,2439.34,3,1542,2011-04-12 11:45:00,2011-11-18 09:57:00,219,813.1133333333333
13472.0,592.24,2,310,2010-02-06 09:48:00,2010-02-09 09:41:00,2,296.12
13473.0,2657.76,8,1000,2009-12-15 19:02:00,2011-11-01 08:45:00,685,332.22
13474.0,663.79,3,334,2010-01-08 14:40:00,2011-04-17 13:53:00,463,221.26333333333332
13475.0,1431.78,4,1012,2011-01-06 13:52:00,2011-06-05 12:21:00,149,357.945
13476.0,2061.4700000000003,5,713,2010-05-03 09:39:00,2011-06-14 12:00:00,407,412.29400000000004
13477.0,2834.17,11,2095,2010-01-25 11:52:00,2011-12-05 13:10:00,679,257.6518181818182
13478.0,2215.78,5,1189,2010-01-31 15:51:00,2010-08-27 13:23:00,207,443.15600000000006
13479.0,851.37,4,716,2010-08-19 16:18:00,2011-05-23 10:45:00,276,212.8425
13480.0,627.82,2,362,2010-01-29 12:35:00,2010-10-19 11:53:00,262,313.91
13481.0,3830.84,11,2055,2009-04-12 12:37:00,2011-10-25 09:07:00,925,348.2581818181818
13482.0,336.09,2,187,2010-03-22 10:31:00,2011-04-21 17:03:00,395,168.045
13483.0,140.34,1,160,2011-05-10 11:53:00,2011-05-10 11:53:00,0,140.34
13484.0,790.72,3,224,2010-10-03 11:46:00,2011-12-04 16:30:00,427,263.5733333333333
13485.0,3019.2200000000003,11,1798,2009-03-12 13:46:00,2011-04-20 13:58:00,769,274.4745454545455
13486.0,1122.41,3,669,2011-03-08 13:10:00,2011-09-22 13:13:00,198,374.1366666666667
13487.0,846.87,5,362,2009-05-12 10:25:00,2011-10-13 12:07:00,884,169.374
13488.0,15587.880000000001,23,7891,2010-01-25 10:13:00,2011-12-01 11:52:00,675,677.7339130434783
13489.0,449.52,4,560,2011-02-18 10:42:00,2011-08-26 13:16:00,189,112.38
13490.0,154.25,1,25,2010-02-23 14:48:00,2010-02-23 14:48:00,0,154.25
13491.0,4566.56,27,2385,2009-07-12 08:24:00,2011-11-01 09:58:00,842,169.13185185185188
13492.0,1269.84,3,408,2011-01-07 08:55:00,2011-09-05 10:06:00,241,423.28
13493.0,618.63,2,380,2011-02-25 16:42:00,2011-09-03 15:35:00,189,309.315
13494.0,316.26000000000005,1,162,2011-01-02 11:58:00,2011-01-02 11:58:00,0,316.26000000000005
13495.0,5374.26,10,2674,2009-07-12 12:12:00,2011-04-21 15:15:00,648,537.426
13496.0,653.33,2,341,2010-12-15 10:17:00,2011-11-29 10:58:00,349,326.665
13497.0,1320.3300000000002,6,579,2010-03-24 12:56:00,2011-02-03 09:04:00,315,220.05500000000004
13498.0,327.38,1,362,2009-09-12 15:26:00,2009-09-12 15:26:00,0,327.38
13499.0,1159.1100000000001,5,1365,2011-03-15 08:52:00,2011-11-22 11:21:00,252,231.82200000000003
13500.0,1466.3,4,838,2010-03-11 13:16:00,2011-11-16 15:35:00,615,366.575
13501.0,2885.11,3,1253,2010-05-18 13:24:00,2011-02-24 18:59:00,282,961.7033333333334
13502.0,780.5,5,490,2010-09-06 10:52:00,2011-11-23 10:39:00,442,156.1
13503.0,1905.39,6,1118,2010-01-06 09:02:00,2011-09-29 13:23:00,631,317.565
13504.0,295.93,1,178,2011-06-10 13:20:00,2011-06-10 13:20:00,0,295.93
13505.0,4393.63,4,2486,2011-04-21 12:07:00,2011-09-28 11:56:00,159,1098.4075
13506.0,1639.2,5,1174,2010-05-09 12:33:00,2011-01-27 13:53:00,263,327.84000000000003
13507.0,2022.79,3,1212,2011-02-09 15:45:00,2011-08-24 15:12:00,195,674.2633333333333
13508.0,287.05,2,180,2010-07-03 11:58:00,2011-10-04 11:58:00,458,143.525
13509.0,1114.72,8,1214,2010-07-20 12:10:00,2011-11-03 15:42:00,471,139.34
13510.0,4216.43,10,2790,2009-12-21 11:53:00,2011-10-25 13:51:00,673,421.64300000000003
13511.0,282.76,1,60,2010-01-02 12:10:00,2010-01-02 12:10:00,0,282.76
13512.0,713.39,4,419,2010-05-05 13:22:00,2011-03-24 10:03:00,322,178.3475
13513.0,824.59,3,364,2010-02-22 16:36:00,2011-05-08 11:50:00,439,274.86333333333334
13514.0,815.9000000000001,4,288,2010-01-26 15:11:00,2011-09-27 09:39:00,608,203.97500000000002
13515.0,1265.82,6,819,2010-05-03 11:58:00,2011-09-28 11:26:00,512,210.97
13516.0,1685.26,4,1114,2010-10-18 08:52:00,2011-11-18 13:15:00,396,421.315
13517.0,2128.42,3,1369,2011-06-13 08:44:00,2011-11-10 11:43:00,150,709.4733333333334
13518.0,659.44,1,392,2011-09-15 10:29:00,2011-09-15 10:29:00,0,659.44
13519.0,343.21,2,133,2010-09-23 11:45:00,2011-09-22 18:24:00,364,171.605
13520.0,6909.4,11,3289,2009-12-17 11:11:00,2011-12-10 10:20:00,722,628.1272727272727
13521.0,287.88,1,180,2011-11-29 15:09:00,2011-11-29 15:09:00,0,287.88
13522.0,125.80000000000001,1,44,2011-09-11 15:11:00,2011-09-11 15:11:00,0,125.80000000000001
13523.0,5101.52,6,2354,2010-02-11 14:55:00,2011-10-24 10:29:00,619,850.2533333333334
13524.0,680.1800000000001,5,324,2011-04-05 12:26:00,2011-10-30 12:34:00,208,136.036
13525.0,628.78,2,394,2011-05-04 15:36:00,2011-11-25 12:01:00,204,314.39
13526.0,1182.0,2,1911,2009-01-12 12:56:00,2009-01-12 13:13:00,0,591.0
13527.0,4683.74,12,2762,2010-01-21 12:37:00,2011-11-09 12:15:00,656,390.31166666666667
13529.0,307.76,2,74,2011-05-19 11:50:00,2011-09-22 09:15:00,125,153.88
13530.0,402.98,1,272,2010-03-15 14:10:00,2010-03-15 14:10:00,0,402.98
13531.0,1738.52,6,600,2009-03-12 15:20:00,2011-05-18 16:56:00,797,289.75333333333333
13532.0,210.31,1,129,2011-06-11 12:25:00,2011-06-11 12:25:00,0,210.31
13533.0,270.79,3,204,2011-03-17 12:47:00,2011-10-06 11:54:00,202,90.26333333333334
13534.0,7363.7,34,3689,2010-07-07 15:00:00,2011-10-17 11:07:00,466,216.57941176470587
13535.0,89.5,1,10,2010-02-11 11:49:00,2010-02-11 11:49:00,0,89.5
13536.0,3098.94,6,2077,2011-04-12 11:55:00,2011-11-30 14:42:00,232,516.49
13537.0,717.85,2,337,2010-09-14 10:41:00,2010-10-10 12:45:00,26,358.925
13538.0,3112.73,12,963,2010-02-02 12:47:00,2011-11-08 08:50:00,643,259.39416666666665
13539.0,1569.36,7,710,2010-04-28 12:04:00,2011-09-15 10:18:00,504,224.1942857142857
13540.0,632.39,3,189,2010-02-22 09:22:00,2010-08-29 14:20:00,188,210.79666666666665
13541.0,785.25,2,279,2010-05-18 16:15:00,2010-08-10 16:37:00,84,392.625
13542.0,4006.17,17,815,2009-10-12 19:53:00,2010-11-28 11:24:00,411,235.6570588235294
13543.0,1439.61,2,329,2010-01-21 14:30:00,2010-03-15 13:34:00,52,719.805
13544.0,829.0,6,358,2010-01-06 11:38:00,2011-10-31 11:57:00,663,138.16666666666666
13545.0,374.64,2,257,2010-06-13 11:49:00,2010-11-14 11:27:00,153,187.32
13546.0,1092.14,5,589,2010-11-10 17:23:00,2011-11-27 14:50:00,381,218.42800000000003
13547.0,175.53,1,82,2010-10-27 14:14:00,2010-10-27 14:14:00,0,175.53
13548.0,908.99,3,565,2010-08-25 13:44:00,2011-10-04 11:35:00,404,302.99666666666667
13549.0,1005.8000000000001,8,554,2010-11-17 12:17:00,2011-12-07 10:05:00,384,125.72500000000001
13550.0,349.51,1,454,2010-11-21 15:24:00,2010-11-21 15:24:00,0,349.51
13551.0,244.2,2,36,2010-11-02 15:01:00,2011-01-24 14:46:00,82,122.1
13552.0,6978.92,22,2654,2010-02-19 13:28:00,2011-09-14 11:54:00,571,317.2236363636364
13553.0,517.8,1,206,2010-03-02 12:21:00,2010-03-02 12:21:00,0,517.8
13554.0,1638.28,7,581,2010-03-11 14:02:00,2010-11-24 15:05:00,258,234.04
13555.0,8999.19,13,4827,2010-01-19 13:20:00,2011-09-27 12:36:00,615,692.2453846153846
13556.0,200.82,2,134,2010-06-10 16:44:00,2010-09-30 09:01:00,111,100.41
13557.0,3032.26,13,2398,2009-08-12 17:41:00,2011-11-11 15:24:00,820,233.25076923076924
13558.0,605.06,4,344,2011-02-10 13:01:00,2011-11-16 12:13:00,278,151.265
13559.0,990.0,2,360,2010-06-14 11:52:00,2010-07-15 09:52:00,30,495.0
13560.0,174.37,1,64,2011-02-12 13:11:00,2011-02-12 13:11:00,0,174.37
13561.0,1820.72,11,1136,2010-02-28 13:42:00,2011-08-05 12:39:00,522,165.52
13562.0,4838.18,8,1603,2010-01-14 16:33:00,2011-09-19 10:51:00,612,604.7725
13563.0,777.53,2,209,2011-07-22 17:21:00,2011-09-16 14:45:00,55,388.765
13564.0,17249.55,37,9251,2009-02-12 11:55:00,2011-07-18 14:33:00,886,466.20405405405404
13565.0,414.8,3,260,2010-10-24 15:51:00,2011-11-20 14:33:00,391,138.26666666666668
13566.0,1708.1200000000001,5,1266,2010-01-10 12:27:00,2011-10-30 11:59:00,657,341.624
13567.0,1083.69,4,645,2010-06-16 12:48:00,2010-08-24 14:26:00,69,270.9225
13568.0,192.85,1,70,2011-06-19 14:42:00,2011-06-19 14:42:00,0,192.85
13569.0,893.78,4,402,2010-07-10 13:05:00,2011-11-22 13:07:00,500,223.445
13570.0,239.49,1,161,2011-10-04 13:36:00,2011-10-04 13:36:00,0,239.49
13571.0,4546.54,26,3197,2009-08-12 13:02:00,2011-11-27 10:47:00,836,174.8669230769231
13572.0,1384.25,1,534,2011-05-18 11:59:00,2011-05-18 11:59:00,0,1384.25
13573.0,916.47,6,660,2010-09-16 15:46:00,2011-10-20 14:33:00,398,152.745
13574.0,421.25,1,316,2010-10-24 13:28:00,2010-10-24 13:28:00,0,421.25
13575.0,732.07,5,449,2011-06-16 14:24:00,2011-12-10 11:55:00,176,146.41400000000002
13576.0,11551.74,28,4614,2009-08-12 15:12:00,2011-11-29 15:34:00,839,412.5621428571429
13577.0,3489.28,11,1661,2009-12-14 16:10:00,2011-12-04 10:33:00,719,317.20727272727277
13578.0,147.66,1,127,2010-10-26 13:44:00,2010-10-26 13:44:00,0,147.66
13579.0,1539.04,5,764,2010-02-18 13:53:00,2011-11-25 08:41:00,644,307.808
13580.0,107.75,1,45,2010-10-29 15:01:00,2010-10-29 15:01:00,0,107.75
13581.0,280.53000000000003,2,119,2010-10-21 16:30:00,2011-03-02 14:41:00,131,140.26500000000001
13582.0,241.68,2,106,2010-01-04 11:38:00,2010-11-15 11:34:00,314,120.84
13583.0,1445.031,2,1097,2010-01-29 13:53:00,2011-07-07 10:40:00,523,722.5155
13584.0,392.45,3,363,2010-02-02 08:40:00,2011-06-02 12:49:00,485,130.81666666666666
13585.0,684.54,3,1386,2009-01-12 14:56:00,2010-10-05 16:04:00,631,228.17999999999998
13586.0,131.53,1,39,2010-06-16 13:47:00,2010-06-16 13:47:00,0,131.53
13587.0,1673.5,4,664,2010-02-14 13:17:00,2011-07-10 12:31:00,510,418.375
13588.0,2478.95,9,2606,2011-01-09 11:15:00,2011-11-24 10:42:00,318,275.43888888888887
13589.0,1120.74,6,293,2009-06-12 10:26:00,2011-11-25 12:10:00,896,186.79
13590.0,6349.59,18,5276,2009-01-12 13:37:00,2011-12-07 10:46:00,1058,352.755
13591.0,2093.94,7,850,2009-12-14 15:44:00,2011-06-10 12:26:00,542,299.13428571428574
13592.0,247.95999999999998,4,84,2011-03-20 14:01:00,2011-10-05 15:48:00,199,61.989999999999995
13593.0,5523.6900000000005,14,2190,2010-02-03 16:36:00,2011-08-23 13:35:00,565,394.54928571428576
13594.0,533.32,2,396,2010-11-08 10:23:00,2011-10-18 10:19:00,343,266.66
13595.0,818.22,3,353,2010-03-03 14:42:00,2010-11-07 12:36:00,248,272.74
13596.0,697.04,2,406,2011-04-12 12:01:00,2011-11-27 11:57:00,228,348.52
13597.0,396.71,2,231,2010-02-11 09:30:00,2010-04-11 14:54:00,59,198.355
13598.0,789.59,5,401,2010-01-08 13:21:00,2011-10-23 14:28:00,653,157.918
13599.0,10052.17,32,6424,2009-01-12 12:30:00,2011-12-04 09:03:00,1055,314.1303125
13600.0,518.42,2,599,2010-03-15 17:16:00,2011-01-31 15:27:00,321,259.21
13601.0,1185.14,4,972,2010-11-06 15:03:00,2011-12-05 16:52:00,394,296.285
13602.0,1025.17,4,538,2010-05-28 11:49:00,2011-06-10 11:47:00,377,256.2925
13603.0,164.34,1,164,2011-11-13 15:57:00,2011-11-13 15:57:00,0,164.34
13604.0,717.62,1,242,2010-02-19 12:02:00,2010-02-19 12:02:00,0,717.62
13605.0,522.67,2,425,2010-05-17 15:46:00,2010-11-17 17:16:00,184,261.335
13606.0,280.54,3,279,2011-01-02 11:42:00,2011-10-11 17:46:00,282,93.51333333333334
13607.0,1078.31,2,468,2010-02-11 11:48:00,2011-10-30 16:17:00,626,539.155
13608.0,236.2,1,113,2010-06-17 12:28:00,2010-06-17 12:28:00,0,236.2
13609.0,167.35,1,19,2010-04-25 13:26:00,2010-04-25 13:26:00,0,167.35
13610.0,2175.88,14,909,2010-01-26 14:05:00,2011-11-27 15:38:00,670,155.42000000000002
13611.0,3319.53,10,2002,2009-03-12 07:57:00,2011-11-09 14:51:00,972,331.95300000000003
13612.0,818.29,1,444,2010-03-17 12:14:00,2010-03-17 12:14:00,0,818.29
13613.0,1039.8500000000001,5,445,2010-02-17 12:40:00,2010-09-13 12:01:00,207,207.97000000000003
13614.0,2359.19,6,828,2010-06-06 13:42:00,2011-11-15 14:47:00,527,393.1983333333333
13615.0,6272.53,8,2910,2010-01-28 15:43:00,2011-01-25 08:21:00,361,784.06625
13616.0,288.1,2,175,2010-01-17 14:56:00,2010-05-20 12:59:00,122,144.05
13617.0,1278.75,8,593,2010-01-08 15:23:00,2011-12-06 12:55:00,696,159.84375
13618.0,177.34,1,246,2011-06-19 11:09:00,2011-06-19 11:09:00,0,177.34
13619.0,231.69,2,84,2010-03-02 14:16:00,2010-06-13 11:39:00,102,115.845
13620.0,112.34,1,74,2010-06-29 15:02:00,2010-06-29 15:02:00,0,112.34
13621.0,213.85,1,343,2011-08-15 08:26:00,2011-08-15 08:26:00,0,213.85
13622.0,658.95,1,379,2010-12-01 13:22:00,2010-12-01 13:22:00,0,658.95
13623.0,2566.49,10,1023,2009-02-12 13:57:00,2011-09-11 12:00:00,940,256.649
13624.0,462.08,1,820,2010-11-16 13:43:00,2010-11-16 13:43:00,0,462.08
13625.0,301.26,1,144,2010-04-22 10:50:00,2010-04-22 10:50:00,0,301.26
13626.0,707.04,2,398,2010-11-25 16:12:00,2011-01-04 10:05:00,39,353.52
13627.0,2245.9,7,1632,2010-08-08 14:32:00,2011-11-10 14:20:00,458,320.84285714285716
13628.0,310.14,1,106,2010-01-02 14:44:00,2010-01-02 14:44:00,0,310.14
13629.0,13370.86,19,7722,2010-02-09 16:07:00,2011-11-16 13:21:00,644,703.7294736842106
13630.0,1799.78,6,1271,2011-02-27 12:49:00,2011-09-25 10:30:00,209,299.9633333333333
13631.0,3070.42,11,467,2011-01-09 09:57:00,2011-07-19 15:49:00,191,279.1290909090909
13632.0,3648.15,8,1639,2010-07-04 10:59:00,2011-11-15 10:51:00,498,456.01875
13634.0,5073.47,16,2096,2010-01-17 14:07:00,2011-11-04 16:17:00,656,317.091875
13635.0,2999.16,4,1884,2009-01-12 09:46:00,2011-03-10 10:55:00,787,749.79
13636.0,949.12,5,592,2011-01-04 12:09:00,2011-09-08 14:56:00,247,189.824
13637.0,810.5,3,409,2011-04-27 13:06:00,2011-10-18 13:32:00,174,270.1666666666667
13638.0,122.64,1,93,2011-11-24 10:38:00,2011-11-24 10:38:00,0,122.64
13639.0,1346.27,2,997,2010-09-29 10:05:00,2011-09-26 13:36:00,362,673.135
13640.0,405.0,1,108,2010-07-04 15:33:00,2010-07-04 15:33:00,0,405.0
13641.0,1016.47,5,1098,2009-05-12 13:17:00,2010-09-03 07:37:00,478,203.294
13642.0,514.72,4,253,2010-03-10 12:23:00,2011-08-05 12:34:00,513,128.68
13643.0,2156.77,10,902,2009-08-12 12:48:00,2011-08-11 15:37:00,729,215.677
13644.0,2624.26,4,2067,2011-08-26 11:53:00,2011-11-23 14:07:00,89,656.065
13645.0,252.1,1,158,2011-11-08 16:11:00,2011-11-08 16:11:00,0,252.1
13646.0,326.25,2,79,2010-05-11 12:00:00,2010-05-11 12:13:00,0,163.125
13647.0,3071.68,8,1803,2010-02-08 10:29:00,2011-11-30 12:00:00,660,383.96
13648.0,1764.02,8,960,2009-01-12 18:13:00,2010-10-28 09:12:00,653,220.5025
13649.0,1678.88,6,863,2010-06-30 16:35:00,2011-03-28 11:51:00,270,279.81333333333333
13650.0,3288.0,10,1746,2010-01-07 12:25:00,2011-12-09 12:45:00,701,328.8
13651.0,226.85,3,62,2010-11-23 09:44:00,2011-10-31 12:11:00,342,75.61666666666666
13652.0,2570.85,5,1570,2010-02-25 17:37:00,2011-10-25 08:51:00,606,514.17
13653.0,152.2,1,72,2010-09-08 08:19:00,2010-09-08 08:19:00,0,152.2
13654.0,6308.0,11,4762,2009-02-12 11:43:00,2011-11-04 14:07:00,995,573.4545454545455
13655.0,2280.51,6,1225,2010-04-27 09:59:00,2011-12-04 09:53:00,585,380.08500000000004
13656.0,1078.85,4,862,2010-04-23 12:50:00,2011-06-28 10:31:00,430,269.7125
13657.0,382.14,2,209,2011-05-22 12:35:00,2011-11-29 12:32:00,190,191.07
13658.0,6025.5,9,2171,2010-04-08 13:47:00,2011-11-30 10:13:00,600,669.5
13659.0,4894.88,12,2539,2010-01-07 14:12:00,2011-05-18 12:37:00,495,407.9066666666667
13660.0,314.59,1,137,2010-04-11 16:10:00,2010-04-11 16:10:00,0,314.59
13661.0,325.24,1,118,2010-04-15 14:58:00,2010-04-15 14:58:00,0,325.24
13662.0,2250.11,11,1179,2010-02-19 13:21:00,2011-11-05 13:23:00,624,204.55545454545455
13663.0,2047.51,5,893,2010-03-03 10:11:00,2011-06-13 15:44:00,467,409.502
13665.0,1711.66,3,1652,2010-07-23 13:29:00,2010-11-18 13:06:00,117,570.5533333333334
13666.0,127.9,5,54,2009-04-12 10:48:00,2011-10-10 15:39:00,911,25.580000000000002
13667.0,305.02,1,154,2011-07-13 15:42:00,2011-07-13 15:42:00,0,305.02
13668.0,12756.92,34,5959,2009-11-12 14:28:00,2011-11-29 12:50:00,746,375.2035294117647
13669.0,413.55,3,393,2010-10-28 15:05:00,2011-10-20 09:32:00,356,137.85
13670.0,349.7,1,282,2011-09-25 15:25:00,2011-09-25 15:25:00,0,349.7
13671.0,194.95,1,107,2010-10-11 10:50:00,2010-10-11 10:50:00,0,194.95
13672.0,419.92,3,138,2009-09-12 11:40:00,2011-11-02 13:53:00,781,139.97333333333333
13673.0,396.92,2,119,2011-07-11 15:40:00,2011-11-21 12:11:00,132,198.46
13674.0,240.68,1,102,2010-03-10 10:41:00,2010-03-10 10:41:00,0,240.68
13675.0,486.82000000000005,2,330,2011-02-28 12:14:00,2011-11-07 12:57:00,252,243.41000000000003
13676.0,243.9,2,104,2010-03-30 16:53:00,2010-06-18 17:30:00,80,121.95
13677.0,556.1899999999999,2,218,2010-07-07 17:25:00,2010-10-31 11:32:00,115,278.09499999999997
13678.0,232.6,1,924,2011-11-07 10:14:00,2011-11-07 10:14:00,0,232.6
13679.0,281.26,3,102,2009-04-12 16:52:00,2010-04-19 17:11:00,372,93.75333333333333
13680.0,10797.29,11,4928,2009-04-12 14:14:00,2011-10-31 13:22:00,931,981.5718181818182
13681.0,827.83,4,360,2011-02-10 11:41:00,2011-11-22 11:13:00,284,206.9575
13682.0,59.5,1,10,2011-05-06 14:06:00,2011-05-06 14:06:00,0,59.5
13683.0,258.6,1,180,2010-08-09 10:00:00,2010-08-09 10:00:00,0,258.6
13684.0,596.98,4,235,2010-03-28 14:48:00,2011-02-27 10:13:00,335,149.245
13685.0,1934.45,3,4441,2011-10-10 12:59:00,2011-10-25 13:14:00,15,644.8166666666667
13686.0,409.04,3,378,2010-03-11 13:44:00,2011-10-06 09:10:00,573,136.34666666666666
13687.0,11880.84,1,87167,2010-09-27 16:30:00,2010-09-27 16:30:00,0,11880.84
13688.0,375.5,1,130,2010-03-14 14:11:00,2010-03-14 14:11:00,0,375.5
13689.0,1259.5,2,722,2010-09-21 10:27:00,2011-07-10 13:21:00,292,629.75
13690.0,172.25,1,67,2011-11-10 15:03:00,2011-11-10 15:03:00,0,172.25
13691.0,212.78,1,145,2010-08-11 17:34:00,2010-08-11 17:34:00,0,212.78
13692.0,3114.4,5,2101,2010-10-15 13:28:00,2011-11-15 11:17:00,395,622.88
13693.0,2011.8200000000002,9,880,2009-07-12 11:29:00,2010-12-11 12:51:00,517,223.53555555555556
13694.0,193351.65,140,186765,2009-04-12 15:26:00,2011-11-14 11:11:00,945,1381.0832142857143
13695.0,2770.73,16,1791,2010-11-05 11:07:00,2011-12-08 11:41:00,398,173.170625
13696.0,2020.4,3,552,2010-04-27 11:53:00,2010-11-02 14:17:00,189,673.4666666666667
13697.0,151.3,1,177,2011-01-11 09:14:00,2011-01-11 09:14:00,0,151.3
13698.0,465.53000000000003,2,231,2010-01-27 09:02:00,2010-04-22 11:52:00,85,232.76500000000001
13699.0,764.15,2,219,2010-07-06 13:03:00,2011-07-07 16:51:00,366,382.075
13700.0,2613.46,13,2809,2010-07-02 10:53:00,2011-12-04 11:32:00,520,201.03538461538463
13701.0,161.0,1,80,2010-09-19 12:39:00,2010-09-19 12:39:00,0,161.0
13702.0,135.18,1,74,2010-09-20 11:40:00,2010-09-20 11:40:00,0,135.18
13703.0,425.56,2,128,2010-10-20 13:11:00,2011-01-25 13:10:00,96,212.78
13704.0,2143.38,8,1441,2011-09-13 15:41:00,2011-12-10 12:44:00,87,267.9225
13705.0,2035.33,7,1009,2010-01-12 10:29:00,2011-07-18 09:15:00,551,290.76142857142855
13706.0,631.1700000000001,2,301,2010-03-23 09:18:00,2011-10-02 09:21:00,558,315.58500000000004
13707.0,3365.86,5,2210,2010-06-10 10:04:00,2011-03-17 18:03:00,280,673.172
13708.0,296.88,1,306,2011-03-13 13:46:00,2011-03-13 13:46:00,0,296.88
13709.0,7063.4400000000005,16,3905,2010-03-31 10:49:00,2011-10-21 15:18:00,569,441.46500000000003
13710.0,509.52,3,336,2010-06-04 12:54:00,2011-08-11 08:16:00,432,169.84
13711.0,1792.26,9,819,2009-12-15 19:04:00,2011-05-05 10:31:00,505,199.14
13712.0,766.42,2,1128,2010-08-04 11:16:00,2011-07-04 12:33:00,334,383.21
13713.0,743.26,3,286,2010-05-05 16:48:00,2010-10-27 16:18:00,174,247.75333333333333
13714.0,161.35,1,50,2010-08-31 13:57:00,2010-08-31 13:57:00,0,161.35
13715.0,8483.29,17,4934,2010-02-12 08:52:00,2011-05-01 12:15:00,443,499.01705882352945
13716.0,138.28,1,138,2011-03-15 13:49:00,2011-03-15 13:49:00,0,138.28
13717.0,1763.3,8,2144,2010-08-09 16:17:00,2011-10-14 14:16:00,430,220.4125
13718.0,306.55,2,173,2011-02-17 11:58:00,2011-07-04 13:24:00,137,153.275
13719.0,2815.25,11,1599,2010-01-06 16:06:00,2011-11-24 15:26:00,686,255.9318181818182
13720.0,799.9,4,501,2011-03-30 09:17:00,2011-08-15 12:46:00,138,199.975
13721.0,741.54,2,512,2010-09-11 17:59:00,2011-03-11 14:05:00,180,370.77
13722.0,5635.41,10,3059,2010-03-03 14:13:00,2011-07-31 12:44:00,514,563.5409999999999
13723.0,1209.2,6,629,2010-05-28 11:53:00,2011-06-05 17:04:00,373,201.53333333333333
13724.0,213.01,1,130,2010-12-03 15:28:00,2010-12-03 15:28:00,0,213.01
13725.0,1980.56,8,806,2011-02-20 10:43:00,2011-10-21 10:03:00,242,247.57
13726.0,1079.66,2,1054,2011-01-11 10:49:00,2011-08-31 11:06:00,232,539.83
13727.0,1080.05,8,370,2009-09-12 13:25:00,2011-11-11 09:46:00,789,135.00625
13728.0,2855.17,16,1269,2009-09-12 17:13:00,2011-08-24 12:54:00,710,178.448125
13729.0,724.73,3,419,2010-01-24 14:57:00,2010-09-30 10:44:00,248,241.57666666666668
13730.0,752.6,2,488,2011-01-07 12:47:00,2011-07-27 08:35:00,200,376.3
13731.0,610.59,2,278,2011-04-05 14:33:00,2011-07-04 10:10:00,89,305.295
13732.0,491.86,1,498,2011-11-11 15:49:00,2011-11-11 15:49:00,0,491.86
13733.0,487.03000000000003,2,335,2009-04-12 15:28:00,2010-10-25 12:18:00,560,243.51500000000001
13734.0,6701.640000000001,4,303,2010-04-16 08:42:00,2010-09-07 15:20:00,144,1675.4100000000003
13735.0,9813.22,13,4158,2009-12-13 13:31:00,2011-11-15 11:14:00,701,754.8630769230768
13736.0,2391.84,6,1283,2009-06-12 12:07:00,2011-03-24 13:04:00,650,398.64000000000004
13737.0,339.6,1,125,2011-05-23 16:32:00,2011-05-23 16:32:00,0,339.6
13738.0,440.93,1,240,2010-08-11 15:23:00,2010-08-11 15:23:00,0,440.93
13739.0,292.2,2,76,2010-06-30 10:25:00,2011-11-21 13:35:00,509,146.1
13740.0,1597.77,5,991,2009-02-12 12:22:00,2011-04-13 10:32:00,789,319.554
13741.0,668.4300000000001,3,218,2011-06-05 13:43:00,2011-09-29 09:19:00,115,222.81000000000003
13742.0,3131.02,12,1124,2011-01-23 14:59:00,2011-11-23 11:07:00,303,260.91833333333335
13743.0,1065.84,6,1416,2011-03-25 14:46:00,2011-12-09 12:19:00,258,177.64
13744.0,1156.36,2,1249,2011-02-20 14:08:00,2011-05-09 15:19:00,78,578.18
13745.0,777.36,2,1146,2010-11-06 17:19:00,2011-06-30 16:43:00,235,388.68
13746.0,176.69,1,83,2010-10-22 11:55:00,2010-10-22 11:55:00,0,176.69
13747.0,249.39999999999998,2,68,2010-01-12 10:37:00,2010-11-10 09:15:00,301,124.69999999999999
13748.0,2268.35,9,1108,2009-01-12 16:44:00,2011-07-04 10:13:00,902,252.0388888888889
13750.0,3602.18,11,1370,2010-01-04 14:49:00,2011-10-17 12:16:00,650,327.47090909090906
13751.0,296.25,1,152,2011-02-24 15:56:00,2011-02-24 15:56:00,0,296.25
13752.0,1590.73,7,1007,2010-06-30 10:23:00,2011-09-05 14:02:00,432,227.24714285714285
13753.0,2094.57,4,1450,2009-03-12 10:20:00,2011-02-25 12:48:00,715,523.6425
13754.0,447.05,3,315,2010-09-28 15:29:00,2011-11-07 11:51:00,404,149.01666666666668
13755.0,2004.45,8,1184,2011-01-11 14:03:00,2011-11-30 13:29:00,322,250.55625
13756.0,8361.1,21,5029,2009-12-15 15:18:00,2011-11-17 10:02:00,701,398.14761904761906
13757.0,195.55,1,54,2010-03-02 12:37:00,2010-03-02 12:37:00,0,195.55
13758.0,9416.98,15,5068,2009-01-12 10:06:00,2011-11-28 11:11:00,1050,627.7986666666667
13759.0,659.4100000000001,2,287,2011-06-11 14:47:00,2011-09-29 15:40:00,110,329.70500000000004
13760.0,1363.6399999999999,5,623,2010-04-25 13:10:00,2011-10-16 16:13:00,539,272.72799999999995
13761.0,1952.17,6,1079,2010-02-21 11:08:00,2011-10-20 14:01:00,606,325.3616666666667
13762.0,2472.48,5,2608,2010-02-28 11:54:00,2011-05-05 09:15:00,430,494.496
13763.0,5217.44,3,3224,2010-09-30 17:39:00,2011-07-10 15:13:00,282,1739.1466666666665
13764.0,2953.26,6,2099,2010-05-19 15:47:00,2011-09-30 12:03:00,498,492.21000000000004
13765.0,352.821,1,297,2010-02-24 13:46:00,2010-02-24 13:46:00,0,352.821
13766.0,190.35,1,137,2010-01-08 14:25:00,2010-01-08 14:25:00,0,190.35
13767.0,34654.55,72,14817,2009-01-12 10:52:00,2011-11-14 12:22:00,1036,481.3131944444445
13768.0,875.97,2,373,2009-09-12 10:25:00,2009-12-13 10:41:00,92,437.985
13769.0,5482.5,19,2426,2009-12-16 11:59:00,2011-09-08 10:47:00,630,288.55263157894734
13770.0,785.37,4,468,2009-09-12 14:44:00,2010-10-13 15:10:00,396,196.3425
13771.0,5728.82,9,3140,2010-02-25 12:37:00,2011-06-10 14:18:00,470,636.5355555555556
13772.0,3114.2200000000003,8,1456,2010-02-23 13:55:00,2011-06-11 11:43:00,472,389.27750000000003
13773.0,301.54,2,174,2010-02-18 10:27:00,2010-08-11 11:49:00,174,150.77
13774.0,345.0,1,192,2011-09-19 12:06:00,2011-09-19 12:06:00,0,345.0
13775.0,1049.66,1,455,2010-04-28 12:15:00,2010-04-28 12:15:00,0,1049.66
13776.0,623.98,2,2,2010-07-10 16:07:00,2010-07-10 16:11:00,0,311.99
13777.0,56213.18,59,26546,2009-02-12 09:47:00,2011-11-15 09:42:00,1005,952.7657627118645
13778.0,1124.49,4,511,2010-05-08 14:52:00,2011-08-28 15:25:00,477,281.1225
13779.0,161.13,1,53,2010-12-07 11:24:00,2010-12-07 11:24:00,0,161.13
13780.0,735.82,3,481,2010-10-28 19:51:00,2011-06-22 11:43:00,236,245.27333333333334
13781.0,778.83,3,300,2009-12-18 15:46:00,2011-03-04 12:08:00,440,259.61
13782.0,1793.72,13,649,2009-06-12 12:52:00,2011-11-27 11:54:00,897,137.97846153846154
13783.0,1542.09,4,3437,2010-04-02 13:47:00,2010-10-03 11:21:00,183,385.5225
13784.0,2910.23,14,2827,2010-01-10 08:19:00,2011-11-30 09:33:00,689,207.87357142857144
13785.0,542.49,4,151,2010-05-09 16:01:00,2010-07-10 09:25:00,61,135.6225
13786.0,3358.94,6,1652,2009-03-12 15:32:00,2010-11-21 13:29:00,618,559.8233333333334
13787.0,1222.5,6,998,2010-01-14 10:13:00,2011-09-25 12:06:00,619,203.75
13788.0,3.75,1,1,2010-07-22 15:50:00,2010-07-22 15:50:00,0,3.75
13789.0,239.46,1,258,2010-11-16 15:31:00,2010-11-16 15:31:00,0,239.46
13791.0,1516.0,2,1200,2011-04-08 11:44:00,2011-06-24 16:38:00,77,758.0
13792.0,383.95,3,156,2010-10-13 11:05:00,2011-04-10 14:31:00,179,127.98333333333333
13793.0,96.0,1,52,2010-03-03 08:25:00,2010-03-03 08:25:00,0,96.0
13794.0,126.03,1,63,2010-11-06 12:30:00,2010-11-06 12:30:00,0,126.03
13795.0,836.3,4,1250,2010-07-21 11:39:00,2010-12-03 12:44:00,135,209.075
13796.0,289.7,1,218,2010-07-28 14:45:00,2010-07-28 14:45:00,0,289.7
13797.0,1179.45,3,573,2010-02-03 12:17:00,2010-09-29 10:34:00,237,393.15000000000003
13798.0,74672.43000000001,108,47559,2009-08-12 16:21:00,2011-12-09 12:24:00,848,691.411388888889
13799.0,2803.57,9,1539,2010-05-03 16:39:00,2011-08-15 12:07:00,468,311.5077777777778
13800.0,1679.56,3,891,2009-03-12 10:03:00,2011-03-02 12:27:00,720,559.8533333333334
13801.0,324.8,1,168,2011-04-10 10:15:00,2011-04-10 10:15:00,0,324.8
13802.0,26259.11,19,14129,2010-02-16 10:11:00,2011-07-24 10:54:00,523,1382.0584210526315
13803.0,1338.91,3,831,2010-03-31 10:00:00,2011-03-29 12:57:00,363,446.30333333333334
13804.0,3208.52,9,1833,2010-09-29 10:26:00,2011-09-22 12:29:00,358,356.5022222222222
13805.0,924.5999999999999,2,1900,2011-02-08 15:29:00,2011-10-18 14:50:00,251,462.29999999999995
13806.0,256.38,1,56,2011-07-10 11:43:00,2011-07-10 11:43:00,0,256.38
13807.0,534.8,3,152,2009-04-12 12:41:00,2010-07-12 15:48:00,456,178.26666666666665
13808.0,1747.66,5,782,2011-04-09 12:07:00,2011-10-24 12:38:00,198,349.53200000000004
13809.0,679.6999999999999,3,281,2010-05-09 11:42:00,2011-07-02 13:15:00,419,226.56666666666663
13810.0,1499.01,3,312,2011-10-14 12:57:00,2011-11-11 08:33:00,27,499.67
13811.0,814.5,3,68,2011-04-14 18:40:00,2011-09-06 09:54:00,144,271.5
13812.0,539.0,3,333,2011-06-10 14:37:00,2011-10-28 14:27:00,139,179.66666666666666
13813.0,2765.4700000000003,8,1292,2009-06-12 10:16:00,2011-11-09 13:38:00,880,345.68375000000003
13814.0,2257.32,3,1214,2010-06-30 14:12:00,2011-08-09 13:48:00,404,752.44
13815.0,7475.74,8,5381,2010-01-09 11:23:00,2011-11-17 14:19:00,677,934.4675
13816.0,571.6700000000001,2,269,2011-06-10 14:37:00,2011-11-16 08:38:00,158,285.83500000000004
13817.0,382.98,2,211,2010-12-23 11:46:00,2011-10-11 17:49:00,292,191.49
13818.0,61.28,1,60,2010-06-10 12:35:00,2010-06-10 12:35:00,0,61.28
13819.0,2642.35,6,2309,2009-01-12 16:18:00,2011-11-02 10:38:00,1023,440.39166666666665
13820.0,660.65,3,287,2010-01-28 12:26:00,2010-10-17 13:46:00,262,220.21666666666667
13821.0,1410.73,6,483,2010-01-15 12:28:00,2011-07-18 09:49:00,548,235.12166666666667
13822.0,632.0,2,611,2011-04-12 12:13:00,2011-10-30 15:55:00,201,316.0
13823.0,3403.4500000000003,7,1564,2009-12-15 14:34:00,2011-11-21 10:22:00,705,486.2071428571429
13824.0,3314.76,12,1442,2010-04-29 12:30:00,2011-12-04 08:42:00,583,276.23
13825.0,255.59,2,182,2009-09-12 14:30:00,2010-03-28 11:02:00,196,127.795
13826.0,189.5,1,82,2011-06-16 13:48:00,2011-06-16 13:48:00,0,189.5
13827.0,412.05,3,141,2011-07-19 15:38:00,2011-10-13 12:38:00,85,137.35
13828.0,209.49,1,311,2011-11-17 16:02:00,2011-11-17 16:02:00,0,209.49
13829.0,102.0,1,12,2010-10-14 18:19:00,2010-10-14 18:19:00,0,102.0
13830.0,156.85000000000002,1,47,2010-07-05 12:24:00,2010-07-05 12:24:00,0,156.85000000000002
13831.0,7023.58,18,2557,2009-10-12 14:50:00,2011-11-23 15:41:00,772,390.19888888888886
13832.0,613.6899999999999,2,422,2010-10-13 14:41:00,2011-11-20 15:36:00,403,306.84499999999997
13833.0,701.36,2,244,2010-10-31 14:11:00,2011-03-07 13:27:00,126,350.68
13834.0,324.19,2,221,2010-08-02 12:52:00,2010-12-05 10:27:00,124,162.095
13835.0,1095.27,7,520,2010-03-24 12:32:00,2011-11-14 15:37:00,600,156.46714285714285
13836.0,620.37,2,273,2010-05-11 13:31:00,2010-10-21 13:27:00,162,310.185
13837.0,271.24,2,183,2011-01-26 12:15:00,2011-12-05 12:10:00,312,135.62
13838.0,1966.09,10,794,2010-03-10 12:07:00,2011-08-14 10:52:00,521,196.60899999999998
13839.0,139.95000000000002,1,25,2010-10-08 13:52:00,2010-10-08 13:52:00,0,139.95000000000002
13840.0,651.4,1,358,2010-10-19 13:34:00,2010-10-19 13:34:00,0,651.4
13841.0,85.0,1,100,2011-01-04 12:10:00,2011-01-04 12:10:00,0,85.0
13842.0,5629.91,18,2879,2010-02-16 15:54:00,2011-12-10 10:51:00,661,312.7727777777778
13843.0,319.75,1,145,2010-11-23 17:48:00,2010-11-23 17:48:00,0,319.75
13844.0,361.62,1,196,2011-11-28 13:21:00,2011-11-28 13:21:00,0,361.62
13845.0,312.98,1,182,2011-06-10 08:25:00,2011-06-10 08:25:00,0,312.98
13846.0,1307.79,4,705,2010-05-11 09:47:00,2011-11-15 12:07:00,553,326.9475
13847.0,310.72,1,96,2009-12-20 10:41:00,2009-12-20 10:41:00,0,310.72
13848.0,3335.0,8,10200,2009-09-12 16:17:00,2011-08-09 12:58:00,695,416.875
13849.0,3469.3,5,1883,2010-01-10 14:57:00,2011-10-19 10:59:00,646,693.86
13850.0,1595.48,1,944,2011-02-08 14:04:00,2011-02-08 14:04:00,0,1595.48
13851.0,4606.46,8,2525,2010-01-29 11:54:00,2011-05-09 12:36:00,465,575.8075
13852.0,187.35000000000002,1,85,2010-08-04 09:06:00,2010-08-04 09:06:00,0,187.35000000000002
13853.0,1090.1399999999999,1,312,2011-10-13 14:18:00,2011-10-13 14:18:00,0,1090.1399999999999
13854.0,12253.96,39,3710,2010-02-02 12:03:00,2011-12-09 15:04:00,675,314.2041025641025
13855.0,1310.3400000000001,4,575,2009-08-12 16:56:00,2010-07-27 09:53:00,348,327.58500000000004
13856.0,1142.03,11,1105,2010-02-08 12:52:00,2011-09-06 08:45:00,574,103.82090909090908
13857.0,1001.01,6,782,2010-05-17 14:21:00,2010-11-11 12:54:00,177,166.835
13858.0,216.17000000000002,1,75,2011-10-13 16:17:00,2011-10-13 16:17:00,0,216.17000000000002
13859.0,515.86,2,167,2010-06-28 15:36:00,2011-01-17 16:14:00,203,257.93
13860.0,926.45,4,368,2011-09-14 09:27:00,2011-11-25 13:42:00,72,231.6125
13861.0,273.26,2,225,2010-06-10 14:20:00,2010-06-27 11:37:00,16,136.63
13862.0,2556.09,9,1927,2010-11-15 13:43:00,2011-11-21 16:24:00,371,284.01
13863.0,1239.55,4,553,2010-04-25 13:09:00,2011-06-04 10:20:00,404,309.8875
13864.0,662.4000000000001,1,192,2010-11-18 12:50:00,2010-11-18 12:50:00,0,662.4000000000001
13865.0,501.56,4,204,2011-02-23 12:04:00,2011-12-10 13:31:00,290,125.39
13866.0,145.67,1,57,2011-09-26 14:54:00,2011-09-26 14:54:00,0,145.67
13867.0,1015.29,3,513,2011-05-05 17:28:00,2011-09-26 12:23:00,143,338.43
13868.0,3192.54,2,1964,2011-01-11 12:45:00,2011-02-12 16:32:00,32,1596.27
13869.0,8111.57,10,4358,2010-01-06 15:05:00,2011-08-08 13:53:00,578,811.1569999999999
13870.0,5559.33,14,3392,2010-05-10 09:46:00,2011-10-30 16:11:00,538,397.09499999999997
13871.0,7885.85,17,3502,2009-12-20 13:09:00,2011-11-17 10:49:00,696,463.8735294117647
13872.0,919.57,3,339,2009-12-14 09:56:00,2010-06-30 15:35:00,198,306.52333333333337
13873.0,1038.92,8,472,2010-03-03 12:31:00,2011-12-08 10:08:00,644,129.865
13874.0,2049.15,7,864,2010-04-02 18:39:00,2010-12-16 18:20:00,257,292.7357142857143
13875.0,4814.37,14,3072,2009-12-17 10:30:00,2011-11-02 15:39:00,685,343.88357142857143
13876.0,122.7,1,36,2011-07-10 10:22:00,2011-07-10 10:22:00,0,122.7
13877.0,449.68,3,478,2010-01-19 10:53:00,2011-09-14 15:49:00,603,149.89333333333335
13878.0,2473.06,4,959,2010-04-14 13:50:00,2011-10-16 12:19:00,549,618.265
13879.0,395.5,1,204,2010-04-03 10:49:00,2010-04-03 10:49:00,0,395.5
13880.0,4391.66,17,2589,2010-05-26 14:29:00,2011-11-18 13:44:00,540,258.33294117647057
13881.0,44609.98,42,29424,2010-03-19 10:44:00,2011-11-28 15:10:00,619,1062.142380952381
13882.0,998.05,4,629,2011-06-10 15:28:00,2011-11-28 13:08:00,170,249.5125
13883.0,6560.02,15,3584,2009-08-12 17:26:00,2011-11-29 10:45:00,838,437.3346666666667
13884.0,1888.48,10,797,2010-07-11 16:19:00,2011-11-09 13:58:00,485,188.848
13885.0,506.8,2,182,2011-03-06 15:07:00,2011-05-23 08:52:00,77,253.4
13886.0,243.56,1,126,2011-09-29 13:17:00,2011-09-29 13:17:00,0,243.56
13887.0,349.55,1,147,2011-05-19 17:22:00,2011-05-19 17:22:00,0,349.55
13888.0,2169.05,7,903,2010-02-08 11:07:00,2011-12-08 10:13:00,667,309.86428571428576
13889.0,1991.23,6,979,2010-01-22 14:32:00,2011-08-09 09:13:00,563,331.87166666666667
13890.0,2565.63,12,1259,2009-06-12 15:15:00,2011-11-17 14:46:00,887,213.8025
13891.0,863.56,3,479,2010-06-05 16:02:00,2010-11-26 15:57:00,173,287.8533333333333
13892.0,1267.65,6,3125,2010-05-13 10:32:00,2011-11-13 11:50:00,549,211.275
13893.0,821.1,1,190,2011-02-15 11:30:00,2011-02-15 11:30:00,0,821.1
13894.0,564.62,3,354,2011-02-02 12:54:00,2011-11-16 09:44:00,286,188.20666666666668
13895.0,4008.52,6,2060,2009-03-12 13:09:00,2011-11-11 16:57:00,974,668.0866666666667
13896.0,388.55,1,149,2010-03-24 08:55:00,2010-03-24 08:55:00,0,388.55
13897.0,1160.72,3,820,2010-01-31 13:48:00,2011-10-20 14:30:00,627,386.9066666666667
13898.0,686.4,2,544,2010-10-24 15:42:00,2011-01-18 10:28:00,85,343.2
13899.0,388.52,2,156,2011-10-03 09:30:00,2011-11-23 13:40:00,51,194.26
13900.0,1610.5900000000001,6,938,2010-03-25 13:46:00,2011-09-06 19:26:00,530,268.4316666666667
13901.0,5676.34,15,3344,2010-02-17 09:53:00,2011-09-28 14:48:00,588,378.42266666666666
13902.0,34095.26,5,220600,2009-12-15 10:02:00,2010-03-17 13:09:00,92,6819.052000000001
13903.0,165.45000000000002,1,103,2010-04-11 17:44:00,2010-04-11 17:44:00,0,165.45000000000002
13904.0,332.64,2,332,2011-02-11 13:41:00,2011-02-18 11:18:00,6,166.32
13905.0,312.65,1,135,2009-07-12 11:41:00,2009-07-12 11:41:00,0,312.65
13906.0,42.0,1,100,2010-10-26 15:00:00,2010-10-26 15:00:00,0,42.0
13907.0,136.8,1,68,2010-01-17 12:22:00,2010-01-17 12:22:00,0,136.8
13908.0,2369.55,4,1478,2011-05-08 11:46:00,2011-09-21 11:49:00,136,592.3875
13909.0,286.6,2,302,2010-06-07 16:52:00,2010-12-10 17:22:00,186,143.3
13911.0,4234.99,20,4487,2010-01-03 16:31:00,2011-10-13 15:43:00,647,211.74949999999998
13912.0,124.95,1,29,2010-12-10 08:43:00,2010-12-10 08:43:00,0,124.95
13913.0,42.22,1,10,2010-07-21 10:11:00,2010-07-21 10:11:00,0,42.22
13914.0,626.45,2,380,2011-03-11 16:28:00,2011-11-28 10:35:00,261,313.225
13915.0,70.80000000000001,1,24,2010-10-11 15:17:00,2010-10-11 15:17:00,0,70.80000000000001
13916.0,1275.81,4,673,2010-02-02 10:06:00,2010-06-16 14:34:00,134,318.9525
13917.0,272.04,2,228,2011-01-06 12:46:00,2011-10-21 09:56:00,287,136.02
13918.0,1212.8400000000001,2,1140,2011-03-31 18:05:00,2011-10-21 12:25:00,203,606.4200000000001
13919.0,1360.68,4,1133,2010-06-17 09:30:00,2011-11-10 14:24:00,511,340.17
13920.0,1774.68,4,1772,2010-04-10 12:37:00,2010-09-13 13:09:00,156,443.67
13921.0,730.7,4,210,2009-12-18 12:19:00,2010-12-10 09:47:00,356,182.675
13922.0,865.2,3,467,2010-08-29 14:36:00,2010-12-23 10:38:00,115,288.40000000000003
13923.0,351.13,1,185,2011-10-17 12:33:00,2011-10-17 12:33:00,0,351.13
13924.0,1536.45,5,933,2011-08-11 09:47:00,2011-11-22 11:28:00,103,307.29
13925.0,678.25,4,331,2011-07-28 12:09:00,2011-10-08 12:41:00,72,169.5625
13926.0,223.85000000000002,1,104,2011-11-16 13:16:00,2011-11-16 13:16:00,0,223.85000000000002
13927.0,708.26,2,463,2010-09-28 16:12:00,2011-09-26 12:00:00,362,354.13
13928.0,464.57,4,129,2011-07-29 15:59:00,2011-11-29 10:33:00,122,116.1425
13929.0,3494.1,11,1566,2010-01-04 15:15:00,2011-06-23 15:26:00,535,317.6454545454545
13930.0,337.34,2,274,2011-07-26 11:00:00,2011-10-13 09:45:00,78,168.67
13931.0,5257.38,11,3488,2009-03-12 10:26:00,2011-05-09 10:12:00,787,477.94363636363636
13932.0,307.4,1,72,2011-02-18 12:02:00,2011-02-18 12:02:00,0,307.4
13933.0,608.79,2,205,2011-07-14 13:35:00,2011-08-22 14:03:00,39,304.395
13934.0,922.1,1,390,2011-03-21 08:39:00,2011-03-21 08:39:00,0,922.1
13935.0,6116.92,3,2252,2010-02-25 16:01:00,2010-04-22 11:21:00,55,2038.9733333333334
13936.0,939.6600000000001,3,661,2010-10-21 14:21:00,2011-06-13 08:47:00,234,313.22
13937.0,880.13,2,587,2010-02-11 12:37:00,2011-06-23 16:35:00,497,440.065
13938.0,71.66,1,70,2011-04-11 14:37:00,2011-04-11 14:37:00,0,71.66
13939.0,1560.96,7,1608,2010-04-10 14:35:00,2011-11-16 13:33:00,584,222.99428571428572
13940.0,839.14,4,516,2011-06-10 16:15:00,2011-11-22 15:15:00,164,209.785
13941.0,11122.300000000001,15,5426,2009-12-16 16:10:00,2011-11-18 09:43:00,701,741.4866666666668
13942.0,320.0,1,1000,2010-06-23 12:35:00,2010-06-23 12:35:00,0,320.0
13943.0,246.54000000000002,1,94,2010-11-05 11:30:00,2010-11-05 11:30:00,0,246.54000000000002
13944.0,200.43,1,153,2010-02-24 15:02:00,2010-02-24 15:02:00,0,200.43
13945.0,854.1500000000001,2,413,2010-08-17 09:59:00,2010-10-11 10:00:00,55,427.07500000000005
13946.0,1876.23,6,2847,2009-04-12 11:07:00,2011-09-21 13:33:00,892,312.705
13947.0,90.60000000000001,1,44,2011-05-10 14:42:00,2011-05-10 14:42:00,0,90.60000000000001
13948.0,548.76,4,248,2009-04-12 12:14:00,2010-12-14 10:18:00,610,137.19
13949.0,1909.09,5,1801,2011-05-10 11:25:00,2011-11-15 11:30:00,189,381.818
13950.0,745.0600000000001,4,323,2011-07-04 11:29:00,2011-11-28 14:44:00,147,186.26500000000001
13951.0,674.45,3,459,2011-02-18 15:21:00,2011-06-16 16:43:00,118,224.8166666666667
13952.0,12823.521,14,5947,2009-12-16 09:41:00,2011-06-05 09:00:00,535,915.9657857142857
13953.0,6640.68,12,5224,2009-11-12 12:58:00,2011-10-18 10:55:00,704,553.39
13954.0,227.41,1,49,2011-09-30 10:52:00,2011-09-30 10:52:00,0,227.41
13955.0,545.17,3,274,2010-11-29 17:35:00,2011-08-07 17:19:00,250,181.72333333333333
13956.0,869.92,4,440,2011-03-13 12:51:00,2011-10-16 15:56:00,217,217.48
13957.0,458.25,3,157,2010-02-19 10:32:00,2010-10-18 10:02:00,240,152.75
13958.0,4709.2300000000005,8,2264,2009-05-12 13:12:00,2010-11-25 10:11:00,561,588.6537500000001
13959.0,1076.18,6,700,2010-05-11 16:52:00,2011-09-21 15:06:00,497,179.36333333333334
13960.0,230.22,2,142,2011-09-29 12:39:00,2011-11-18 15:27:00,50,115.11
13961.0,538.4,1,226,2010-12-11 14:40:00,2010-12-11 14:40:00,0,538.4
13962.0,362.8,3,160,2010-09-30 10:35:00,2011-11-18 08:47:00,413,120.93333333333334
13963.0,3011.87,17,2061,2010-01-07 15:25:00,2011-04-02 14:43:00,449,177.16882352941175
13964.0,438.9,2,228,2010-05-10 12:38:00,2010-11-17 13:53:00,191,219.45
13965.0,996.61,3,425,2010-05-01 15:21:00,2010-08-20 10:40:00,110,332.2033333333333
13966.0,390.86,1,772,2010-09-30 13:08:00,2010-09-30 13:08:00,0,390.86
13967.0,166.3,2,66,2010-08-11 13:24:00,2011-07-17 12:02:00,339,83.15
13968.0,123.66,1,174,2010-12-10 13:22:00,2010-12-10 13:22:00,0,123.66
13969.0,13365.87,35,6817,2010-01-07 19:05:00,2011-11-23 08:43:00,684,381.882
13970.0,846.55,2,469,2010-09-28 11:53:00,2010-11-18 13:21:00,51,423.275
13971.0,4667.57,14,3084,2010-01-26 09:51:00,2011-11-21 12:06:00,664,333.3978571428571
13972.0,190.25,2,187,2011-05-22 11:34:00,2011-09-30 11:54:00,131,95.125
13973.0,264.7,1,109,2011-02-25 15:21:00,2011-02-25 15:21:00,0,264.7
13974.0,677.72,2,356,2010-06-05 17:55:00,2011-10-21 14:41:00,502,338.86
13975.0,5358.84,12,3934,2010-01-11 13:46:00,2011-08-11 13:19:00,576,446.57
13976.0,1192.3600000000001,4,452,2010-04-28 15:54:00,2011-05-17 09:13:00,383,298.09000000000003
13977.0,519.8100000000001,1,303,2010-10-24 14:08:00,2010-10-24 14:08:00,0,519.8100000000001
13978.0,196.79,2,315,2011-10-25 15:04:00,2011-11-25 11:36:00,30,98.395
13979.0,3416.23,7,2296,2009-03-12 10:02:00,2011-09-27 13:32:00,929,488.03285714285715
13980.0,799.92,5,477,2010-02-21 14:18:00,2011-10-10 13:34:00,595,159.98399999999998
13981.0,331.14,1,234,2010-10-20 10:03:00,2010-10-20 10:03:00,0,331.14
13982.0,4445.59,9,2736,2010-01-20 14:04:00,2011-10-31 16:24:00,649,493.95444444444445
13983.0,7108.45,21,4157,2009-09-12 13:53:00,2011-12-10 14:33:00,819,338.497619047619
13984.0,2048.6,12,1421,2009-07-12 11:51:00,2011-11-13 12:38:00,854,170.71666666666667
13985.0,9873.300000000001,21,4862,2010-05-26 13:46:00,2011-12-10 11:45:00,562,470.1571428571429
13986.0,320.46,1,430,2011-11-22 15:00:00,2011-11-22 15:00:00,0,320.46
13987.0,682.54,2,492,2010-04-11 09:54:00,2010-11-25 10:20:00,228,341.27
13988.0,4757.8,8,3385,2010-03-24 11:05:00,2011-11-20 10:15:00,605,594.725
13989.0,2026.06,5,2207,2010-01-09 13:58:00,2011-05-10 09:47:00,485,405.212
13990.0,311.3,1,190,2011-10-05 15:19:00,2011-10-05 15:19:00,0,311.3
13991.0,855.97,6,998,2011-07-19 12:58:00,2011-11-27 16:18:00,131,142.66166666666666
13992.0,219.5,3,154,2010-02-09 17:04:00,2011-09-11 15:23:00,578,73.16666666666667
13993.0,6775.71,19,2135,2009-03-12 11:57:00,2011-11-09 12:16:00,972,356.6163157894737
13994.0,2197.04,5,914,2011-03-10 15:28:00,2011-10-31 11:10:00,234,439.408
13995.0,3902.01,14,2359,2009-12-18 12:43:00,2011-11-24 14:22:00,706,278.71500000000003
13996.0,895.76,2,613,2010-05-11 15:07:00,2010-11-18 16:27:00,191,447.88
13997.0,382.31,3,146,2010-07-06 17:33:00,2010-08-07 18:06:00,32,127.43666666666667
13998.0,566.7,3,204,2010-07-16 15:50:00,2010-12-05 13:18:00,141,188.9
13999.0,9502.26,29,5043,2009-05-12 12:42:00,2011-11-29 13:40:00,931,327.6641379310345
14000.0,2046.34,5,1838,2009-02-12 09:50:00,2011-12-05 16:50:00,1026,409.268
14001.0,4530.09,9,1873,2010-01-12 12:58:00,2011-10-25 10:31:00,650,503.34333333333336
14002.0,529.73,2,877,2011-06-07 14:59:00,2011-07-28 15:55:00,51,264.865
14003.0,209.41,1,149,2009-07-12 08:53:00,2009-07-12 08:53:00,0,209.41
14004.0,6258.45,11,3425,2010-09-30 09:39:00,2011-10-27 14:40:00,392,568.9499999999999
14005.0,2874.72,5,2478,2011-06-17 08:09:00,2011-11-30 12:41:00,166,574.944
14006.0,2196.67,7,2181,2010-02-25 09:45:00,2011-12-04 16:17:00,647,313.81
14007.0,79.48,1,16,2010-07-15 09:06:00,2010-07-15 09:06:00,0,79.48
14008.0,509.04,1,326,2010-03-10 13:09:00,2010-03-10 13:09:00,0,509.04
14009.0,1099.91,3,951,2010-03-09 12:08:00,2011-05-25 15:47:00,442,366.6366666666667
14010.0,445.15,2,177,2010-05-23 12:46:00,2010-05-23 13:00:00,0,222.575
14011.0,457.82,2,644,2010-08-16 15:31:00,2010-11-04 13:40:00,79,228.91
14012.0,328.8,1,160,2011-07-03 12:26:00,2011-07-03 12:26:00,0,328.8
14013.0,1084.57,5,775,2010-03-26 10:02:00,2011-09-03 08:59:00,525,216.914
14014.0,1948.21,3,2004,2010-11-28 14:56:00,2011-09-23 13:18:00,298,649.4033333333333
14015.0,917.34,1,378,2011-10-18 10:02:00,2011-10-18 10:02:00,0,917.34
14016.0,11403.41,11,5722,2010-02-02 10:47:00,2011-05-16 09:40:00,467,1036.6736363636364
14017.0,229.75,1,73,2010-05-17 14:52:00,2010-05-17 14:52:00,0,229.75
14018.0,367.15,1,224,2010-04-03 14:23:00,2010-04-03 14:23:00,0,367.15
14019.0,1421.6100000000001,3,1037,2011-02-09 12:51:00,2011-10-24 10:13:00,256,473.87000000000006
14020.0,1249.01,4,648,2010-06-28 15:29:00,2011-12-09 15:32:00,529,312.2525
14021.0,1716.58,7,878,2010-04-26 11:22:00,2011-12-05 13:37:00,588,245.22571428571428
14022.0,792.15,2,681,2010-10-08 09:38:00,2011-04-28 14:39:00,202,396.075
14023.0,584.07,2,345,2011-02-12 13:58:00,2011-03-04 15:50:00,20,292.035
14024.0,645.74,3,238,2010-11-14 10:51:00,2011-10-08 11:30:00,328,215.24666666666667
14025.0,4057.9,8,1914,2010-01-09 10:11:00,2010-12-05 14:58:00,330,507.2375
14026.0,713.11,2,427,2010-03-24 14:10:00,2010-08-26 10:31:00,154,356.555
14027.0,104.82,1,62,2011-10-10 09:01:00,2011-10-10 09:01:00,0,104.82
14028.0,10396.5,3,7170,2010-07-06 12:02:00,2010-07-06 13:33:00,0,3465.5
14029.0,467.66,2,198,2011-07-10 14:46:00,2011-07-18 16:57:00,8,233.83
14030.0,8262.29,20,4350,2009-10-12 17:27:00,2011-11-21 16:48:00,769,413.1145
14031.0,40999.17,44,14507,2009-03-12 15:35:00,2011-11-18 17:06:00,981,931.7993181818182
14032.0,4667.15,15,3828,2009-12-14 12:02:00,2011-12-04 15:30:00,720,311.1433333333333
14033.0,109.44,1,576,2010-02-06 15:10:00,2010-02-06 15:10:00,0,109.44
14034.0,651.8199999999999,3,423,2011-05-07 13:06:00,2011-11-17 14:02:00,194,217.2733333333333
14035.0,2856.72,9,1419,2010-05-19 11:10:00,2011-11-11 10:03:00,540,317.4133333333333
14036.0,626.65,1,268,2011-02-28 09:26:00,2011-02-28 09:26:00,0,626.65
14037.0,836.95,6,590,2009-07-12 11:39:00,2011-06-16 13:57:00,704,139.49166666666667
14038.0,3069.88,5,1708,2010-04-02 08:56:00,2011-09-22 13:37:00,538,613.976
14039.0,267.28000000000003,2,192,2010-05-13 10:15:00,2011-06-11 13:48:00,394,133.64000000000001
14040.0,12645.57,35,5044,2009-01-12 12:14:00,2011-12-01 14:57:00,1053,361.30199999999996
14041.0,141.41,1,94,2011-03-18 13:25:00,2011-03-18 13:25:00,0,141.41
14042.0,431.98,1,180,2009-12-14 15:07:00,2009-12-14 15:07:00,0,431.98
14043.0,304.25,2,153,2009-10-12 15:56:00,2010-05-08 18:18:00,208,152.125
14044.0,3123.1,10,2126,2010-01-24 15:14:00,2011-11-13 12:05:00,657,312.31
14045.0,11313.03,16,4587,2010-01-12 11:32:00,2011-08-22 15:27:00,587,707.064375
14046.0,154.99,1,460,2011-02-28 14:48:00,2011-02-28 14:48:00,0,154.99
14047.0,4255.03,14,1649,2010-01-02 10:05:00,2011-09-27 14:08:00,633,303.93071428571426
14048.0,748.69,3,467,2010-11-22 14:08:00,2011-07-02 14:53:00,222,249.56333333333336
14049.0,13239.03,13,8609,2010-01-04 14:52:00,2011-11-23 12:20:00,687,1018.3869230769232
14050.0,746.36,2,689,2011-08-11 10:00:00,2011-08-25 13:46:00,14,373.18
14051.0,21230.100000000002,36,5671,2009-03-12 11:53:00,2011-11-22 16:31:00,985,589.725
14052.0,480.81,2,187,2010-11-14 11:37:00,2011-11-20 12:30:00,371,240.405
14053.0,572.3,4,490,2010-07-11 14:50:00,2011-07-08 14:27:00,361,143.075
14054.0,92.46000000000001,1,62,2011-05-10 15:49:00,2011-05-10 15:49:00,0,92.46000000000001
14055.0,1520.96,3,720,2009-12-16 15:11:00,2011-08-25 15:04:00,616,506.9866666666667
14056.0,7789.63,22,4083,2011-02-28 15:19:00,2011-11-24 13:25:00,268,354.0740909090909
14057.0,8408.84,22,6485,2009-03-12 13:17:00,2011-11-16 10:32:00,978,382.22
14058.0,469.19,2,211,2010-03-09 09:31:00,2010-06-27 11:29:00,110,234.595
14059.0,183.6,1,128,2011-03-18 10:06:00,2011-03-18 10:06:00,0,183.6
14060.0,9221.6,29,7927,2010-02-12 12:11:00,2011-11-17 12:59:00,643,317.9862068965517
14061.0,917.4300000000001,3,133,2009-01-12 18:03:00,2010-07-20 17:22:00,553,305.81
14062.0,25604.2,24,12799,2009-10-12 14:28:00,2011-11-30 10:04:00,778,1066.8416666666667
14063.0,22710.2,9,3850,2009-08-12 13:46:00,2010-09-27 16:18:00,411,2523.355555555556
14064.0,3332.42,15,3977,2010-01-21 13:22:00,2011-12-05 12:30:00,682,222.16133333333335
14065.0,891.02,3,582,2010-04-10 12:03:00,2010-11-15 16:13:00,219,297.00666666666666
14066.0,152.55,1,45,2011-03-18 12:21:00,2011-03-18 12:21:00,0,152.55
14067.0,374.7,2,361,2011-04-09 12:00:00,2011-07-10 10:21:00,91,187.35
14068.0,1528.3700000000001,4,513,2010-01-31 10:10:00,2011-01-23 16:02:00,357,382.09250000000003
14069.0,230.06,2,59,2010-05-27 12:30:00,2010-07-13 12:12:00,46,115.03
14070.0,326.55,1,86,2010-01-24 12:27:00,2010-01-24 12:27:00,0,326.55
14071.0,1284.24,6,867,2011-03-20 11:33:00,2011-11-20 14:07:00,245,214.04
14072.0,390.85,1,65,2010-11-02 12:31:00,2010-11-02 12:31:00,0,390.85
14073.0,151.04,1,130,2011-07-11 15:49:00,2011-07-11 15:49:00,0,151.04
14074.0,219.4,1,228,2010-03-26 13:55:00,2010-03-26 13:55:00,0,219.4
14075.0,1418.09,5,1292,2010-01-11 13:15:00,2011-11-20 12:32:00,677,283.618
14076.0,122.47,1,81,2011-02-08 15:19:00,2011-02-08 15:19:00,0,122.47
14077.0,615.08,6,376,2010-09-11 16:01:00,2011-10-30 12:35:00,413,102.51333333333334
14078.0,1692.6299999999999,9,618,2010-01-12 12:54:00,2011-10-05 13:26:00,631,188.07
14079.0,618.73,2,302,2010-01-26 17:19:00,2011-07-08 12:10:00,527,309.365
14080.0,1115.68,5,268,2009-02-12 15:01:00,2011-07-11 11:09:00,878,223.13600000000002
14081.0,5370.1,10,3712,2009-10-12 18:27:00,2011-10-02 16:17:00,719,537.01
14082.0,413.36,2,246,2010-10-12 11:02:00,2010-12-11 11:47:00,60,206.68
14083.0,960.69,10,645,2009-12-18 11:34:00,2011-11-03 14:03:00,685,96.069
14084.0,150.5,1,306,2010-07-15 14:36:00,2010-07-15 14:36:00,0,150.5
14085.0,9874.27,32,6289,2009-08-12 13:41:00,2011-11-30 16:54:00,840,308.5709375
14086.0,39.95,1,1,2010-03-09 10:52:00,2010-03-09 10:52:00,0,39.95
14087.0,651.8,2,476,2009-04-12 15:27:00,2010-10-31 11:22:00,566,325.9
14088.0,64036.8,16,15276,2010-10-14 19:46:00,2011-11-29 16:16:00,410,4002.3
14089.0,161.0,1,134,2011-10-14 10:38:00,2011-10-14 10:38:00,0,161.0
14090.0,76.32000000000001,1,72,2011-01-19 10:51:00,2011-01-19 10:51:00,0,76.32000000000001
14091.0,9530.08,2,3316,2010-02-23 15:17:00,2010-10-01 13:41:00,219,4765.04
14092.0,7229.45,24,3606,2009-12-16 16:24:00,2011-11-16 12:08:00,699,301.2270833333333
14093.0,442.85,1,406,2011-11-27 16:27:00,2011-11-27 16:27:00,0,442.85
14094.0,335.22,1,177,2010-09-26 11:58:00,2010-09-26 11:58:00,0,335.22
14095.0,2.95,1,1,2009-12-17 12:49:00,2009-12-17 12:49:00,0,2.95
14096.0,56228.81,16,14159,2011-02-09 15:45:00,2011-11-28 15:54:00,292,3514.300625
14097.0,422.86,2,352,2010-04-03 10:46:00,2010-08-15 14:20:00,134,211.43
14098.0,147.35,1,104,2011-03-11 10:13:00,2011-03-11 10:13:00,0,147.35
14099.0,5765.71,20,3670,2009-10-12 11:55:00,2011-11-23 13:53:00,772,288.2855
14100.0,194.9,1,64,2011-07-25 11:01:00,2011-07-25 11:01:00,0,194.9
14101.0,9961.93,13,10542,2010-03-28 13:36:00,2011-09-27 12:28:00,547,766.3023076923077
14102.0,1241.78,4,871,2011-02-11 13:46:00,2011-11-28 10:20:00,289,310.445
14104.0,771.58,5,509,2010-05-28 16:11:00,2011-08-07 12:50:00,435,154.316
14105.0,5988.83,5,3534,2009-12-18 16:57:00,2011-04-14 17:58:00,482,1197.766
14106.0,214.8,1,24,2009-02-12 14:09:00,2009-02-12 14:09:00,0,214.8
14107.0,4877.3,11,3489,2009-09-12 14:20:00,2011-10-19 12:12:00,766,443.39090909090913
14108.0,1044.96,4,660,2009-01-12 18:07:00,2011-09-11 10:41:00,971,261.24
14109.0,144.2,1,88,2011-09-28 10:18:00,2011-09-28 10:18:00,0,144.2
14110.0,12662.51,32,5729,2009-01-12 09:50:00,2011-12-09 09:26:00,1060,395.7034375
14111.0,692.85,4,458,2011-05-09 12:21:00,2011-12-04 11:36:00,208,173.2125
14112.0,5834.59,13,3539,2010-02-23 14:16:00,2011-11-17 12:30:00,631,448.8146153846154
14113.0,6620.71,15,3208,2009-08-12 07:42:00,2011-11-17 10:59:00,827,441.3806666666667
14114.0,1364.09,7,650,2010-06-14 10:33:00,2011-11-03 09:42:00,506,194.86999999999998
14115.0,622.67,2,509,2010-07-26 12:36:00,2010-11-02 11:44:00,98,311.335
14116.0,1382.74,5,707,2011-06-10 13:45:00,2011-11-20 10:29:00,162,276.548
14117.0,90.0,1,72,2011-07-19 09:49:00,2011-07-19 09:49:00,0,90.0
14118.0,458.45,1,97,2010-07-10 11:59:00,2010-07-10 11:59:00,0,458.45
14119.0,183.37,2,177,2009-12-21 14:52:00,2010-11-29 10:33:00,342,91.685
14121.0,2008.99,3,1388,2011-10-11 10:36:00,2011-11-29 13:43:00,49,669.6633333333333
14122.0,362.42,3,114,2009-02-12 14:22:00,2010-10-29 15:11:00,624,120.80666666666667
14123.0,436.18,1,234,2009-06-12 15:35:00,2009-06-12 15:35:00,0,436.18
14124.0,419.58,1,1618,2011-09-16 13:32:00,2011-09-16 13:32:00,0,419.58
14125.0,2740.43,3,1640,2011-09-22 15:40:00,2011-11-29 12:47:00,67,913.4766666666666
14126.0,1172.46,4,887,2010-09-21 14:51:00,2011-11-29 12:22:00,433,293.115
14127.0,1900.0800000000002,6,828,2010-07-11 11:37:00,2011-09-08 10:49:00,423,316.68
14128.0,924.21,3,814,2010-06-06 14:05:00,2011-10-10 12:00:00,490,308.07
14129.0,2438.76,8,1328,2010-05-08 10:18:00,2011-11-22 12:09:00,563,304.845
14130.0,1882.67,4,1239,2009-11-12 16:33:00,2011-01-24 16:05:00,437,470.6675
14131.0,187.87,1,118,2010-01-03 11:59:00,2010-01-03 11:59:00,0,187.87
14132.0,3270.9,10,3053,2011-03-08 10:49:00,2011-12-07 10:47:00,273,327.09000000000003
14133.0,911.14,4,398,2009-06-12 12:10:00,2011-02-08 11:34:00,605,227.785
14134.0,11123.35,15,5814,2009-10-12 09:25:00,2010-11-22 12:26:00,406,741.5566666666667
14135.0,9504.02,23,9246,2009-02-12 08:58:00,2011-11-01 09:58:00,992,413.21826086956526
14136.0,1570.81,5,1148,2009-08-12 09:19:00,2010-05-03 12:42:00,264,314.162
14137.0,332.7,1,462,2010-01-13 12:30:00,2010-01-13 12:30:00,0,332.7
14138.0,638.21,1,459,2011-07-10 09:38:00,2011-07-10 09:38:00,0,638.21
14139.0,1086.8,4,1049,2010-01-07 13:33:00,2011-10-24 13:34:00,655,271.7
14140.0,540.99,1,517,2011-08-11 11:20:00,2011-08-11 11:20:00,0,540.99
14141.0,688.7800000000001,3,278,2011-08-26 14:40:00,2011-11-10 12:17:00,75,229.59333333333336
14142.0,983.15,2,831,2010-01-12 16:33:00,2010-03-03 15:13:00,49,491.575
14143.0,115.8,1,30,2011-07-29 09:48:00,2011-07-29 09:48:00,0,115.8
14144.0,30.6,1,12,2010-10-08 15:17:00,2010-10-08 15:17:00,0,30.6
14145.0,7600.05,7,1655,2010-06-09 09:53:00,2011-10-24 12:10:00,502,1085.7214285714285
14146.0,9450.3,12,5780,2010-01-13 16:04:00,2011-09-19 15:01:00,613,787.525
14147.0,2590.2,9,995,2010-05-18 11:32:00,2011-09-22 18:10:00,492,287.79999999999995
14148.0,466.29,2,223,2010-10-21 14:08:00,2011-04-20 12:02:00,180,233.145
14149.0,446.62,1,218,2011-03-05 09:44:00,2011-03-05 09:44:00,0,446.62
14150.0,658.64,2,496,2010-12-15 10:04:00,2011-04-11 10:05:00,117,329.32
14151.0,679.45,2,405,2009-12-23 10:54:00,2010-04-02 15:35:00,100,339.725
14152.0,1997.3400000000001,7,1844,2010-02-08 11:46:00,2011-09-25 12:54:00,594,285.3342857142857
14153.0,233.39999999999998,1,312,2010-08-13 14:35:00,2010-08-13 14:35:00,0,233.39999999999998
14154.0,6460.7,8,3222,2010-01-07 17:54:00,2011-04-14 16:26:00,461,807.5875
14155.0,118.75,1,25,2011-03-18 14:13:00,2011-03-18 14:13:00,0,118.75
14156.0,313946.37,156,165992,2009-01-12 12:30:00,2011-12-10 09:29:00,1061,2012.4767307692307
14157.0,1002.7800000000001,5,540,2010-03-03 16:49:00,2011-11-20 11:32:00,626,200.556
14158.0,507.65999999999997,1,781,2011-10-30 15:08:00,2011-10-30 15:08:00,0,507.65999999999997
14159.0,7938.01,20,6593,2009-03-12 12:31:00,2011-11-20 12:36:00,983,396.9005
14160.0,8421.47,7,4661,2010-01-21 15:46:00,2010-10-01 12:06:00,252,1203.0671428571427
14161.0,3318.88,7,1623,2009-12-13 11:46:00,2011-08-05 11:41:00,599,474.1257142857143
14162.0,289.36,2,142,2011-02-20 12:32:00,2011-06-19 11:36:00,118,144.68
14163.0,2594.62,5,950,2010-03-09 17:15:00,2011-10-07 14:49:00,576,518.924
14164.0,1631.77,2,1033,2011-09-20 12:18:00,2011-09-30 12:24:00,10,815.885
14165.0,122.53999999999999,1,54,2011-09-03 12:39:00,2011-09-03 12:39:00,0,122.53999999999999
14166.0,256.85,2,84,2010-03-23 15:10:00,2010-07-22 19:42:00,121,128.425
14167.0,1296.49,8,350,2010-01-09 17:15:00,2011-12-01 15:44:00,690,162.06125
14168.0,370.45,2,147,2010-05-24 12:28:00,2010-10-15 10:49:00,143,185.225
14169.0,624.4300000000001,2,208,2010-05-10 08:45:00,2010-09-21 13:39:00,134,312.21500000000003
14170.0,597.33,3,290,2010-09-11 14:06:00,2010-11-29 13:10:00,78,199.11
14171.0,498.79,2,211,2009-09-12 13:50:00,2011-02-09 16:43:00,515,249.395
14172.0,402.72,3,88,2010-04-13 13:26:00,2010-11-03 13:16:00,203,134.24
14173.0,586.0,6,194,2009-09-12 12:46:00,2011-11-29 11:54:00,807,97.66666666666667
14174.0,134.46,1,94,2011-06-11 13:17:00,2011-06-11 13:17:00,0,134.46
14175.0,7678.88,8,3009,2010-01-09 12:45:00,2011-11-10 11:55:00,669,959.86
14176.0,916.01,5,326,2010-07-12 11:45:00,2011-02-15 13:12:00,218,183.202
14177.0,2229.34,13,1048,2010-02-26 11:59:00,2011-09-14 15:11:00,565,171.48769230769233
14178.0,1620.93,7,1505,2011-01-12 12:01:00,2011-11-11 12:10:00,303,231.5614285714286
14179.0,719.78,2,330,2011-10-18 14:00:00,2011-10-30 12:07:00,11,359.89
14180.0,6319.25,33,878,2010-02-09 17:28:00,2011-11-29 10:56:00,657,191.49242424242425
14181.0,310.55,2,122,2010-05-26 12:32:00,2010-10-25 08:27:00,151,155.275
14182.0,678.77,4,174,2010-04-08 10:36:00,2010-09-22 11:45:00,167,169.6925
14183.0,286.29,2,61,2010-08-15 15:36:00,2010-10-24 14:45:00,69,143.145
14184.0,452.89,1,127,2011-04-10 12:43:00,2011-04-10 12:43:00,0,452.89
14185.0,197.65,1,6,2011-12-01 13:52:00,2011-12-01 13:52:00,0,197.65
14186.0,1550.63,5,1550,2010-04-26 12:57:00,2010-08-10 13:30:00,106,310.12600000000003
14187.0,123.5,1,50,2010-08-23 12:06:00,2010-08-23 12:06:00,0,123.5
14188.0,2054.36,6,1162,2011-02-02 13:46:00,2011-09-29 12:15:00,238,342.3933333333334
14189.0,5512.83,15,4324,2010-06-12 11:42:00,2011-11-23 16:43:00,529,367.522
14190.0,79.9,1,2,2010-11-02 14:27:00,2010-11-02 14:27:00,0,79.9
14191.0,4391.54,14,3248,2009-11-12 10:48:00,2011-11-29 17:23:00,747,313.68142857142857
14192.0,293.74,1,218,2010-11-16 17:44:00,2010-11-16 17:44:00,0,293.74
14193.0,1210.19,3,653,2010-08-11 12:31:00,2011-03-15 11:38:00,215,403.3966666666667
14194.0,18186.49,35,9813,2010-01-24 13:36:00,2011-11-21 10:35:00,665,519.614
14195.0,2615.6,6,2144,2010-03-15 17:12:00,2011-05-22 10:29:00,432,435.93333333333334
14196.0,335.52,1,142,2011-08-25 10:25:00,2011-08-25 10:25:00,0,335.52
14197.0,390.05,1,143,2010-10-25 10:01:00,2010-10-25 10:01:00,0,390.05
14198.0,1569.73,9,623,2010-02-17 11:05:00,2011-11-21 16:35:00,642,174.41444444444446
14199.0,1091.7,4,254,2010-06-27 12:13:00,2011-05-05 13:44:00,312,272.925
14200.0,379.2,1,140,2010-01-04 13:01:00,2010-01-04 13:01:00,0,379.2
14201.0,1193.54,10,806,2010-04-30 13:00:00,2011-10-10 13:27:00,528,119.354
14202.0,847.76,3,166,2010-01-06 11:40:00,2010-11-23 17:13:00,321,282.58666666666664
14203.0,339.34,1,80,2010-07-11 13:35:00,2010-07-11 13:35:00,0,339.34
14204.0,901.9300000000001,3,410,2009-02-12 13:26:00,2010-10-13 13:32:00,608,300.6433333333334
14205.0,2414.2,9,1342,2010-05-05 14:43:00,2011-11-23 10:55:00,566,268.2444444444444
14206.0,1185.01,3,930,2010-02-11 11:37:00,2011-04-14 16:38:00,427,395.00333333333333
14207.0,157.8,1,36,2010-01-21 09:33:00,2010-01-21 09:33:00,0,157.8
14208.0,567.05,2,529,2010-06-06 13:11:00,2011-06-09 12:48:00,367,283.525
14209.0,4993.27,15,1739,2010-01-22 10:28:00,2011-11-29 10:18:00,675,332.8846666666667
14210.0,5861.52,16,2604,2010-02-07 14:37:00,2011-08-26 12:36:00,564,366.345
14211.0,4402.29,18,2575,2009-09-12 12:48:00,2011-10-17 13:23:00,765,244.57166666666666
14212.0,2190.14,2,2046,2010-09-20 11:48:00,2011-11-09 12:45:00,415,1095.07
14213.0,1192.2,1,244,2010-10-31 10:37:00,2010-10-31 10:37:00,0,1192.2
14214.0,1004.38,5,751,2011-06-07 15:02:00,2011-10-20 11:54:00,134,200.876
14215.0,3416.33,9,2285,2009-08-12 09:35:00,2011-11-28 12:19:00,838,379.59222222222223
14216.0,2011.79,4,640,2010-10-21 15:07:00,2011-11-23 13:24:00,397,502.9475
14217.0,3322.41,22,1228,2010-05-08 13:54:00,2011-11-28 12:08:00,568,151.01863636363635
14218.0,169.48000000000002,1,160,2011-10-28 10:00:00,2011-10-28 10:00:00,0,169.48000000000002
14219.0,543.89,2,285,2010-03-08 14:42:00,2010-10-26 10:34:00,231,271.945
14220.0,1515.0,4,468,2010-05-19 13:26:00,2011-06-04 13:23:00,380,378.75
14221.0,6517.49,17,3808,2010-06-04 14:10:00,2011-10-28 13:42:00,510,383.38176470588235
14222.0,683.17,1,607,2011-06-15 16:42:00,2011-06-15 16:42:00,0,683.17
14223.0,991.13,3,585,2011-03-20 16:02:00,2011-08-09 13:38:00,141,330.37666666666667
14224.0,1897.9,9,863,2010-06-13 13:46:00,2011-08-21 13:24:00,433,210.8777777777778
14225.0,2037.02,4,1168,2010-01-10 10:32:00,2010-12-01 15:02:00,325,509.255
14226.0,3002.53,6,1726,2010-09-24 14:32:00,2011-11-11 11:34:00,412,500.4216666666667
14227.0,6368.71,15,4048,2010-01-06 12:42:00,2011-11-13 15:48:00,676,424.5806666666667
14228.0,745.5,3,260,2010-06-07 10:07:00,2010-11-06 12:29:00,152,248.5
14229.0,2594.04,7,934,2010-01-11 13:03:00,2011-10-19 10:04:00,645,370.57714285714286
14230.0,979.8000000000001,3,246,2010-09-06 13:56:00,2010-09-30 09:07:00,23,326.6
14231.0,1235.6200000000001,4,610,2010-09-15 09:52:00,2011-09-06 11:05:00,356,308.90500000000003
14232.0,2048.07,5,1941,2011-03-20 12:44:00,2011-10-28 11:09:00,221,409.61400000000003
14233.0,2904.27,7,1261,2010-04-28 14:02:00,2011-12-05 10:45:00,585,414.8957142857143
14234.0,775.46,4,963,2011-09-11 15:42:00,2011-11-17 17:53:00,67,193.865
14235.0,4717.99,9,3014,2010-03-30 13:36:00,2011-09-25 14:37:00,544,524.2211111111111
14236.0,1744.64,5,812,2010-02-12 18:49:00,2011-09-20 09:13:00,584,348.928
14237.0,632.14,2,276,2010-01-12 13:20:00,2010-04-28 10:04:00,105,316.07
14238.0,434.23,3,189,2009-05-12 10:58:00,2011-01-17 14:40:00,615,144.74333333333334
14239.0,4263.17,21,1729,2009-05-12 12:36:00,2011-10-27 14:40:00,898,203.00809523809525
14240.0,1247.49,3,655,2010-12-10 12:48:00,2011-09-11 13:45:00,275,415.83
14241.0,333.7,2,242,2010-12-01 15:11:00,2011-09-06 11:46:00,278,166.85
14242.0,280.55,2,123,2011-01-18 08:53:00,2011-04-19 11:46:00,91,140.275
14243.0,7431.05,17,3687,2010-08-10 10:00:00,2011-08-04 10:19:00,359,437.1205882352941
14244.0,366.41999999999996,1,814,2010-02-17 11:40:00,2010-02-17 11:40:00,0,366.41999999999996
14245.0,1693.45,2,976,2011-03-21 10:41:00,2011-04-05 08:40:00,14,846.725
14246.0,1474.06,3,804,2011-07-25 11:37:00,2011-08-21 11:50:00,27,491.3533333333333
14247.0,772.66,5,382,2010-04-07 13:33:00,2011-06-03 15:21:00,422,154.53199999999998
14248.0,1032.95,3,692,2010-06-09 14:04:00,2011-01-25 14:45:00,230,344.31666666666666
14249.0,5625.461,12,2487,2010-01-29 14:21:00,2010-10-25 12:34:00,268,468.7884166666667
14250.0,1904.05,3,1200,2011-02-12 14:29:00,2011-11-09 13:44:00,269,634.6833333333333
14251.0,2397.42,4,1450,2011-10-13 12:46:00,2011-11-29 12:07:00,46,599.355
14252.0,350.99,1,111,2010-11-23 13:36:00,2010-11-23 13:36:00,0,350.99
14253.0,363.40000000000003,2,88,2010-03-08 14:55:00,2010-03-26 15:08:00,18,181.70000000000002
14254.0,601.03,1,263,2010-03-10 11:52:00,2010-03-10 11:52:00,0,601.03
14255.0,1000.63,1,1,2010-11-06 15:54:00,2010-11-06 15:54:00,0,1000.63
14256.0,2473.9900000000002,5,1171,2010-01-14 10:35:00,2011-03-24 13:17:00,434,494.79800000000006
14257.0,5954.45,9,3332,2010-01-03 15:36:00,2011-08-08 15:35:00,581,661.6055555555555
14258.0,32051.34,25,17488,2009-04-12 08:36:00,2011-11-30 15:27:00,962,1282.0536
14259.0,120.0,1,68,2011-07-21 10:44:00,2011-07-21 10:44:00,0,120.0
14260.0,824.28,3,544,2010-08-25 14:53:00,2010-09-06 11:23:00,11,274.76
14261.0,1163.45,2,406,2011-09-22 10:47:00,2011-10-20 10:04:00,27,581.725
14262.0,2618.23,8,1645,2011-01-12 14:17:00,2011-11-22 10:35:00,313,327.27875
14263.0,322.93,1,171,2010-12-10 14:09:00,2010-12-10 14:09:00,0,322.93
14264.0,1517.3600000000001,6,553,2010-05-16 13:23:00,2011-08-07 10:20:00,447,252.89333333333335
14265.0,1373.35,4,715,2010-01-09 12:20:00,2011-08-22 13:32:00,590,343.3375
14266.0,40.56,1,24,2010-07-10 13:32:00,2010-07-10 13:32:00,0,40.56
14267.0,1516.24,3,530,2011-03-24 11:38:00,2011-06-30 10:09:00,97,505.41333333333336
14268.0,354.85,1,147,2010-08-26 10:45:00,2010-08-26 10:45:00,0,354.85
14269.0,295.73,1,123,2010-09-26 12:53:00,2010-09-26 12:53:00,0,295.73
14270.0,492.65000000000003,1,197,2011-12-01 09:33:00,2011-12-01 09:33:00,0,492.65000000000003
14271.0,219.13,2,149,2010-10-26 17:01:00,2011-04-28 12:47:00,183,109.565
14272.0,920.81,4,1097,2010-05-26 09:49:00,2011-09-27 10:08:00,489,230.2025
14273.0,559.97,4,264,2011-06-05 08:25:00,2011-11-04 13:24:00,152,139.9925
14274.0,256.6,1,178,2010-01-22 12:51:00,2010-01-22 12:51:00,0,256.6
14275.0,1189.3799999999999,6,538,2010-04-29 10:24:00,2010-11-04 12:32:00,189,198.23
14276.0,2102.68,7,1406,2010-02-17 13:10:00,2011-12-06 09:56:00,656,300.3828571428571
14277.0,17225.81,9,89814,2009-12-13 15:43:00,2011-11-24 15:01:00,710,1913.978888888889
14278.0,205.83,1,131,2010-10-26 12:07:00,2010-10-26 12:07:00,0,205.83
14279.0,191.86,2,46,2010-01-27 16:34:00,2010-07-07 08:42:00,160,95.93
14280.0,134.04,1,52,2011-05-27 10:37:00,2011-05-27 10:37:00,0,134.04
14281.0,245.15,1,45,2010-10-27 14:45:00,2010-10-27 14:45:00,0,245.15
14282.0,7762.36,24,5418,2010-02-06 15:55:00,2011-11-20 15:27:00,651,323.4316666666667
14283.0,628.44,4,550,2010-02-09 14:46:00,2010-08-19 13:06:00,190,157.11
14284.0,1299.65,3,510,2010-02-24 12:06:00,2011-09-14 13:04:00,567,433.2166666666667
14285.0,3284.42,8,954,2009-08-12 14:13:00,2011-11-18 14:50:00,828,410.5525
14286.0,8479.76,7,8795,2009-04-12 08:40:00,2011-11-16 10:34:00,948,1211.3942857142858
14287.0,176.63,3,261,2011-01-12 13:25:00,2011-05-25 11:44:00,132,58.876666666666665
14288.0,426.6,1,188,2011-10-05 13:22:00,2011-10-05 13:22:00,0,426.6
14289.0,911.26,6,292,2011-01-12 11:44:00,2011-12-04 15:08:00,326,151.87666666666667
14290.0,4516.56,8,1600,2009-08-12 11:44:00,2011-11-28 14:02:00,838,564.57
14291.0,7346.41,21,5648,2009-09-12 10:46:00,2011-11-08 10:55:00,787,349.8290476190476
14292.0,9226.25,16,3429,2010-03-19 11:10:00,2011-12-09 12:51:00,630,576.640625
14293.0,2960.78,8,1448,2009-10-12 10:57:00,2011-07-15 15:28:00,641,370.0975
14294.0,375.34000000000003,1,190,2010-10-28 16:25:00,2010-10-28 16:25:00,0,375.34000000000003
14295.0,2362.91,5,1029,2009-08-12 09:49:00,2011-10-30 15:50:00,809,472.582
14296.0,456.4,2,314,2010-05-14 14:34:00,2010-10-14 14:14:00,152,228.2
14297.0,1305.33,4,865,2011-10-03 08:31:00,2011-11-22 09:06:00,50,326.3325
14298.0,91194.49,82,100272,2009-11-12 13:49:00,2011-10-18 12:17:00,704,1112.1279268292683
14299.0,14499.49,27,8228,2009-02-12 10:58:00,2011-12-10 12:58:00,1031,537.0181481481482
14300.0,43.2,1,32,2011-11-21 08:57:00,2011-11-21 08:57:00,0,43.2
14301.0,1992.18,4,1686,2010-05-16 13:22:00,2011-08-14 15:33:00,455,498.045
14302.0,742.9000000000001,3,298,2009-02-12 08:16:00,2010-05-10 08:10:00,451,247.63333333333335
14303.0,277.94,2,218,2010-01-10 10:31:00,2010-10-28 15:37:00,291,138.97
14304.0,1725.01,3,775,2010-05-18 10:50:00,2011-01-05 11:50:00,232,575.0033333333333
14305.0,1858.96,3,1089,2011-07-27 14:14:00,2011-09-29 15:29:00,64,619.6533333333333
14306.0,3151.4,6,2065,2010-01-31 13:42:00,2011-10-19 13:23:00,625,525.2333333333333
14307.0,5071.03,10,3374,2009-07-12 13:06:00,2011-12-09 09:38:00,879,507.10299999999995
14308.0,1147.02,2,2,2010-08-06 16:39:00,2010-08-06 16:48:00,0,573.51
14309.0,3780.81,11,2583,2010-07-06 10:24:00,2011-11-11 09:46:00,492,343.71
14310.0,492.1,1,230,2010-03-10 12:34:00,2010-03-10 12:34:00,0,492.1
14311.0,516.45,2,235,2010-05-21 10:28:00,2011-11-04 10:14:00,531,258.225
14312.0,3090.29,11,1904,2010-03-11 13:20:00,2011-11-03 13:31:00,602,280.93545454545455
14314.0,229.79999999999998,2,332,2010-05-10 08:00:00,2011-08-25 10:39:00,472,114.89999999999999
14315.0,3197.82,8,1344,2010-03-15 12:49:00,2011-10-26 12:06:00,589,399.7275
14316.0,1370.34,5,4494,2010-03-19 15:18:00,2010-10-13 16:31:00,208,274.068
14317.0,508.58,1,255,2011-06-10 10:44:00,2011-06-10 10:44:00,0,508.58
14318.0,158.02,1,152,2010-05-09 15:32:00,2010-05-09 15:32:00,0,158.02
14319.0,494.85,1,329,2010-11-10 13:38:00,2010-11-10 13:38:00,0,494.85
14320.0,1346.75,5,713,2010-01-21 11:44:00,2011-11-01 09:12:00,648,269.35
14321.0,2218.06,7,3275,2010-04-10 12:48:00,2011-11-29 09:47:00,597,316.86571428571426
14322.0,474.1,4,158,2010-02-18 08:49:00,2010-12-03 09:15:00,288,118.525
14323.0,605.0600000000001,2,350,2011-04-15 11:44:00,2011-08-17 11:37:00,123,302.53000000000003
14324.0,701.61,2,402,2010-01-15 13:31:00,2010-10-26 11:44:00,283,350.805
14325.0,245.48000000000002,1,320,2010-05-19 09:20:00,2010-05-19 09:20:00,0,245.48000000000002
14326.0,940.98,3,572,2010-02-09 13:29:00,2011-11-04 15:04:00,633,313.66
14327.0,1894.93,6,1296,2010-03-02 15:07:00,2011-06-29 13:58:00,483,315.82166666666666
14328.0,445.05,1,1,2010-09-27 16:01:00,2010-09-27 16:01:00,0,445.05
14329.0,9927.22,15,5921,2009-12-16 15:31:00,2011-11-22 15:50:00,706,661.8146666666667
14330.0,200.63,1,103,2010-03-26 09:10:00,2010-03-26 09:10:00,0,200.63
14331.0,462.66,2,252,2011-07-08 13:17:00,2011-07-27 15:14:00,19,231.33
14332.0,1943.51,5,893,2010-10-19 13:01:00,2011-11-17 11:54:00,393,388.702
14333.0,415.2,1,58,2011-03-10 10:38:00,2011-03-10 10:38:00,0,415.2
14334.0,4318.4800000000005,12,2986,2010-05-20 10:04:00,2011-11-23 10:01:00,551,359.8733333333334
14335.0,468.26,2,379,2011-04-09 13:07:00,2011-11-23 13:41:00,228,234.13
14336.0,1614.91,4,1759,2011-04-05 15:37:00,2011-11-23 11:40:00,231,403.7275
14338.0,928.1,3,622,2010-06-21 10:32:00,2011-05-27 13:30:00,340,309.3666666666667
14339.0,620.27,2,456,2010-07-10 08:50:00,2011-11-04 11:06:00,482,310.135
14340.0,134.7,1,58,2011-05-05 09:44:00,2011-05-05 09:44:00,0,134.7
14341.0,4467.32,18,2819,2009-01-12 12:20:00,2011-10-25 15:48:00,1016,248.18444444444444
14342.0,918.44,6,521,2010-03-10 12:46:00,2011-11-18 13:21:00,618,153.07333333333335
14343.0,1088.91,4,631,2010-01-18 16:47:00,2010-10-14 13:05:00,268,272.2275
14344.0,3333.7000000000003,20,1669,2010-01-10 11:38:00,2011-09-03 13:18:00,601,166.685
14345.0,108.98,1,50,2011-01-11 09:51:00,2011-01-11 09:51:00,0,108.98
14346.0,2315.75,5,1878,2010-07-30 10:44:00,2011-11-08 09:47:00,465,463.15
14347.0,82.60000000000001,1,48,2009-03-12 10:49:00,2009-03-12 10:49:00,0,82.60000000000001
14348.0,409.57,1,183,2011-03-24 16:23:00,2011-03-24 16:23:00,0,409.57
14349.0,133.5,1,86,2011-11-29 15:39:00,2011-11-29 15:39:00,0,133.5
14350.0,972.03,3,543,2010-05-10 15:52:00,2011-10-03 14:14:00,510,324.01
14351.0,51.0,1,12,2011-06-28 11:56:00,2011-06-28 11:56:00,0,51.0
14352.0,1078.96,4,538,2011-04-19 08:17:00,2011-11-03 14:58:00,198,269.74
14353.0,376.5,3,344,2010-04-10 12:38:00,2011-08-05 16:06:00,482,125.5
14354.0,163.62,2,210,2011-04-12 11:32:00,2011-09-11 15:36:00,152,81.81
14355.0,1014.45,3,709,2010-03-22 15:08:00,2010-09-16 15:23:00,178,338.15000000000003
14356.0,701.23,2,277,2011-09-19 14:43:00,2011-09-21 09:18:00,1,350.615
14357.0,225.77,1,148,2011-10-27 16:23:00,2011-10-27 16:23:00,0,225.77
14358.0,400.06,2,338,2010-07-10 17:26:00,2010-11-15 15:51:00,127,200.03
14359.0,912.1800000000001,3,371,2011-09-13 09:03:00,2011-11-20 13:17:00,68,304.06
14360.0,2128.23,4,1151,2011-03-10 12:47:00,2011-08-11 09:12:00,153,532.0575
14361.0,214.71,1,251,2010-10-05 12:29:00,2010-10-05 12:29:00,0,214.71
14362.0,161.2,1,100,2011-11-17 15:08:00,2011-11-17 15:08:00,0,161.2
14363.0,227.47000000000003,2,105,2010-02-11 17:01:00,2010-09-14 14:39:00,214,113.73500000000001
14364.0,3717.35,8,1967,2011-05-06 11:42:00,2011-12-05 12:56:00,213,464.66875
14365.0,634.68,2,557,2010-01-27 09:44:00,2010-10-11 09:52:00,257,317.34
14366.0,136.0,1,16,2010-02-07 17:23:00,2010-02-07 17:23:00,0,136.0
14367.0,9261.52,16,4438,2011-01-12 13:19:00,2011-11-18 12:09:00,309,578.845
14368.0,155.0,1,36,2011-01-24 09:52:00,2011-01-24 09:52:00,0,155.0
14369.0,469.13,2,255,2010-02-16 10:28:00,2010-07-03 15:47:00,137,234.565
14370.0,1175.78,6,266,2010-01-02 08:35:00,2010-09-15 10:53:00,256,195.96333333333334
14371.0,100.5,1,34,2011-02-17 16:35:00,2011-02-17 16:35:00,0,100.5
14372.0,860.08,2,378,2010-04-19 15:57:00,2010-09-22 16:17:00,156,430.04
14373.0,76.55,1,17,2010-12-16 15:40:00,2010-12-16 15:40:00,0,76.55
14374.0,108.0,1,20,2010-06-16 14:25:00,2010-06-16 14:25:00,0,108.0
14375.0,1132.99,3,659,2010-06-16 14:34:00,2011-07-06 13:44:00,384,377.66333333333336
14376.0,215.46,1,50,2010-01-25 15:36:00,2010-01-25 15:36:00,0,215.46
14377.0,617.05,2,219,2011-01-06 13:32:00,2011-03-22 13:38:00,75,308.525
14378.0,131.25,1,57,2010-03-28 12:22:00,2010-03-28 12:22:00,0,131.25
14379.0,1268.91,4,713,2010-08-16 15:31:00,2011-10-26 16:43:00,436,317.2275
14380.0,48.96,1,1,2010-01-26 17:11:00,2010-01-26 17:11:00,0,48.96
14381.0,631.34,2,453,2010-09-14 16:15:00,2011-10-18 17:10:00,399,315.67
14382.0,1246.8,2,1701,2010-11-14 16:32:00,2011-11-13 16:18:00,363,623.4
14383.0,1247.69,3,817,2011-01-11 15:53:00,2011-06-29 10:18:00,168,415.8966666666667
14384.0,58.5,1,30,2010-07-27 09:53:00,2010-07-27 09:53:00,0,58.5
14385.0,202.10999999999999,3,159,2011-11-16 11:55:00,2011-11-30 15:36:00,14,67.36999999999999
14386.0,142.4,1,54,2011-02-16 09:45:00,2011-02-16 09:45:00,0,142.4
14387.0,1770.56,3,819,2011-07-11 12:29:00,2011-09-26 12:58:00,77,590.1866666666666
14388.0,6701.0,16,4360,2010-01-20 11:54:00,2011-11-29 13:32:00,678,418.8125
14389.0,1898.01,5,1388,2010-04-28 14:57:00,2011-05-10 15:17:00,377,379.602
14390.0,6399.83,13,2910,2010-02-12 11:57:00,2011-12-05 17:03:00,661,492.2946153846154
14391.0,135.6,1,168,2010-12-05 09:42:00,2010-12-05 09:42:00,0,135.6
14392.0,266.4,1,114,2010-03-10 12:56:00,2010-03-10 12:56:00,0,266.4
14393.0,67.95,1,13,2011-05-05 18:16:00,2011-05-05 18:16:00,0,67.95
14394.0,93.8,1,58,2010-05-24 10:43:00,2010-05-24 10:43:00,0,93.8
14395.0,7649.02,19,3824,2010-02-12 18:15:00,2011-10-10 17:26:00,604,402.58000000000004
14396.0,2121.93,7,1022,2009-02-12 14:21:00,2011-05-10 16:09:00,817,303.1328571428571
14397.0,2391.52,18,1714,2011-04-08 18:31:00,2011-12-06 15:20:00,241,132.86222222222221
14398.0,707.79,2,267,2010-03-11 13:46:00,2010-06-30 11:57:00,110,353.895
14399.0,2113.16,8,968,2010-03-02 13:09:00,2010-10-13 12:50:00,224,264.145
14400.0,1732.47,3,1706,2010-03-18 12:11:00,2011-07-13 15:50:00,482,577.49
14401.0,6442.12,21,5943,2009-12-14 13:22:00,2011-10-06 14:51:00,661,306.76761904761906
14402.0,285.6,1,240,2010-02-25 13:20:00,2010-02-25 13:20:00,0,285.6
14403.0,1880.51,6,737,2010-04-29 08:47:00,2011-07-21 13:25:00,448,313.41833333333335
14404.0,2899.11,13,1656,2009-12-20 14:40:00,2011-08-23 11:16:00,610,223.00846153846155
14405.0,195.0,1,100,2010-11-18 11:40:00,2010-11-18 11:40:00,0,195.0
14406.0,156.75,1,77,2011-12-08 16:54:00,2011-12-08 16:54:00,0,156.75
14407.0,2157.73,6,1415,2011-05-18 12:28:00,2011-08-24 14:02:00,98,359.62166666666667
14408.0,4109.77,11,2444,2009-07-12 12:18:00,2011-11-29 11:41:00,869,373.6154545454546
14409.0,3756.09,9,2401,2010-05-21 16:45:00,2011-09-29 18:18:00,496,417.34333333333336
14410.0,2651.14,11,1377,2010-09-28 15:46:00,2011-08-09 15:08:00,314,241.01272727272726
14411.0,1063.0,1,196,2011-02-02 10:56:00,2011-02-02 10:56:00,0,1063.0
14412.0,1426.19,3,1428,2010-11-10 12:33:00,2011-10-28 10:45:00,351,475.3966666666667
14413.0,770.37,4,280,2010-01-19 14:27:00,2010-12-12 13:37:00,326,192.5925
14414.0,2399.33,8,2877,2010-11-30 10:12:00,2011-09-09 12:09:00,283,299.91625
14415.0,10995.65,22,5610,2009-12-16 14:08:00,2011-11-20 15:52:00,704,499.80227272727274
14416.0,490.22,2,326,2011-10-28 15:10:00,2011-11-17 15:22:00,20,245.11
14417.0,604.2,1,567,2010-11-17 10:55:00,2010-11-17 10:55:00,0,604.2
14418.0,1039.9,2,922,2011-08-23 17:18:00,2011-11-14 13:55:00,82,519.95
14419.0,1260.91,7,556,2010-10-12 10:56:00,2011-11-29 11:22:00,413,180.13000000000002
14420.0,1639.17,4,1120,2010-01-17 12:41:00,2011-01-09 18:07:00,357,409.7925
14421.0,2469.37,6,1342,2010-01-17 11:30:00,2011-12-05 10:49:00,686,411.56166666666667
14422.0,9889.51,18,5888,2009-12-17 12:12:00,2011-11-22 14:59:00,705,549.4172222222222
14423.0,916.61,3,419,2010-01-14 11:49:00,2011-05-05 15:12:00,476,305.5366666666667
14424.0,322.08,1,48,2011-11-22 11:48:00,2011-11-22 11:48:00,0,322.08
14425.0,661.39,3,325,2009-02-12 11:31:00,2010-01-10 10:24:00,331,220.46333333333334
14426.0,11727.94,17,7023,2010-01-11 16:24:00,2011-11-16 12:25:00,673,689.8788235294118
14427.0,1263.52,4,538,2010-02-08 11:25:00,2011-10-20 14:23:00,619,315.88
14428.0,1244.83,5,436,2011-01-18 16:39:00,2011-09-21 14:50:00,245,248.96599999999998
14429.0,516.28,1,286,2010-01-11 10:08:00,2010-01-11 10:08:00,0,516.28
14430.0,1220.9,3,446,2010-07-16 11:33:00,2010-11-04 15:59:00,111,406.9666666666667
14431.0,2614.2,4,1202,2010-01-21 10:49:00,2011-10-02 10:40:00,618,653.55
14432.0,2255.51,6,2070,2011-01-11 13:04:00,2011-11-30 08:04:00,322,375.91833333333335
14433.0,289.6,1,134,2010-08-31 12:35:00,2010-08-31 12:35:00,0,289.6
14434.0,1372.8,6,368,2011-02-11 12:18:00,2011-11-18 08:56:00,279,228.79999999999998
14435.0,90.42,1,282,2010-07-26 12:33:00,2010-07-26 12:33:00,0,90.42
14436.0,271.7,2,297,2010-04-06 11:32:00,2011-02-09 10:13:00,308,135.85
14437.0,958.84,5,486,2010-05-05 12:20:00,2010-12-08 10:01:00,216,191.768
14438.0,131.9,1,82,2011-06-02 14:56:00,2011-06-02 14:56:00,0,131.9
14439.0,9443.04,5,2244,2010-01-21 14:01:00,2011-01-24 11:39:00,367,1888.6080000000002
14440.0,6638.7300000000005,13,1755,2009-02-12 12:13:00,2011-10-28 15:54:00,988,510.6715384615385
14441.0,4305.99,10,1176,2010-01-04 15:46:00,2011-10-27 14:27:00,660,430.599
14442.0,5367.02,7,1431,2010-01-18 12:59:00,2011-05-19 11:36:00,485,766.7171428571429
14443.0,2386.4700000000003,5,1520,2010-06-12 11:03:00,2011-10-17 10:10:00,491,477.29400000000004
14444.0,132.04,1,180,2010-09-09 18:56:00,2010-09-09 18:56:00,0,132.04
14445.0,221.65,1,83,2010-10-09 11:09:00,2010-10-09 11:09:00,0,221.65
14446.0,1044.22,4,995,2010-11-18 12:08:00,2011-11-11 12:02:00,357,261.055
14447.0,1711.73,6,913,2010-04-11 13:32:00,2011-11-21 08:28:00,588,285.28833333333336
14448.0,375.35,2,104,2010-10-12 17:26:00,2011-11-30 13:50:00,413,187.675
14449.0,2482.8,8,1778,2010-02-11 12:48:00,2011-11-21 12:06:00,647,310.35
14450.0,1128.44,7,522,2010-03-11 13:48:00,2011-12-06 10:46:00,634,161.2057142857143
14451.0,3308.77,12,1757,2010-01-07 11:59:00,2011-10-10 13:38:00,641,275.73083333333335
14452.0,665.59,4,289,2010-06-07 13:13:00,2011-11-29 12:06:00,539,166.3975
14453.0,119.93,1,49,2011-02-06 14:15:00,2011-02-06 14:15:00,0,119.93
14454.0,977.3000000000001,5,400,2009-06-12 12:56:00,2010-11-28 13:26:00,534,195.46
14455.0,628.21,4,719,2010-01-08 13:26:00,2010-09-09 11:59:00,243,157.0525
14456.0,2679.44,8,2374,2011-07-20 13:06:00,2011-11-17 17:18:00,120,334.93
14457.0,113.64,1,88,2011-02-02 09:39:00,2011-02-02 09:39:00,0,113.64
14458.0,237.42,1,328,2010-11-24 12:43:00,2010-11-24 12:43:00,0,237.42
14459.0,5375.741,2,2303,2010-02-26 13:26:00,2011-07-07 13:35:00,496,2687.8705
14460.0,1093.5,9,1879,2009-12-15 19:06:00,2011-08-21 14:19:00,613,121.5
14461.0,6713.5,13,3027,2010-01-18 12:48:00,2011-07-14 17:11:00,542,516.4230769230769
14462.0,2270.01,12,1072,2010-03-10 14:13:00,2011-11-08 09:57:00,607,189.16750000000002
14463.0,786.5699999999999,4,210,2010-07-28 11:35:00,2011-06-22 10:31:00,328,196.64249999999998
14464.0,111.0,2,62,2010-03-22 15:20:00,2010-05-20 18:00:00,59,55.5
14465.0,3946.03,11,2546,2010-01-28 10:08:00,2011-10-02 12:13:00,612,358.73
14466.0,4646.9,13,2644,2009-12-13 15:44:00,2011-10-11 14:07:00,666,357.45384615384614
14467.0,2220.9900000000002,12,1196,2009-02-12 12:44:00,2011-11-22 12:48:00,1013,185.0825
14468.0,204.24,1,164,2009-06-12 12:21:00,2009-06-12 12:21:00,0,204.24
14469.0,2112.21,4,980,2010-01-29 11:12:00,2010-10-19 14:30:00,263,528.0525
14470.0,712.04,3,282,2010-05-10 12:39:00,2011-11-28 10:31:00,566,237.34666666666666
14471.0,400.95,2,187,2009-07-12 12:26:00,2010-04-27 17:12:00,289,200.475
14472.0,2228.22,9,1305,2010-01-19 13:09:00,2011-10-07 12:23:00,625,247.57999999999998
14473.0,234.34,2,88,2011-02-03 13:56:00,2011-09-26 15:10:00,235,117.17
14474.0,1278.08,2,453,2010-09-05 12:12:00,2011-10-24 13:26:00,414,639.04
14475.0,1151.15,4,541,2010-10-27 09:20:00,2011-09-29 10:46:00,337,287.7875
14476.0,215.7,1,132,2011-03-27 15:39:00,2011-03-27 15:39:00,0,215.7
14477.0,1969.6,7,1120,2010-04-01 15:41:00,2011-11-20 11:11:00,597,281.37142857142857
14478.0,1276.66,4,1226,2009-01-12 13:20:00,2010-11-22 15:29:00,679,319.165
14479.0,1299.11,4,620,2009-06-12 13:48:00,2011-03-31 09:07:00,656,324.7775
14480.0,1299.52,4,670,2009-12-21 16:32:00,2011-11-28 16:35:00,707,324.88
14481.0,2311.4900000000002,5,1584,2010-01-31 12:43:00,2011-06-28 10:38:00,512,462.29800000000006
14482.0,4357.91,12,2891,2010-08-26 14:13:00,2011-11-21 13:14:00,451,363.15916666666664
14483.0,257.1,2,193,2009-03-12 10:16:00,2011-03-03 10:26:00,721,128.55
14484.0,1070.98,4,744,2009-12-17 10:57:00,2011-10-20 14:11:00,672,267.745
14485.0,165.75,1,71,2011-01-11 12:25:00,2011-01-11 12:25:00,0,165.75
14486.0,175.5,2,90,2010-04-06 10:30:00,2010-07-16 09:42:00,100,87.75
14487.0,1453.61,7,837,2010-06-12 13:22:00,2011-11-13 12:17:00,518,207.6585714285714
14488.0,1064.28,1,799,2011-03-10 09:30:00,2011-03-10 09:30:00,0,1064.28
14489.0,1574.93,4,1011,2010-04-08 10:00:00,2011-05-16 14:51:00,403,393.7325
14490.0,1273.47,2,933,2010-07-10 11:36:00,2010-10-29 15:04:00,111,636.735
14491.0,468.13,2,179,2010-02-12 12:10:00,2011-06-17 15:22:00,490,234.065
14492.0,1921.91,7,751,2010-03-06 15:50:00,2010-09-09 16:11:00,187,274.55857142857144
14493.0,5130.15,10,3183,2010-04-26 10:31:00,2011-11-23 10:21:00,575,513.015
14494.0,401.46,3,210,2009-08-12 13:25:00,2011-11-14 09:21:00,823,133.82
14495.0,174.8,3,68,2010-02-18 08:49:00,2011-10-20 12:28:00,609,58.26666666666667
14496.0,2668.23,7,991,2010-01-12 15:35:00,2011-01-02 09:01:00,354,381.17571428571426
14497.0,697.0600000000001,2,332,2010-04-02 09:59:00,2011-03-02 17:01:00,334,348.53000000000003
14498.0,3911.27,10,2122,2010-03-11 11:11:00,2011-10-28 12:09:00,596,391.127
14499.0,2138.9700000000003,7,1250,2010-08-27 11:57:00,2011-11-13 13:01:00,443,305.56714285714287
14500.0,356.85,3,117,2011-03-06 10:08:00,2011-12-09 16:45:00,278,118.95
14501.0,251.21,2,161,2011-01-24 10:43:00,2011-09-06 12:02:00,225,125.605
14502.0,2470.67,11,1498,2011-01-30 15:52:00,2011-11-20 11:50:00,293,224.60636363636365
14503.0,3205.51,5,1777,2011-02-12 14:46:00,2011-11-29 12:15:00,289,641.1020000000001
14504.0,673.26,4,308,2011-03-25 12:55:00,2011-10-23 16:00:00,212,168.315
14505.0,12001.84,19,5383,2009-09-12 14:48:00,2011-11-22 15:45:00,801,631.6757894736842
14506.0,3290.67,7,1078,2010-02-11 15:48:00,2011-11-22 13:02:00,648,470.0957142857143
14507.0,3284.4300000000003,11,1536,2009-10-12 17:04:00,2011-11-16 12:21:00,764,298.5845454545455
14508.0,874.9399999999999,5,359,2010-06-17 13:02:00,2011-11-17 19:48:00,518,174.988
14509.0,110.95,1,38,2010-06-23 13:21:00,2010-06-23 13:21:00,0,110.95
14510.0,1007.28,3,821,2010-09-29 13:35:00,2010-11-29 12:46:00,60,335.76
14511.0,1314.81,5,784,2011-05-10 09:42:00,2011-11-28 17:05:00,202,262.962
14512.0,1223.47,7,742,2009-07-12 13:49:00,2011-05-06 12:39:00,662,174.78142857142856
14513.0,788.01,6,593,2010-05-20 17:57:00,2011-08-31 11:25:00,467,131.335
14514.0,4598.9800000000005,9,2496,2009-12-13 13:21:00,2011-12-01 15:22:00,718,510.99777777777786
14515.0,3749.26,12,1917,2010-07-06 12:37:00,2011-11-22 11:37:00,503,312.43833333333333
14516.0,163.92,1,68,2010-11-07 14:07:00,2010-11-07 14:07:00,0,163.92
14517.0,330.45,2,91,2011-06-11 14:20:00,2011-07-21 11:42:00,39,165.225
14518.0,174.37,1,278,2011-06-10 14:43:00,2011-06-10 14:43:00,0,174.37
14519.0,206.09,2,82,2009-11-12 10:40:00,2010-01-25 11:18:00,74,103.045
14520.0,165.0,1,100,2011-02-22 09:15:00,2011-02-22 09:15:00,0,165.0
14521.0,199.45000000000002,1,211,2010-05-08 16:35:00,2010-05-08 16:35:00,0,199.45000000000002
14522.0,1758.62,8,968,2010-01-24 13:55:00,2011-11-15 13:24:00,659,219.8275
14523.0,241.09,1,251,2011-08-23 13:13:00,2011-08-23 13:13:00,0,241.09
14524.0,2933.71,13,1176,2010-10-19 11:44:00,2011-09-29 12:39:00,345,225.67000000000002
14525.0,8240.64,17,5235,2009-12-13 14:01:00,2011-11-20 11:37:00,706,484.74352941176465
14526.0,262.4,1,179,2010-11-15 13:32:00,2010-11-15 13:32:00,0,262.4
14527.0,27430.96,121,6702,2009-02-12 12:06:00,2011-12-09 12:20:00,1030,226.70214876033057
14528.0,364.21999999999997,1,278,2011-02-11 17:09:00,2011-02-11 17:09:00,0,364.21999999999997
14529.0,620.04,3,348,2011-08-21 14:10:00,2011-10-10 15:27:00,50,206.67999999999998
14530.0,6197.4,16,3014,2010-01-21 11:25:00,2011-11-14 10:38:00,661,387.3375
14531.0,376.34,1,260,2010-08-17 10:16:00,2010-08-17 10:16:00,0,376.34
14532.0,3859.1800000000003,11,1115,2010-01-31 11:23:00,2011-04-17 13:05:00,441,350.8345454545455
14533.0,3466.37,11,6038,2010-08-04 12:13:00,2011-11-15 12:05:00,467,315.12454545454545
14534.0,6140.29,25,2773,2010-03-15 14:16:00,2011-12-08 11:22:00,632,245.6116
14535.0,6030.7300000000005,9,3240,2010-02-24 15:03:00,2011-10-10 15:39:00,593,670.0811111111111
14536.0,171.8,1,40,2011-03-25 12:21:00,2011-03-25 12:21:00,0,171.8
14537.0,641.4,2,228,2010-03-26 13:44:00,2011-10-13 10:54:00,565,320.7
14538.0,1370.8400000000001,5,284,2010-01-25 15:42:00,2011-06-10 10:31:00,500,274.168
14539.0,537.48,2,428,2011-10-26 12:03:00,2011-11-24 09:50:00,28,268.74
14540.0,3795.34,11,1619,2009-07-12 13:00:00,2011-11-30 10:15:00,870,345.0309090909091
14541.0,2499.68,14,1129,2010-02-24 12:48:00,2011-12-10 10:08:00,653,178.54857142857142
14542.0,103.25,1,19,2011-07-06 08:19:00,2011-07-06 08:19:00,0,103.25
14543.0,14906.77,39,2697,2009-01-12 13:47:00,2011-11-11 12:45:00,1032,382.22487179487183
14544.0,2982.43,3,2438,2010-08-26 16:00:00,2011-11-15 15:06:00,445,994.1433333333333
14545.0,349.25,1,236,2010-03-02 15:23:00,2010-03-02 15:23:00,0,349.25
14546.0,5197.9,11,2696,2009-06-12 13:10:00,2011-10-30 11:47:00,869,472.5363636363636
14547.0,3528.04,6,2412,2011-06-11 14:39:00,2011-11-27 13:49:00,168,588.0066666666667
14548.0,2627.49,9,1021,2009-06-12 14:00:00,2011-12-07 12:19:00,907,291.9433333333333
14549.0,916.5500000000001,4,395,2009-02-12 14:06:00,2011-01-02 13:47:00,688,229.13750000000002
14550.0,1353.31,4,776,2010-08-13 12:05:00,2011-11-29 12:12:00,473,338.3275
14551.0,880.04,7,487,2010-01-27 12:06:00,2011-11-21 13:36:00,663,125.72
14552.0,511.28000000000003,3,261,2010-04-26 13:44:00,2011-11-07 12:49:00,559,170.42666666666668
14553.0,1841.54,9,1140,2010-07-18 12:07:00,2011-11-20 13:20:00,490,204.61555555555555
14554.0,2381.04,4,1478,2011-10-18 13:04:00,2011-11-29 16:44:00,42,595.26
14555.0,2315.63,6,850,2009-12-18 11:39:00,2011-10-13 16:24:00,664,385.93833333333333
14556.0,835.34,3,331,2010-01-20 11:49:00,2010-04-22 14:57:00,92,278.44666666666666
14557.0,788.38,1,510,2011-09-15 15:48:00,2011-09-15 15:48:00,0,788.38
14558.0,655.5,3,162,2009-08-12 10:41:00,2010-02-23 12:51:00,195,218.5
14559.0,75.6,1,72,2010-11-14 16:05:00,2010-11-14 16:05:00,0,75.6
14560.0,6114.03,44,4580,2009-02-12 10:15:00,2011-11-23 09:35:00,1013,138.95522727272726
14561.0,1080.76,3,1014,2011-06-30 13:43:00,2011-09-25 12:39:00,86,360.25333333333333
14562.0,6406.08,24,2484,2010-02-09 11:37:00,2011-11-28 14:39:00,657,266.92
14563.0,679.44,2,335,2010-04-26 12:51:00,2010-07-18 12:01:00,82,339.72
14564.0,2605.62,2,1295,2009-04-12 09:27:00,2010-01-10 09:02:00,272,1302.81
14565.0,3859.2200000000003,5,1940,2010-08-23 09:48:00,2011-08-18 15:51:00,360,771.844
14566.0,4092.0,4,2400,2010-06-24 10:34:00,2011-08-21 11:05:00,423,1023.0
14567.0,1530.3600000000001,2,412,2011-01-08 13:48:00,2011-10-14 10:21:00,278,765.1800000000001
14568.0,919.7,1,645,2010-09-30 17:15:00,2010-09-30 17:15:00,0,919.7
14569.0,371.59000000000003,3,179,2010-03-08 14:41:00,2010-09-13 10:51:00,188,123.86333333333334
14570.0,613.75,3,431,2010-09-22 13:07:00,2011-04-03 10:58:00,192,204.58333333333334
14571.0,161.65,1,57,2010-10-10 15:06:00,2010-10-10 15:06:00,0,161.65
14572.0,5480.13,10,2918,2010-03-28 13:47:00,2011-10-30 14:04:00,581,548.013
14573.0,2621.42,13,835,2010-02-12 19:59:00,2011-11-05 12:32:00,630,201.64769230769232
14574.0,143.70000000000002,1,63,2009-07-12 12:42:00,2009-07-12 12:42:00,0,143.70000000000002
14575.0,460.71,1,176,2010-08-08 14:51:00,2010-08-08 14:51:00,0,460.71
14576.0,70.80000000000001,1,24,2010-02-12 17:51:00,2010-02-12 17:51:00,0,70.80000000000001
14577.0,1374.25,7,573,2009-11-12 12:09:00,2011-11-27 12:47:00,745,196.32142857142858
14579.0,105.56,1,56,2010-03-10 14:36:00,2010-03-10 14:36:00,0,105.56
14580.0,14.85,1,3,2010-09-07 15:20:00,2010-09-07 15:20:00,0,14.85
14581.0,433.8,2,309,2010-06-13 15:48:00,2011-11-23 12:39:00,527,216.9
14582.0,114.11,1,73,2011-10-30 11:56:00,2011-10-30 11:56:00,0,114.11
14583.0,1781.03,8,1155,2010-03-28 15:16:00,2011-07-18 12:53:00,476,222.62875
14584.0,1747.91,8,963,2010-02-17 14:01:00,2011-09-06 20:03:00,566,218.48875
14585.0,1143.27,5,630,2010-10-11 11:25:00,2011-10-20 14:33:00,374,228.654
14586.0,237.35999999999999,1,444,2011-08-03 10:04:00,2011-08-03 10:04:00,0,237.35999999999999
14587.0,1601.14,9,761,2011-01-02 12:54:00,2011-12-01 13:16:00,333,177.90444444444447
14588.0,135.39,1,62,2010-10-05 15:08:00,2010-10-05 15:08:00,0,135.39
14589.0,79.5,1,10,2010-03-12 11:42:00,2010-03-12 11:42:00,0,79.5
14590.0,3006.62,20,904,2009-07-12 14:10:00,2010-11-10 12:06:00,485,150.331
14591.0,1447.14,4,1297,2011-10-05 14:09:00,2011-11-24 13:57:00,49,361.785
14592.0,570.46,3,415,2011-04-11 16:35:00,2011-10-14 14:58:00,185,190.15333333333334
14593.0,3712.0099999999998,12,1875,2009-09-12 12:57:00,2011-11-18 12:48:00,796,309.33416666666665
14594.0,634.83,2,331,2010-01-12 13:54:00,2011-02-12 13:28:00,395,317.415
14595.0,2164.45,8,1228,2010-01-20 13:59:00,2011-11-20 12:12:00,668,270.55625
14596.0,229.47,1,79,2010-03-23 12:13:00,2010-03-23 12:13:00,0,229.47
14597.0,2201.54,6,1447,2010-09-28 13:17:00,2011-11-28 13:13:00,425,366.92333333333335
14598.0,384.03999999999996,2,354,2010-05-19 13:07:00,2011-10-26 13:19:00,525,192.01999999999998
14599.0,474.54,2,295,2010-07-18 15:54:00,2010-11-14 14:49:00,118,237.27
14600.0,865.17,2,487,2010-11-11 15:56:00,2011-07-02 09:48:00,232,432.585
14601.0,213.96,1,168,2011-11-29 09:48:00,2011-11-29 09:48:00,0,213.96
14602.0,205.35999999999999,1,80,2010-02-21 15:47:00,2010-02-21 15:47:00,0,205.35999999999999
14603.0,660.0,1,400,2011-10-03 10:27:00,2011-10-03 10:27:00,0,660.0
14604.0,143.85999999999999,1,88,2010-03-16 13:00:00,2010-03-16 13:00:00,0,143.85999999999999
14605.0,937.16,4,424,2009-08-12 13:59:00,2010-11-30 14:07:00,475,234.29
14606.0,30505.35,190,15464,2009-03-12 12:40:00,2011-12-05 10:53:00,997,160.5544736842105
14607.0,24137.63,22,15585,2009-12-15 11:25:00,2011-11-24 10:35:00,708,1097.165
14608.0,2845.39,10,802,2009-06-12 12:34:00,2011-10-11 18:37:00,851,284.539
14609.0,1486.2,10,12720,2010-05-05 08:58:00,2011-09-28 12:54:00,511,148.62
14610.0,24.35,2,15,2010-07-13 16:06:00,2010-09-11 10:58:00,59,12.175
14611.0,604.33,2,582,2010-04-20 10:19:00,2010-09-22 09:19:00,154,302.165
14612.0,877.7,1,134,2010-10-20 16:01:00,2010-10-20 16:01:00,0,877.7
14613.0,76.32000000000001,1,72,2010-01-28 13:02:00,2010-01-28 13:02:00,0,76.32000000000001
14614.0,295.13,1,189,2010-11-18 13:04:00,2010-11-18 13:04:00,0,295.13
14615.0,951.76,5,495,2010-07-16 14:15:00,2010-10-11 13:36:00,86,190.352
14616.0,527.78,5,170,2010-09-06 09:42:00,2011-11-04 09:54:00,424,105.556
14617.0,190.47,2,81,2010-02-11 11:41:00,2010-10-20 10:40:00,250,95.235
14618.0,1342.32,7,704,2010-10-19 16:56:00,2011-11-30 13:45:00,406,191.76
14619.0,1291.24,2,594,2010-06-16 14:41:00,2011-08-04 07:37:00,413,645.62
14620.0,412.78000000000003,2,214,2011-01-03 08:30:00,2011-05-18 11:58:00,135,206.39000000000001
14621.0,2697.71,8,1452,2010-01-25 09:08:00,2011-09-11 15:02:00,594,337.21375
14622.0,320.58000000000004,1,146,2011-08-06 12:42:00,2011-08-06 12:42:00,0,320.58000000000004
14623.0,2059.58,10,1059,2010-04-16 17:12:00,2011-10-27 09:27:00,558,205.958
14624.0,814.07,6,645,2010-03-06 10:11:00,2011-11-10 14:39:00,614,135.67833333333334
14625.0,4497.88,11,2155,2009-12-16 13:23:00,2011-05-27 15:32:00,527,408.89818181818185
14626.0,5410.92,11,3135,2009-10-12 14:57:00,2011-11-16 10:37:00,764,491.9018181818182
14627.0,462.75,1,284,2010-11-25 16:32:00,2010-11-25 16:32:00,0,462.75
14628.0,1998.0,5,1147,2010-01-25 14:40:00,2011-11-04 14:43:00,648,399.6
14629.0,604.83,1,215,2011-10-23 16:13:00,2011-10-23 16:13:00,0,604.83
14630.0,338.65,1,111,2010-12-08 16:38:00,2010-12-08 16:38:00,0,338.65
14631.0,2025.69,6,1407,2010-09-08 14:45:00,2011-10-20 11:17:00,406,337.615
14632.0,114.56,1,96,2011-03-22 08:49:00,2011-03-22 08:49:00,0,114.56
14633.0,344.90000000000003,1,96,2011-03-18 17:07:00,2011-03-18 17:07:00,0,344.90000000000003
14634.0,2124.46,4,1906,2010-06-16 09:48:00,2010-09-28 10:40:00,104,531.115
14635.0,215.22,1,118,2010-12-09 10:47:00,2010-12-09 10:47:00,0,215.22
14636.0,609.85,2,241,2011-03-11 16:12:00,2011-03-16 09:52:00,4,304.925
14637.0,106.68,1,100,2010-01-31 15:52:00,2010-01-31 15:52:00,0,106.68
14638.0,443.6,1,166,2011-10-20 10:10:00,2011-10-20 10:10:00,0,443.6
14639.0,4978.96,9,2410,2010-02-16 12:35:00,2011-11-08 13:41:00,630,553.2177777777778
14640.0,3667.06,10,1651,2010-01-22 15:44:00,2011-11-15 13:07:00,661,366.706
14641.0,110.46000000000001,1,90,2011-11-18 10:42:00,2011-11-18 10:42:00,0,110.46000000000001
14642.0,96.12,1,76,2011-12-10 11:08:00,2011-12-10 11:08:00,0,96.12
14643.0,1679.89,5,1377,2009-11-12 11:52:00,2011-06-22 14:41:00,587,335.978
14644.0,2247.72,7,770,2009-03-12 16:24:00,2011-03-10 08:30:00,727,321.1028571428571
14645.0,876.89,3,587,2010-03-15 11:33:00,2011-09-03 09:52:00,536,292.2966666666667
14646.0,516874.5,148,359235,2009-02-12 16:52:00,2011-12-08 12:36:00,1028,3492.3952702702704
14647.0,519.97,2,180,2010-04-07 13:27:00,2011-05-22 13:40:00,410,259.985
14648.0,4546.86,15,3326,2009-10-12 13:59:00,2010-10-19 13:12:00,371,303.12399999999997
14649.0,3261.32,8,2111,2010-01-20 13:10:00,2011-11-05 14:42:00,654,407.665
14650.0,62.5,1,22,2010-04-29 20:27:00,2010-04-29 20:27:00,0,62.5
14651.0,2034.1200000000001,9,886,2010-03-18 11:39:00,2011-12-05 16:29:00,627,226.01333333333335
14652.0,114.18,1,53,2011-09-23 14:21:00,2011-09-23 14:21:00,0,114.18
14653.0,3211.51,11,1790,2009-02-12 11:51:00,2011-11-30 10:14:00,1020,291.9554545454546
14654.0,246.86,1,273,2009-01-12 12:57:00,2009-01-12 12:57:00,0,246.86
14655.0,3878.51,7,2341,2010-04-22 14:29:00,2011-11-17 10:24:00,573,554.0728571428572
14656.0,814.65,5,318,2010-04-15 12:10:00,2011-06-23 13:51:00,434,162.93
14657.0,1460.87,6,885,2010-06-10 15:33:00,2011-11-22 12:47:00,529,243.47833333333332
14658.0,123.14,1,23,2011-08-14 15:42:00,2011-08-14 15:42:00,0,123.14
14659.0,2529.93,9,1195,2011-01-12 12:17:00,2011-09-22 12:45:00,253,281.1033333333333
14660.0,285.74,2,228,2011-08-31 10:40:00,2011-09-14 11:34:00,14,142.87
14661.0,107.95,1,35,2011-11-13 11:51:00,2011-11-13 11:51:00,0,107.95
14662.0,1416.33,7,935,2009-03-12 16:47:00,2011-11-11 12:13:00,973,202.33285714285714
14663.0,490.6,2,397,2010-05-10 13:12:00,2010-05-10 13:21:00,0,245.3
14664.0,637.89,2,466,2011-06-11 14:56:00,2011-11-20 10:59:00,161,318.945
14665.0,2749.65,7,1144,2010-04-26 11:17:00,2011-11-09 11:26:00,562,392.8071428571429
14666.0,195.25,1,161,2011-11-15 12:57:00,2011-11-15 12:57:00,0,195.25
14667.0,21927.14,54,13010,2009-02-12 12:38:00,2011-11-29 11:30:00,1019,406.0581481481481
14668.0,111.63,1,49,2010-09-20 15:03:00,2010-09-20 15:03:00,0,111.63
14669.0,3243.93,7,2054,2009-02-12 13:06:00,2011-12-04 11:43:00,1024,463.4185714285714
14670.0,602.0,3,434,2009-07-12 13:59:00,2011-04-03 14:13:00,630,200.66666666666666
14671.0,1127.45,2,571,2010-05-20 18:21:00,2010-08-06 13:39:00,77,563.725
14672.0,1113.14,4,646,2010-01-28 11:33:00,2011-07-01 15:48:00,519,278.285
14673.0,3044.04,6,1818,2010-07-12 12:49:00,2011-11-30 12:36:00,505,507.34
14674.0,173.66,1,103,2010-07-18 14:25:00,2010-07-18 14:25:00,0,173.66
14675.0,1066.9,2,726,2010-11-16 12:22:00,2011-11-23 12:58:00,372,533.45
14676.0,8356.79,12,8792,2010-03-31 15:00:00,2011-09-22 09:52:00,539,696.3991666666667
14677.0,184.91,1,139,2010-04-26 09:48:00,2010-04-26 09:48:00,0,184.91
14678.0,403.39,1,179,2010-09-05 14:32:00,2010-09-05 14:32:00,0,403.39
14679.0,1289.44,3,794,2009-08-12 17:13:00,2010-11-23 11:51:00,467,429.81333333333333
14680.0,57412.77,58,27364,2009-04-12 12:36:00,2011-11-14 16:59:00,946,989.8753448275861
14681.0,875.1500000000001,6,172,2010-02-24 08:54:00,2011-12-05 10:45:00,649,145.85833333333335
14682.0,1514.81,6,949,2010-03-25 17:06:00,2011-05-22 12:51:00,422,252.46833333333333
14683.0,146.56,1,386,2010-04-30 17:18:00,2010-04-30 17:18:00,0,146.56
14684.0,1468.55,6,1039,2010-11-14 14:07:00,2011-11-14 11:33:00,364,244.75833333333333
14685.0,4619.79,8,2012,2009-12-13 11:32:00,2010-12-05 13:08:00,357,577.47375
14686.0,885.83,5,475,2010-02-18 18:29:00,2010-10-21 18:31:00,245,177.166
14687.0,1402.06,3,850,2010-04-11 18:56:00,2011-08-25 11:59:00,500,467.3533333333333
14688.0,7713.57,28,5580,2010-01-12 09:37:00,2011-12-07 11:28:00,694,275.48464285714283
14689.0,112.80000000000001,1,76,2011-05-15 11:22:00,2011-05-15 11:22:00,0,112.80000000000001
14690.0,794.33,4,344,2010-10-25 12:20:00,2011-11-07 11:58:00,377,198.5825
14691.0,2114.33,5,707,2011-04-09 11:17:00,2011-11-05 09:55:00,209,422.866
14692.0,1745.09,12,905,2010-01-04 14:04:00,2011-07-25 15:08:00,567,145.42416666666665
14693.0,1165.3600000000001,7,388,2010-02-07 08:28:00,2011-03-20 12:50:00,406,166.48000000000002
14694.0,244.31,1,193,2010-01-04 19:46:00,2010-01-04 19:46:00,0,244.31
14695.0,1620.07,3,678,2009-07-12 11:05:00,2010-08-07 14:18:00,391,540.0233333333333
14696.0,2467.36,7,1960,2010-01-12 15:37:00,2011-12-08 12:37:00,694,352.48
14697.0,188.61,2,181,2011-05-05 15:29:00,2011-05-05 15:39:00,0,94.305
14698.0,1093.6,4,513,2011-10-19 12:54:00,2011-11-24 11:10:00,35,273.4
14699.0,702.6,4,484,2010-02-07 12:04:00,2011-09-05 14:54:00,575,175.65
14700.0,3116.26,5,1634,2010-10-20 12:26:00,2011-07-11 14:40:00,264,623.2520000000001
14701.0,4562.09,15,1782,2010-01-24 12:15:00,2011-11-29 12:38:00,674,304.13933333333335
14702.0,6554.93,28,2997,2009-10-12 20:22:00,2011-11-21 11:50:00,769,234.10464285714286
14703.0,318.17,1,183,2011-11-25 09:23:00,2011-11-25 09:23:00,0,318.17
14704.0,1813.57,11,1209,2010-03-25 17:21:00,2011-12-06 13:59:00,620,164.87
14705.0,179.0,1,100,2011-05-25 12:39:00,2011-05-25 12:39:00,0,179.0
14706.0,390.69,1,263,2010-03-31 11:09:00,2010-03-31 11:09:00,0,390.69
14707.0,139.2,2,96,2010-09-30 11:37:00,2010-12-05 11:07:00,65,69.6
14708.0,1787.0900000000001,4,1298,2010-06-12 12:23:00,2011-08-07 16:08:00,421,446.77250000000004
14709.0,8886.33,25,4141,2009-05-12 15:26:00,2011-11-24 15:41:00,926,355.4532
14710.0,1922.59,13,1151,2009-03-12 17:12:00,2011-11-25 14:53:00,987,147.89153846153846
14711.0,2868.8,11,978,2011-03-05 16:49:00,2011-11-29 14:58:00,268,260.8
14712.0,1328.0700000000002,4,411,2010-10-17 14:49:00,2011-10-11 12:59:00,358,332.01750000000004
14713.0,5418.87,21,3456,2009-03-12 19:22:00,2011-11-30 16:26:00,992,258.0414285714286
14714.0,906.24,4,642,2010-01-21 11:51:00,2011-11-15 13:07:00,663,226.56
14715.0,1840.45,8,1034,2010-01-19 12:18:00,2011-12-01 13:27:00,681,230.05625
14716.0,565.45,3,752,2010-09-21 12:07:00,2011-10-27 17:29:00,401,188.48333333333335
14717.0,81.3,1,32,2009-06-12 13:05:00,2009-06-12 13:05:00,0,81.3
14718.0,226.42,1,202,2010-10-25 13:07:00,2010-10-25 13:07:00,0,226.42
14719.0,1195.71,4,779,2011-04-04 14:17:00,2011-11-29 12:52:00,238,298.9275
14720.0,663.81,3,219,2011-04-12 12:02:00,2011-11-09 13:56:00,211,221.26999999999998
14721.0,115.77,1,59,2010-11-25 13:08:00,2010-11-25 13:08:00,0,115.77
14722.0,513.37,3,222,2010-08-19 14:34:00,2011-07-15 14:58:00,330,171.12333333333333
14723.0,2093.06,11,1308,2009-04-12 11:22:00,2011-11-29 15:23:00,961,190.27818181818182
14724.0,345.25,1,187,2010-04-28 13:26:00,2010-04-28 13:26:00,0,345.25
14725.0,1315.24,4,1340,2010-06-23 11:34:00,2011-11-15 12:42:00,510,328.81
14726.0,124.75,1,91,2010-02-23 12:35:00,2010-02-23 12:35:00,0,124.75
14727.0,467.93,3,468,2010-11-06 13:23:00,2011-10-03 14:45:00,331,155.97666666666666
14728.0,190.58,1,68,2010-10-22 15:57:00,2010-10-22 15:57:00,0,190.58
14729.0,907.38,3,574,2010-01-12 12:43:00,2010-03-24 13:35:00,71,302.46
14730.0,1760.13,7,948,2011-03-28 12:52:00,2011-08-24 13:07:00,149,251.44714285714286
14731.0,380.02,3,256,2011-05-18 11:02:00,2011-11-05 13:06:00,171,126.67333333333333
14732.0,5517.07,19,2273,2009-09-12 10:48:00,2011-12-09 15:29:00,818,290.3721052631579
14733.0,16184.97,15,6491,2010-02-11 15:42:00,2011-11-23 15:39:00,649,1078.998
14734.0,1056.42,4,378,2010-03-08 09:04:00,2010-10-10 12:04:00,216,264.105
14735.0,11682.720000000001,55,4279,2009-04-12 11:32:00,2011-11-28 12:32:00,960,212.41309090909093
14736.0,401.08,2,164,2010-11-08 15:13:00,2010-11-08 15:21:00,0,200.54
14737.0,3471.37,3,1029,2010-04-11 11:29:00,2011-03-08 10:04:00,330,1157.1233333333332
14738.0,1821.9,9,757,2009-07-12 10:21:00,2011-12-05 13:41:00,876,202.43333333333334
14739.0,11752.54,24,9908,2009-02-12 13:23:00,2011-11-20 10:37:00,1010,489.6891666666667
14740.0,4161.06,11,2081,2010-01-06 16:51:00,2011-05-26 18:17:00,505,378.27818181818185
14741.0,1897.5900000000001,7,1120,2010-02-12 08:43:00,2011-11-28 08:48:00,654,271.0842857142857
14742.0,579.85,1,374,2010-09-30 14:07:00,2010-09-30 14:07:00,0,579.85
14743.0,50.480000000000004,1,40,2010-04-26 10:26:00,2010-04-26 10:26:00,0,50.480000000000004
14744.0,3885.08,14,2547,2010-05-18 14:06:00,2011-11-23 12:51:00,553,277.5057142857143
14745.0,2571.81,12,1977,2010-05-24 12:25:00,2011-08-19 10:05:00,451,214.3175
14746.0,593.5,4,398,2010-10-20 12:45:00,2010-12-10 11:06:00,50,148.375
14747.0,328.2,1,84,2011-04-04 14:09:00,2011-04-04 14:09:00,0,328.2
14748.0,3152.32,10,2752,2010-01-04 14:18:00,2011-11-05 15:16:00,670,315.232
14749.0,310.15,1,403,2010-08-17 12:36:00,2010-08-17 12:36:00,0,310.15
14750.0,112.03,1,65,2009-03-12 17:57:00,2009-03-12 17:57:00,0,112.03
14751.0,126.45,2,65,2009-12-13 14:08:00,2010-01-24 13:37:00,41,63.225
14752.0,389.64000000000004,1,260,2011-10-27 11:55:00,2011-10-27 11:55:00,0,389.64000000000004
14753.0,869.51,2,412,2010-05-09 11:04:00,2011-09-13 14:50:00,492,434.755
14754.0,1550.48,6,1011,2010-01-18 11:04:00,2011-10-26 12:01:00,646,258.41333333333336
14755.0,9972.550000000001,25,4401,2009-03-12 16:51:00,2011-11-30 11:24:00,992,398.90200000000004
14756.0,2653.76,3,1423,2010-11-10 11:50:00,2011-11-24 18:13:00,379,884.5866666666667
14757.0,420.5,1,160,2011-09-25 14:36:00,2011-09-25 14:36:00,0,420.5
14758.0,2864.9700000000003,7,840,2010-07-19 10:07:00,2011-07-18 08:21:00,363,409.2814285714286
14759.0,870.85,2,247,2011-04-21 10:55:00,2011-08-19 08:57:00,119,435.425
14760.0,89.2,1,40,2011-02-15 16:27:00,2011-02-15 16:27:00,0,89.2
14761.0,447.92,3,206,2010-09-21 14:22:00,2011-12-10 12:10:00,444,149.30666666666667
14762.0,417.57,2,428,2010-03-23 15:36:00,2011-03-21 08:20:00,362,208.785
14764.0,278.3,1,190,2011-10-24 11:54:00,2011-10-24 11:54:00,0,278.3
14765.0,254.11,3,135,2011-06-16 19:49:00,2011-10-11 19:53:00,117,84.70333333333333
14766.0,6556.13,11,4063,2010-06-06 11:11:00,2011-10-05 11:33:00,486,596.0118181818182
14767.0,382.81,1,117,2010-08-22 14:54:00,2010-08-22 14:54:00,0,382.81
14768.0,192.60000000000002,2,52,2011-04-08 13:25:00,2011-11-22 12:54:00,227,96.30000000000001
14769.0,15429.91,16,11054,2009-12-16 09:17:00,2011-09-18 15:33:00,641,964.369375
14770.0,3637.6400000000003,8,1598,2010-02-25 18:58:00,2011-04-21 14:21:00,419,454.70500000000004
14771.0,594.62,2,622,2009-03-12 09:44:00,2010-03-28 12:52:00,381,297.31
14772.0,139.26,1,82,2011-08-19 15:04:00,2011-08-19 15:04:00,0,139.26
14773.0,140.55,1,53,2010-04-26 10:29:00,2010-04-26 10:29:00,0,140.55
14774.0,241.45000000000002,1,99,2010-06-29 12:26:00,2010-06-29 12:26:00,0,241.45000000000002
14775.0,1418.46,3,1558,2010-02-12 16:38:00,2011-12-10 15:27:00,665,472.82
14776.0,3708.2999999999997,15,4658,2010-05-10 14:14:00,2011-10-19 15:34:00,527,247.21999999999997
14777.0,307.56,1,212,2010-01-11 12:50:00,2010-01-11 12:50:00,0,307.56
14778.0,730.86,2,306,2011-04-02 11:43:00,2011-04-08 15:23:00,6,365.43
14779.0,386.15,3,84,2011-01-20 12:04:00,2011-04-03 12:42:00,73,128.71666666666667
14780.0,447.68,2,310,2011-09-21 15:15:00,2011-10-16 12:46:00,24,223.84
14782.0,200.10000000000002,1,114,2011-01-24 11:12:00,2011-01-24 11:12:00,0,200.10000000000002
14783.0,307.3,1,262,2010-02-18 16:16:00,2010-02-18 16:16:00,0,307.3
14784.0,449.93,3,363,2010-11-15 09:49:00,2011-11-13 13:30:00,363,149.97666666666666
14785.0,77.4,2,84,2011-11-24 13:40:00,2011-11-29 13:21:00,4,38.7
14786.0,90.96,1,112,2010-07-06 13:42:00,2010-07-06 13:42:00,0,90.96
14787.0,110.65,1,59,2010-08-25 14:38:00,2010-08-25 14:38:00,0,110.65
14788.0,1156.32,3,719,2010-04-22 18:16:00,2011-11-13 15:52:00,569,385.44
14789.0,197.64,1,116,2011-11-11 08:59:00,2011-11-11 08:59:00,0,197.64
14790.0,2526.62,10,2642,2009-11-12 14:37:00,2011-12-08 12:15:00,755,252.66199999999998
14791.0,303.63,1,127,2010-12-04 10:24:00,2010-12-04 10:24:00,0,303.63
14792.0,6.2,1,2,2011-07-10 09:19:00,2011-07-10 09:19:00,0,6.2
14793.0,625.9,2,361,2010-06-22 16:54:00,2011-11-18 14:50:00,513,312.95
14794.0,1749.04,9,625,2010-02-11 09:06:00,2011-11-30 09:00:00,656,194.33777777777777
14795.0,131.45000000000002,1,17,2011-06-26 13:04:00,2011-06-26 13:04:00,0,131.45000000000002
14796.0,10462.41,26,7286,2009-12-14 15:06:00,2011-11-17 13:30:00,702,402.4003846153846
14797.0,300.31,1,99,2010-07-20 14:07:00,2010-07-20 14:07:00,0,300.31
14798.0,724.31,8,601,2010-01-03 08:38:00,2011-10-18 10:58:00,653,90.53875
14799.0,338.15000000000003,2,495,2009-02-12 11:18:00,2011-10-19 16:16:00,979,169.07500000000002
14800.0,7774.32,17,6967,2010-05-12 11:10:00,2011-11-10 11:02:00,546,457.3129411764706
14801.0,193.14,1,175,2011-09-10 15:24:00,2011-09-10 15:24:00,0,193.14
14802.0,1502.98,2,2,2010-09-27 16:32:00,2010-09-27 16:34:00,0,751.49
14803.0,845.5500000000001,3,370,2011-02-20 13:21:00,2011-09-03 12:12:00,194,281.85
14804.0,353.27,1,121,2011-01-12 11:20:00,2011-01-12 11:20:00,0,353.27
14805.0,1104.64,7,421,2010-03-28 12:34:00,2011-11-24 16:20:00,606,157.8057142857143
14806.0,303.43,2,423,2010-09-26 15:50:00,2011-09-25 15:32:00,363,151.715
14807.0,519.29,2,247,2010-02-28 11:33:00,2010-11-14 12:47:00,259,259.645
14808.0,2741.17,8,2147,2011-06-20 12:53:00,2011-10-31 12:21:00,132,342.64625
14809.0,686.76,2,232,2010-03-28 15:42:00,2010-03-28 15:44:00,0,343.38
14810.0,2537.02,13,1247,2010-05-12 12:08:00,2011-10-30 11:19:00,535,195.1553846153846
14811.0,170.5,1,74,2010-11-17 13:09:00,2010-11-17 13:09:00,0,170.5
14812.0,185.8,1,136,2010-04-20 12:13:00,2010-04-20 12:13:00,0,185.8
14813.0,1090.87,4,474,2010-05-12 11:54:00,2010-11-19 11:32:00,190,272.7175
14814.0,160.46,1,96,2010-07-05 14:10:00,2010-07-05 14:10:00,0,160.46
14815.0,778.5,2,744,2011-03-10 11:36:00,2011-03-11 11:36:00,1,389.25
14816.0,271.85,1,5,2011-05-26 13:16:00,2011-05-26 13:16:00,0,271.85
14817.0,3959.86,7,2462,2010-03-22 12:10:00,2011-07-03 13:51:00,468,565.6942857142857
14818.0,1170.41,6,546,2010-02-03 12:48:00,2011-09-27 11:01:00,600,195.06833333333336
14819.0,470.16,4,173,2009-12-21 15:54:00,2011-06-10 13:41:00,535,117.54
14820.0,1274.76,9,724,2010-01-31 12:49:00,2011-11-18 15:41:00,656,141.64
14821.0,1286.45,7,485,2010-01-02 13:33:00,2010-11-26 11:45:00,327,183.77857142857144
14822.0,157.7,1,94,2010-11-08 12:52:00,2010-11-08 12:52:00,0,157.7
14823.0,321.43,3,88,2011-05-29 12:48:00,2011-12-06 13:12:00,191,107.14333333333333
14824.0,4022.9100000000003,10,1954,2010-04-29 12:17:00,2011-11-29 14:20:00,579,402.29100000000005
14825.0,4823.99,23,2769,2010-04-21 15:34:00,2011-11-24 10:07:00,581,209.7386956521739
14826.0,385.2,2,152,2010-01-13 13:08:00,2010-07-05 09:00:00,172,192.6
14828.0,9839.460000000001,13,9718,2009-07-12 11:19:00,2011-07-01 09:50:00,718,756.8815384615385
14829.0,1692.84,7,1147,2010-02-12 16:12:00,2011-10-11 16:16:00,606,241.8342857142857
14830.0,197.13,1,169,2011-10-17 14:29:00,2011-10-17 14:29:00,0,197.13
14831.0,1676.57,3,885,2009-02-12 09:21:00,2010-01-28 14:31:00,350,558.8566666666667
14832.0,322.69,1,1,2010-03-19 15:14:00,2010-03-19 15:14:00,0,322.69
14833.0,94.8,1,58,2010-07-29 10:06:00,2010-07-29 10:06:00,0,94.8
14834.0,2206.16,7,872,2010-10-28 17:37:00,2011-12-10 13:30:00,407,315.1657142857143
14835.0,297.0,2,180,2010-01-04 19:34:00,2010-06-29 10:08:00,175,148.5
14836.0,102.45,3,45,2011-09-11 13:26:00,2011-11-29 16:45:00,79,34.15
14837.0,3460.32,9,3030,2010-01-24 10:20:00,2011-11-09 10:58:00,654,384.48
14838.0,773.6700000000001,2,362,2009-03-12 09:52:00,2010-12-10 15:46:00,638,386.83500000000004
14839.0,915.28,3,927,2010-04-01 16:29:00,2010-10-17 13:01:00,198,305.0933333333333
14840.0,362.71000000000004,2,179,2010-06-18 15:42:00,2011-03-17 12:00:00,271,181.35500000000002
14841.0,7163.0,14,4164,2009-02-12 16:49:00,2011-11-10 09:41:00,1000,511.64285714285717
14842.0,2824.69,4,1166,2011-01-06 08:38:00,2011-10-27 12:37:00,294,706.1725
14843.0,211.8,1,132,2010-09-29 12:39:00,2010-09-29 12:39:00,0,211.8
14844.0,6702.43,10,4369,2010-02-08 10:30:00,2011-12-04 13:10:00,664,670.243
14845.0,150.0,1,600,2010-04-19 10:19:00,2010-04-19 10:19:00,0,150.0
14846.0,437.4,1,193,2010-08-10 17:07:00,2010-08-10 17:07:00,0,437.4
14847.0,1348.95,3,533,2010-05-24 12:29:00,2011-07-14 10:52:00,415,449.65000000000003
14848.0,310.56,1,260,2010-10-31 12:22:00,2010-10-31 12:22:00,0,310.56
14849.0,15763.45,43,12026,2010-01-07 14:28:00,2011-12-08 11:09:00,699,366.59186046511627
14850.0,1794.01,7,1408,2010-05-20 13:28:00,2011-01-02 11:21:00,226,256.28714285714284
14851.0,829.41,3,631,2010-03-19 11:52:00,2011-11-16 14:20:00,607,276.46999999999997
14852.0,6147.18,18,4371,2010-04-23 13:12:00,2011-12-10 13:20:00,596,341.51
14853.0,1376.87,5,345,2010-04-13 09:26:00,2011-12-05 15:17:00,601,275.37399999999997
14854.0,4322.86,11,2999,2010-01-22 09:48:00,2011-10-03 12:22:00,619,392.9872727272727
14855.0,6520.3,7,3510,2010-07-20 11:06:00,2011-12-08 14:02:00,506,931.4714285714286
14856.0,1311.38,3,714,2011-03-11 14:47:00,2011-10-14 09:35:00,216,437.1266666666667
14857.0,3651.851,7,2081,2010-01-06 09:42:00,2011-11-10 09:23:00,672,521.693
14858.0,180.75,1,105,2010-07-22 10:51:00,2010-07-22 10:51:00,0,180.75
14859.0,1705.64,5,888,2010-03-06 10:26:00,2011-11-27 11:18:00,631,341.12800000000004
14860.0,170.32,1,232,2011-11-20 14:17:00,2011-11-20 14:17:00,0,170.32
14861.0,1380.73,10,1076,2009-08-12 12:12:00,2011-10-18 12:54:00,797,138.073
14862.0,841.2,2,772,2011-07-14 11:20:00,2011-11-14 10:01:00,122,420.6
14863.0,266.76,1,132,2011-10-11 15:04:00,2011-10-11 15:04:00,0,266.76
14865.0,129.72,4,300,2009-01-12 16:05:00,2011-02-12 16:25:00,761,32.43
14866.0,20850.22,19,9233,2010-08-10 12:26:00,2011-11-29 11:45:00,475,1097.38
14867.0,2952.06,16,996,2009-05-12 15:47:00,2011-07-06 11:39:00,784,184.50375
14868.0,3793.92,11,2085,2010-10-15 14:52:00,2011-11-18 14:40:00,398,344.9018181818182
14869.0,2804.2400000000002,6,2138,2009-12-16 11:43:00,2011-08-28 16:09:00,620,467.3733333333334
14870.0,1838.95,6,483,2010-01-03 11:04:00,2011-03-23 10:51:00,443,306.4916666666667
14871.0,1091.34,8,383,2009-01-12 11:57:00,2011-06-14 13:04:00,883,136.4175
14872.0,816.6,3,662,2010-03-16 14:41:00,2010-08-13 12:34:00,149,272.2
14873.0,854.13,2,311,2010-03-16 10:51:00,2011-05-13 13:52:00,423,427.065
14874.0,116.18,1,148,2010-06-22 14:58:00,2010-06-22 14:58:00,0,116.18
14875.0,2862.4,3,1332,2010-09-24 10:28:00,2011-08-24 12:20:00,334,954.1333333333333
14876.0,256.7,2,162,2010-05-27 13:49:00,2010-06-07 14:57:00,11,128.35
14877.0,437.0,2,171,2010-07-03 12:25:00,2010-10-17 13:09:00,106,218.5
14878.0,4105.24,25,2432,2010-01-08 12:48:00,2011-12-06 11:26:00,696,164.2096
14879.0,185.06,1,104,2010-01-24 11:35:00,2010-01-24 11:35:00,0,185.06
14880.0,706.19,3,373,2011-02-24 12:27:00,2011-09-23 13:42:00,211,235.39666666666668
14881.0,255.4,1,316,2011-11-20 11:06:00,2011-11-20 11:06:00,0,255.4
14882.0,3628.15,14,1640,2010-03-30 15:02:00,2011-11-13 12:47:00,592,259.1535714285714
14883.0,761.59,6,790,2011-06-29 09:32:00,2011-12-05 09:49:00,159,126.93166666666667
14884.0,120.6,1,72,2010-08-02 12:56:00,2010-08-02 12:56:00,0,120.6
14885.0,1598.12,3,1308,2010-08-10 12:08:00,2011-07-31 12:05:00,354,532.7066666666666
14886.0,364.8,1,160,2011-01-04 08:56:00,2011-01-04 08:56:00,0,364.8
14887.0,1862.0,1,1100,2011-09-21 15:32:00,2011-09-21 15:32:00,0,1862.0
14888.0,369.2,1,184,2011-05-16 14:58:00,2011-05-16 14:58:00,0,369.2
14889.0,135.9,1,90,2011-07-01 15:19:00,2011-07-01 15:19:00,0,135.9
14890.0,817.25,3,636,2010-02-18 09:00:00,2011-03-31 11:57:00,406,272.4166666666667
14891.0,1106.73,4,788,2010-09-29 12:41:00,2011-07-14 18:08:00,288,276.6825
14892.0,202.35000000000002,1,79,2010-01-18 08:58:00,2010-01-18 08:58:00,0,202.35000000000002
14893.0,1809.6100000000001,3,1047,2010-01-04 09:03:00,2011-11-30 12:31:00,695,603.2033333333334
14894.0,1492.81,3,603,2009-02-12 10:42:00,2011-09-15 13:51:00,945,497.6033333333333
14895.0,25119.54,38,10714,2009-10-12 14:22:00,2011-10-30 14:45:00,748,661.0405263157895
14896.0,2092.42,8,1117,2009-06-12 12:42:00,2011-05-19 10:20:00,705,261.5525
14897.0,3140.54,8,1162,2009-12-15 17:05:00,2011-12-09 16:06:00,723,392.5675
14898.0,3507.81,14,2247,2009-03-12 16:40:00,2011-11-16 14:54:00,978,250.55785714285713
14899.0,1384.88,1,586,2010-09-11 15:20:00,2010-09-11 15:20:00,0,1384.88
14900.0,13.919999999999998,1,48,2010-05-07 15:09:00,2010-05-07 15:09:00,0,13.919999999999998
14901.0,2289.65,12,1053,2010-01-09 11:43:00,2011-12-09 16:14:00,699,190.80416666666667
14902.0,1035.6200000000001,3,716,2010-04-06 12:35:00,2011-11-14 10:34:00,586,345.2066666666667
14903.0,2810.63,5,1536,2011-05-23 13:17:00,2011-11-18 16:07:00,179,562.126
14904.0,1012.16,3,1157,2010-08-10 12:48:00,2011-11-14 09:13:00,460,337.38666666666666
14905.0,1971.39,8,1009,2009-03-12 14:36:00,2011-05-07 12:41:00,785,246.42375
14906.0,68.44,1,1,2010-09-20 16:30:00,2010-09-20 16:30:00,0,68.44
14907.0,5689.43,15,2549,2010-04-16 13:40:00,2011-11-11 13:25:00,573,379.29533333333336
14908.0,381.9,2,182,2010-02-09 16:39:00,2011-09-26 12:56:00,593,190.95
14909.0,1404.68,3,888,2010-02-14 15:47:00,2010-09-28 16:56:00,226,468.2266666666667
14910.0,323.55,3,158,2011-08-11 12:09:00,2011-11-14 17:10:00,95,107.85000000000001
14911.0,289670.66,391,146430,2009-01-12 11:41:00,2011-12-10 14:08:00,1062,740.8456777493606
14912.0,1889.25,6,1819,2010-01-26 16:29:00,2011-11-23 09:20:00,665,314.875
14913.0,4073.13,8,3955,2010-09-13 14:45:00,2011-11-03 09:07:00,415,509.14125
14915.0,1811.25,11,707,2009-03-12 10:17:00,2011-09-09 13:34:00,911,164.6590909090909
14916.0,3042.95,8,2415,2010-01-04 10:57:00,2011-09-30 09:20:00,633,380.36875
14917.0,1123.75,2,891,2010-04-22 09:44:00,2010-04-22 11:28:00,0,561.875
14918.0,5955.81,9,2551,2010-05-07 15:42:00,2011-08-16 11:50:00,465,661.7566666666667
14919.0,359.35,1,129,2010-06-18 13:06:00,2010-06-18 13:06:00,0,359.35
14920.0,1607.17,3,886,2010-05-23 15:25:00,2011-11-05 10:32:00,530,535.7233333333334
14921.0,1316.07,2,953,2011-05-22 12:51:00,2011-09-11 13:17:00,112,658.035
14922.0,843.74,2,376,2010-07-20 09:45:00,2010-11-11 11:14:00,114,421.87
14923.0,749.1,1,418,2011-10-20 11:51:00,2011-10-20 11:51:00,0,749.1
14924.0,931.01,3,312,2010-08-04 15:40:00,2011-08-04 09:25:00,364,310.33666666666664
14926.0,359.4,2,204,2010-04-20 09:59:00,2010-11-23 07:13:00,216,179.7
14927.0,308.2,1,196,2010-08-11 12:30:00,2010-08-11 12:30:00,0,308.2
14928.0,223.91000000000003,1,268,2010-03-22 09:14:00,2010-03-22 09:14:00,0,223.91000000000003
14929.0,836.69,2,487,2010-10-14 12:22:00,2011-07-11 17:21:00,270,418.345
14930.0,5246.63,6,2199,2010-05-25 15:21:00,2011-10-03 14:42:00,495,874.4383333333334
14931.0,1059.28,4,357,2011-04-13 09:32:00,2011-11-17 09:25:00,217,264.82
14932.0,1029.66,2,337,2010-09-12 11:48:00,2010-11-19 09:16:00,67,514.83
14933.0,1770.0,4,600,2010-09-21 17:29:00,2010-09-22 10:47:00,0,442.5
14934.0,3503.5,5,2100,2010-09-24 12:08:00,2011-09-19 10:10:00,359,700.7
14935.0,2849.83,2,1931,2010-03-30 11:48:00,2011-02-15 14:44:00,322,1424.915
14936.0,12410.81,12,6274,2010-05-05 12:26:00,2011-09-03 11:53:00,485,1034.2341666666666
14937.0,1621.88,3,484,2011-01-08 14:16:00,2011-10-14 12:29:00,278,540.6266666666667
14938.0,2322.43,2,1369,2010-05-26 13:35:00,2010-05-26 13:38:00,0,1161.215
14940.0,531.49,2,384,2009-06-12 15:46:00,2010-10-18 10:47:00,492,265.745
14941.0,182.1,1,80,2010-10-05 11:30:00,2010-10-05 11:30:00,0,182.1
14942.0,746.56,4,354,2009-10-12 10:32:00,2010-11-03 12:31:00,387,186.64
14943.0,107.62,1,46,2010-02-14 16:04:00,2010-02-14 16:04:00,0,107.62
14944.0,9784.67,19,4864,2010-02-17 08:47:00,2011-10-11 09:10:00,601,514.9826315789473
14945.0,179.4,1,156,2010-10-22 11:26:00,2010-10-22 11:26:00,0,179.4
14946.0,100.9,1,22,2011-11-25 13:33:00,2011-11-25 13:33:00,0,100.9
14947.0,1049.79,6,416,2010-03-25 11:29:00,2011-09-28 15:48:00,552,174.965
14948.0,1101.97,6,673,2011-02-09 14:39:00,2011-11-16 17:16:00,280,183.66166666666666
14949.0,515.0,4,250,2009-12-18 15:28:00,2010-08-27 15:38:00,252,128.75
14950.0,371.2,1,136,2011-11-20 13:48:00,2011-11-20 13:48:00,0,371.2
14951.0,311.69,1,311,2011-09-21 15:15:00,2011-09-21 15:15:00,0,311.69
14952.0,17629.35,32,6977,2009-03-12 15:34:00,2011-12-09 12:48:00,1001,550.9171875
14953.0,1013.77,4,1028,2010-09-30 12:16:00,2011-11-14 14:59:00,410,253.4425
14954.0,503.44,2,219,2010-05-01 16:38:00,2011-11-27 14:30:00,574,251.72
14955.0,163.77,1,74,2009-07-12 11:35:00,2009-07-12 11:35:00,0,163.77
14956.0,1325.0,1,2500,2010-10-14 16:40:00,2010-10-14 16:40:00,0,1325.0
14957.0,333.29,2,105,2010-05-03 10:50:00,2011-03-31 17:59:00,332,166.645
14958.0,957.94,6,249,2009-03-12 16:02:00,2011-08-04 11:28:00,874,159.65666666666667
14959.0,695.42,4,494,2011-02-16 13:00:00,2011-08-22 09:28:00,186,173.855
14960.0,221.27,2,221,2011-01-12 12:54:00,2011-06-21 13:38:00,160,110.635
14961.0,16410.15,22,8372,2009-04-12 11:32:00,2011-11-29 09:42:00,960,745.9159090909092
14962.0,366.91,4,123,2010-04-05 14:57:00,2011-03-14 09:42:00,342,91.7275
14963.0,3164.48,12,2317,2010-02-07 12:43:00,2011-11-30 12:16:00,660,263.70666666666665
14964.0,206.21,1,143,2011-06-04 14:13:00,2011-06-04 14:13:00,0,206.21
14965.0,599.0,2,365,2011-04-09 13:15:00,2011-04-09 13:20:00,0,299.5
14966.0,1115.84,6,1098,2009-12-15 13:48:00,2011-11-25 12:20:00,709,185.97333333333333
14967.0,1982.6100000000001,6,652,2009-03-12 14:07:00,2011-10-21 11:06:00,952,330.435
14968.0,504.99,2,258,2010-07-09 13:28:00,2011-09-11 13:58:00,429,252.495
14969.0,906.23,1,665,2010-05-01 12:43:00,2010-05-01 12:43:00,0,906.23
14970.0,4919.35,12,982,2010-02-14 13:37:00,2011-07-25 14:45:00,526,409.9458333333334
14971.0,1116.57,3,644,2011-04-11 17:03:00,2011-10-27 13:33:00,198,372.19
14972.0,145.07,2,40,2010-11-23 16:17:00,2011-03-08 14:54:00,104,72.535
14973.0,1314.45,3,369,2011-04-28 12:22:00,2011-08-24 15:51:00,118,438.15000000000003
14974.0,114.39,1,44,2011-02-11 13:01:00,2011-02-11 13:01:00,0,114.39
14975.0,472.39,2,507,2010-10-14 14:11:00,2011-10-13 14:08:00,363,236.195
14976.0,790.86,7,234,2011-01-17 11:09:00,2011-10-13 16:37:00,269,112.98
14977.0,31.93,1,17,2009-12-14 10:37:00,2009-12-14 10:37:00,0,31.93
14978.0,3142.14,10,740,2010-04-28 10:50:00,2011-09-28 13:07:00,518,314.214
14979.0,439.46000000000004,1,213,2009-04-12 12:54:00,2009-04-12 12:54:00,0,439.46000000000004
14980.0,150.68,1,79,2009-02-12 14:09:00,2009-02-12 14:09:00,0,150.68
14981.0,372.92,2,241,2010-12-10 11:04:00,2011-07-04 13:45:00,206,186.46
14982.0,237.78,1,125,2010-05-16 15:52:00,2010-05-16 15:52:00,0,237.78
14983.0,183.20000000000002,1,90,2010-01-19 17:32:00,2010-01-19 17:32:00,0,183.20000000000002
14984.0,1271.41,6,350,2010-06-06 10:55:00,2011-12-06 11:04:00,548,211.90166666666667
14985.0,296.75,2,260,2010-12-16 19:51:00,2011-05-25 14:29:00,159,148.375
14986.0,566.9,2,342,2010-01-24 15:54:00,2010-11-28 15:25:00,307,283.45
14987.0,1713.85,8,671,2009-02-12 14:56:00,2011-11-24 09:59:00,1014,214.23125
14988.0,2066.6,7,1276,2010-03-11 13:18:00,2011-12-05 12:05:00,633,295.2285714285714
14989.0,342.4,1,200,2010-02-16 10:40:00,2010-02-16 10:40:00,0,342.4
14990.0,305.42,2,130,2009-09-12 13:31:00,2010-06-04 13:54:00,265,152.71
14991.0,314.67,1,191,2010-05-10 13:01:00,2010-05-10 13:01:00,0,314.67
14992.0,210.5,1,145,2010-09-23 17:48:00,2010-09-23 17:48:00,0,210.5
14993.0,36.13,1,21,2010-05-25 12:47:00,2010-05-25 12:47:00,0,36.13
14994.0,960.63,5,577,2010-03-26 14:16:00,2010-12-11 11:30:00,259,192.126
14995.0,233.23000000000002,2,103,2011-01-11 11:39:00,2011-04-03 13:14:00,82,116.61500000000001
14996.0,442.28999999999996,2,404,2010-08-15 13:41:00,2010-08-15 13:44:00,0,221.14499999999998
14997.0,776.6,4,1408,2010-02-22 12:11:00,2011-12-09 13:34:00,655,194.15
14998.0,770.73,4,367,2010-04-13 16:07:00,2011-12-04 16:28:00,600,192.6825
14999.0,129.48000000000002,1,88,2010-04-26 10:47:00,2010-04-26 10:47:00,0,129.48000000000002
15000.0,490.52,1,218,2011-10-23 11:42:00,2011-10-23 11:42:00,0,490.52
15001.0,230.85999999999999,2,81,2010-10-11 13:31:00,2010-10-11 13:51:00,0,115.42999999999999
15002.0,4817.28,9,2518,2010-01-26 11:44:00,2011-08-16 10:44:00,566,535.2533333333333
15003.0,1060.7,6,547,2010-01-26 13:04:00,2010-09-02 12:23:00,218,176.78333333333333
15004.0,1246.32,1,630,2011-07-15 14:05:00,2011-07-15 14:05:00,0,1246.32
15005.0,14106.2,56,8856,2009-01-12 14:19:00,2011-11-24 12:25:00,1045,251.89642857142857
15006.0,825.14,2,416,2010-12-09 13:03:00,2011-10-19 15:08:00,314,412.57
15007.0,156.91,1,69,2011-03-07 16:00:00,2011-03-07 16:00:00,0,156.91
15008.0,360.0,2,1500,2010-08-16 13:09:00,2010-12-03 11:13:00,108,180.0
15009.0,1261.78,3,642,2011-11-14 17:40:00,2011-11-27 13:35:00,12,420.5933333333333
15010.0,308.94,1,184,2011-04-11 12:42:00,2011-04-11 12:42:00,0,308.94
15011.0,416.6,2,289,2010-09-11 11:10:00,2010-10-19 12:05:00,38,208.3
15012.0,860.62,3,479,2010-01-12 12:49:00,2011-10-17 12:22:00,642,286.87333333333333
15013.0,1641.3,10,1747,2010-01-07 14:11:00,2010-09-08 12:05:00,243,164.13
15014.0,260.17,2,151,2011-06-16 19:40:00,2011-10-27 20:07:00,133,130.085
15015.0,2365.02,13,1593,2009-12-14 14:46:00,2010-11-04 11:17:00,324,181.92461538461538
15016.0,630.3,5,247,2010-06-14 13:06:00,2011-06-20 12:06:00,370,126.05999999999999
15017.0,125.58,1,63,2011-06-11 10:33:00,2011-06-11 10:33:00,0,125.58
15018.0,607.46,3,210,2010-07-12 10:47:00,2011-01-11 12:47:00,183,202.48666666666668
15019.0,266.0,1,159,2011-03-18 12:35:00,2011-03-18 12:35:00,0,266.0
15020.0,203.42,1,112,2010-11-25 13:29:00,2010-11-25 13:29:00,0,203.42
15021.0,2783.83,12,1217,2010-07-29 16:35:00,2011-11-13 12:31:00,471,231.98583333333332
15022.0,1186.09,5,656,2010-01-31 16:02:00,2011-11-28 12:35:00,665,237.218
15023.0,11479.04,19,4727,2010-01-04 13:54:00,2011-10-31 17:13:00,665,604.1600000000001
15024.0,4075.51,16,2201,2010-07-12 13:20:00,2011-11-30 12:06:00,505,254.719375
15025.0,1013.09,2,515,2010-05-20 13:28:00,2011-06-11 15:20:00,387,506.545
15026.0,1061.6100000000001,5,673,2010-09-17 13:52:00,2011-09-20 13:52:00,368,212.32200000000003
15027.0,3195.6,10,2782,2010-03-25 14:39:00,2011-09-11 10:16:00,534,319.56
15028.0,1157.71,6,796,2010-06-12 12:47:00,2011-10-28 11:41:00,502,192.95166666666668
15029.0,365.1,1,234,2010-03-30 12:16:00,2010-03-30 12:16:00,0,365.1
15030.0,1979.91,8,1225,2010-03-18 17:34:00,2011-09-29 10:50:00,559,247.48875
15031.0,2981.05,13,1559,2009-08-12 13:38:00,2011-09-11 17:44:00,760,229.31153846153848
15032.0,13780.65,8,8259,2009-10-12 15:27:00,2011-03-28 15:03:00,531,1722.58125
15033.0,2418.87,9,1557,2011-01-14 13:28:00,2011-11-14 13:12:00,303,268.7633333333333
15034.0,8313.4,14,4788,2010-02-07 12:55:00,2011-11-24 12:11:00,654,593.8142857142857
15035.0,252.73000000000002,1,245,2011-11-09 11:08:00,2011-11-09 11:08:00,0,252.73000000000002
15036.0,465.55,3,327,2011-06-13 12:19:00,2011-09-28 15:42:00,107,155.18333333333334
15037.0,402.51,2,301,2010-11-28 12:14:00,2010-11-28 13:05:00,0,201.255
15038.0,1309.86,9,441,2010-05-12 10:54:00,2011-12-10 11:33:00,577,145.54
15039.0,40031.43,93,18183,2009-10-12 11:39:00,2011-11-30 11:31:00,778,430.44548387096773
15040.0,7.49,1,1,2010-06-16 11:40:00,2010-06-16 11:40:00,0,7.49
15041.0,294.02,2,197,2010-09-21 13:16:00,2011-06-22 16:16:00,274,147.01
15042.0,315.45,2,238,2010-04-23 14:01:00,2011-05-24 16:25:00,396,157.725
15043.0,2873.8,6,1031,2010-02-09 15:09:00,2011-08-11 14:26:00,547,478.9666666666667
15044.0,16204.33,35,5279,2009-12-16 15:13:00,2011-12-04 12:56:00,717,462.98085714285713
15045.0,735.66,2,114,2011-03-27 11:44:00,2011-11-07 11:33:00,224,367.83
15046.0,7812.39,25,4701,2010-01-14 14:29:00,2011-11-30 15:50:00,685,312.4956
15047.0,343.62,1,222,2011-03-15 10:49:00,2011-03-15 10:49:00,0,343.62
15048.0,482.75,4,227,2010-06-12 12:15:00,2011-08-15 10:02:00,428,120.6875
15049.0,121.17000000000002,1,63,2011-11-03 12:13:00,2011-11-03 12:13:00,0,121.17000000000002
15050.0,4193.79,5,2628,2010-08-16 12:00:00,2011-11-14 16:17:00,455,838.758
15051.0,3935.16,9,3053,2009-01-12 13:29:00,2011-12-07 15:29:00,1059,437.24
15052.0,215.78,1,82,2011-01-24 15:52:00,2011-01-24 15:52:00,0,215.78
15053.0,478.6,2,514,2011-03-03 12:06:00,2011-06-07 13:06:00,96,239.3
15054.0,302.1,2,198,2011-10-30 14:33:00,2011-11-27 15:02:00,28,151.05
15055.0,560.07,3,230,2009-12-16 15:48:00,2010-08-22 11:06:00,248,186.69000000000003
15056.0,133.45,1,81,2010-07-07 15:58:00,2010-07-07 15:58:00,0,133.45
15057.0,3255.96,5,1394,2009-05-12 15:27:00,2011-09-03 15:17:00,843,651.192
15058.0,3410.03,16,1660,2010-02-24 14:07:00,2011-11-14 14:57:00,628,213.126875
15059.0,3523.57,19,1617,2009-06-12 12:17:00,2011-10-30 11:35:00,869,185.45105263157896
15060.0,303.09000000000003,4,263,2011-01-12 13:47:00,2011-11-30 14:21:00,322,75.77250000000001
15061.0,133922.66,126,79301,2009-01-12 12:18:00,2011-12-05 10:23:00,1056,1062.878253968254
15062.0,2585.62,8,1872,2010-01-07 14:49:00,2011-09-29 16:51:00,630,323.2025
15063.0,370.79999999999995,1,56,2011-10-05 13:25:00,2011-10-05 13:25:00,0,370.79999999999995
15064.0,1254.41,4,810,2009-12-22 16:17:00,2010-10-25 14:32:00,306,313.6025
15065.0,3326.86,5,1446,2010-10-25 09:13:00,2011-06-28 11:44:00,246,665.3720000000001
15066.0,893.59,1,317,2011-10-17 13:25:00,2011-10-17 13:25:00,0,893.59
15067.0,3877.88,5,2163,2010-10-22 14:30:00,2011-09-22 13:20:00,334,775.576
15068.0,1176.85,4,835,2010-03-28 13:18:00,2011-10-24 14:47:00,575,294.2125
15069.0,1109.53,1,520,2011-06-13 14:16:00,2011-06-13 14:16:00,0,1109.53
15070.0,843.25,3,375,2009-12-15 13:49:00,2010-04-27 15:21:00,133,281.0833333333333
15071.0,1455.5600000000002,4,416,2010-05-18 12:45:00,2011-09-03 10:19:00,472,363.89000000000004
15072.0,187.52,1,164,2010-08-17 15:46:00,2010-08-17 15:46:00,0,187.52
15073.0,2788.02,8,1410,2010-01-27 08:48:00,2011-11-30 10:44:00,672,348.5025
15074.0,1566.33,3,1063,2010-06-10 15:49:00,2011-08-26 14:45:00,441,522.11
15075.0,773.03,1,447,2011-09-23 12:27:00,2011-09-23 12:27:00,0,773.03
15076.0,1447.74,3,866,2010-04-08 13:37:00,2011-06-20 08:23:00,437,482.58
15077.0,2428.08,2,528,2009-09-12 17:10:00,2010-02-08 11:13:00,148,1214.04
15078.0,17761.88,53,8990,2009-04-12 12:03:00,2011-11-28 09:40:00,959,335.12981132075475
15079.0,3767.35,11,1504,2009-08-12 11:22:00,2011-11-05 12:45:00,815,342.48636363636365
15080.0,546.25,2,287,2010-07-26 10:03:00,2010-08-10 11:52:00,15,273.125
15081.0,1965.72,12,806,2010-01-07 10:51:00,2011-11-17 17:08:00,679,163.81
15082.0,93.35000000000001,1,43,2010-09-02 10:23:00,2010-09-02 10:23:00,0,93.35000000000001
15083.0,88.2,1,38,2011-03-28 12:18:00,2011-03-28 12:18:00,0,88.2
15084.0,965.1999999999999,2,600,2010-04-03 10:45:00,2010-11-25 11:58:00,236,482.59999999999997
15085.0,347.54,1,169,2009-10-12 11:47:00,2009-10-12 11:47:00,0,347.54
15086.0,218.53,2,95,2010-03-24 13:56:00,2010-05-24 12:27:00,60,109.265
15087.0,306.94,1,470,2011-03-03 10:34:00,2011-03-03 10:34:00,0,306.94
15088.0,1160.07,2,460,2011-03-10 14:05:00,2011-11-18 13:14:00,252,580.035
15089.0,2420.84,6,1359,2011-03-08 14:14:00,2011-11-29 16:31:00,266,403.47333333333336
15090.0,381.32,1,208,2011-04-02 14:03:00,2011-04-02 14:03:00,0,381.32
15091.0,1046.6100000000001,3,582,2010-03-02 11:46:00,2011-03-10 12:47:00,373,348.87000000000006
15092.0,776.46,3,230,2010-03-09 12:33:00,2011-08-05 14:10:00,514,258.82
15093.0,14326.11,23,11657,2009-08-12 12:46:00,2011-11-21 13:09:00,831,622.8743478260869
15094.0,83.0,2,28,2010-02-09 16:55:00,2010-05-03 12:56:00,82,41.5
15095.0,3141.64,10,2233,2010-01-21 09:37:00,2011-08-28 12:01:00,584,314.164
15096.0,219.39000000000001,1,120,2011-10-28 10:27:00,2011-10-28 10:27:00,0,219.39000000000001
15097.0,660.27,2,254,2010-05-05 14:22:00,2010-05-05 14:33:00,0,330.135
15098.0,39916.5,3,121,2011-10-06 15:22:00,2011-10-06 15:33:00,0,13305.5
15099.0,410.48,1,343,2011-09-16 13:13:00,2011-09-16 13:13:00,0,410.48
15100.0,2894.7,7,334,2010-01-12 09:09:00,2011-10-01 10:35:00,627,413.5285714285714
15101.0,1477.94,6,676,2010-04-06 14:12:00,2011-01-12 10:18:00,280,246.32333333333335
15102.0,554.67,2,339,2010-06-27 12:16:00,2010-11-06 10:16:00,131,277.335
15103.0,703.36,2,329,2011-08-11 14:53:00,2011-09-14 13:54:00,33,351.68
15104.0,1027.44,2,637,2011-02-03 14:16:00,2011-05-27 12:29:00,112,513.72
15105.0,3094.91,9,1747,2010-03-23 12:18:00,2011-11-21 16:54:00,608,343.87888888888887
15106.0,1422.52,5,1181,2011-03-15 12:52:00,2011-12-05 08:41:00,264,284.504
15107.0,940.35,9,356,2010-02-12 13:45:00,2011-11-01 12:05:00,626,104.48333333333333
15108.0,1300.25,4,499,2011-04-26 10:54:00,2011-07-21 10:24:00,85,325.0625
15109.0,983.1,3,258,2009-04-12 12:33:00,2011-08-04 09:58:00,843,327.7
15110.0,1505.8500000000001,6,337,2010-01-11 10:31:00,2011-11-16 11:16:00,674,250.97500000000002
15111.0,2730.87,5,1164,2010-02-12 11:45:00,2011-10-11 16:58:00,606,546.174
15112.0,209.4,1,72,2010-07-04 14:17:00,2010-07-04 14:17:00,0,209.4
15113.0,3609.33,3,2386,2011-10-16 15:27:00,2011-11-30 08:23:00,44,1203.11
15114.0,3400.12,12,3532,2010-10-14 16:44:00,2011-11-02 08:45:00,383,283.3433333333333
15115.0,531.85,2,245,2009-07-12 11:20:00,2011-11-21 14:59:00,862,265.925
15116.0,1352.75,4,648,2011-05-19 08:50:00,2011-11-22 12:25:00,187,338.1875
15117.0,2485.97,8,3093,2010-03-15 13:39:00,2011-11-25 08:12:00,619,310.74625
15118.0,244.8,1,1440,2011-07-28 14:54:00,2011-07-28 14:54:00,0,244.8
15119.0,266.4,1,88,2011-08-04 09:08:00,2011-08-04 09:08:00,0,266.4
15120.0,358.82,1,296,2011-07-29 09:48:00,2011-07-29 09:48:00,0,358.82
15121.0,457.72,2,199,2011-02-24 12:41:00,2011-10-20 14:51:00,238,228.86
15122.0,4497.47,11,2045,2010-03-30 14:05:00,2011-08-17 16:48:00,505,408.8609090909091
15123.0,4656.17,5,2524,2010-03-16 09:49:00,2011-05-17 14:57:00,427,931.234
15124.0,450.82,4,462,2010-02-26 10:49:00,2011-11-17 10:09:00,628,112.705
15125.0,17024.87,24,8433,2010-03-31 13:29:00,2011-11-14 13:57:00,593,709.3695833333333
15126.0,449.49,2,273,2010-01-21 17:09:00,2010-06-21 12:31:00,150,224.745
15127.0,711.5,2,464,2010-08-07 10:07:00,2011-05-10 10:30:00,276,355.75
15128.0,1783.68,5,1583,2010-05-10 16:46:00,2011-10-10 13:54:00,517,356.736
15129.0,6860.18,23,4002,2010-04-21 09:03:00,2011-10-20 14:40:00,547,298.2686956521739
15130.0,330.11,1,197,2011-06-23 10:15:00,2011-06-23 10:15:00,0,330.11
15131.0,80.28,1,88,2010-10-11 12:07:00,2010-10-11 12:07:00,0,80.28
15132.0,977.9300000000001,5,679,2011-03-22 12:02:00,2011-11-21 17:10:00,244,195.586
15133.0,1806.9,5,960,2010-07-07 12:31:00,2011-11-02 10:38:00,482,361.38
15134.0,1596.29,10,1057,2010-10-13 12:44:00,2011-11-25 08:55:00,407,159.629
15135.0,305.68,2,84,2010-01-06 13:33:00,2011-04-14 19:16:00,463,152.84
15136.0,1029.8,2,612,2011-04-09 16:05:00,2011-11-17 16:35:00,222,514.9
15137.0,823.4,2,596,2010-01-28 15:45:00,2010-07-07 09:41:00,159,411.7
15138.0,502.52,1,300,2010-11-11 09:16:00,2010-11-11 09:16:00,0,502.52
15139.0,178.96,2,208,2011-04-14 11:39:00,2011-07-01 12:44:00,78,89.48
15140.0,3243.69,8,2010,2010-09-23 13:07:00,2011-10-18 14:07:00,390,405.46125
15141.0,1388.47,7,1197,2010-03-28 15:58:00,2010-11-06 11:45:00,222,198.35285714285715
15142.0,2619.92,6,2155,2010-01-10 15:06:00,2011-10-24 12:51:00,651,436.65333333333336
15143.0,563.63,2,320,2010-03-10 13:58:00,2011-04-28 12:03:00,413,281.815
15144.0,12160.31,29,5251,2009-12-13 11:35:00,2011-12-10 15:39:00,727,419.3210344827586
15145.0,1036.37,3,628,2011-04-26 16:40:00,2011-10-27 12:33:00,183,345.45666666666665
15146.0,1327.16,2,1473,2011-02-21 13:07:00,2011-06-28 12:09:00,126,663.58
15147.0,623.5,1,366,2011-04-13 15:57:00,2011-04-13 15:57:00,0,623.5
15148.0,301.29,1,187,2011-11-29 08:21:00,2011-11-29 08:21:00,0,301.29
15149.0,1554.6100000000001,5,380,2010-02-28 11:13:00,2011-07-29 10:58:00,515,310.922
15150.0,9001.08,13,6183,2010-06-14 12:01:00,2011-11-22 12:52:00,526,692.3907692307693
15151.0,2085.61,2,795,2010-07-18 12:19:00,2010-12-10 16:37:00,145,1042.805
15152.0,5263.83,14,2994,2010-07-01 15:15:00,2011-11-30 12:32:00,516,375.98785714285714
15153.0,329.25,1,198,2011-08-11 17:09:00,2011-08-11 17:09:00,0,329.25
15154.0,1388.41,3,349,2010-08-18 17:41:00,2011-09-25 16:05:00,402,462.80333333333334
15155.0,383.96999999999997,1,192,2010-11-21 12:59:00,2010-11-21 12:59:00,0,383.96999999999997
15156.0,317.8,1,268,2011-06-11 12:41:00,2011-06-11 12:41:00,0,317.8
15157.0,2223.41,4,2984,2009-10-12 14:44:00,2011-08-07 13:26:00,663,555.8525
15158.0,606.02,2,219,2010-03-11 13:46:00,2011-10-25 13:53:00,593,303.01
15159.0,20281.94,31,12429,2010-04-10 09:31:00,2011-11-21 14:24:00,590,654.2561290322581
15160.0,589.27,4,307,2010-04-11 12:24:00,2010-12-17 14:15:00,250,147.3175
15161.0,119.92,1,144,2010-11-16 16:08:00,2010-11-16 16:08:00,0,119.92
15162.0,312.9,1,74,2009-08-12 13:14:00,2009-08-12 13:14:00,0,312.9
15163.0,304.47,2,186,2011-05-31 15:22:00,2011-11-21 13:10:00,173,152.235
15164.0,2068.92,9,931,2010-01-18 13:34:00,2011-05-15 13:14:00,481,229.88
15165.0,975.5,1,320,2010-01-12 14:03:00,2010-01-12 14:03:00,0,975.5
15166.0,167.16,1,140,2010-08-29 12:31:00,2010-08-29 12:31:00,0,167.16
15167.0,1659.67,5,872,2010-04-02 14:13:00,2011-01-23 12:41:00,295,331.934
15168.0,106.56,1,52,2011-11-14 11:26:00,2011-11-14 11:26:00,0,106.56
15169.0,569.22,2,356,2009-12-13 11:16:00,2010-11-22 13:04:00,344,284.61
15170.0,81.15,1,33,2010-10-29 10:34:00,2010-10-29 10:34:00,0,81.15
15171.0,1289.5,1,290,2011-12-01 15:36:00,2011-12-01 15:36:00,0,1289.5
15172.0,1624.05,5,1611,2011-01-12 11:51:00,2011-09-30 13:15:00,261,324.81
15173.0,1494.6,7,840,2010-01-04 12:26:00,2010-11-24 10:21:00,323,213.5142857142857
15174.0,481.46,2,382,2010-10-25 09:40:00,2011-01-21 09:06:00,87,240.73
15175.0,224.14,1,454,2011-09-29 11:31:00,2011-09-29 11:31:00,0,224.14
15176.0,988.0400000000001,1,448,2010-10-02 10:36:00,2010-10-02 10:36:00,0,988.0400000000001
15177.0,948.9300000000001,1,485,2010-10-10 12:48:00,2010-10-10 12:48:00,0,948.9300000000001
15178.0,40.5,1,30,2011-03-24 15:12:00,2011-03-24 15:12:00,0,40.5
15179.0,7491.92,13,5416,2009-03-12 12:27:00,2011-11-21 12:53:00,984,576.3015384615385
15180.0,904.4300000000001,3,690,2010-04-29 15:27:00,2010-10-18 10:07:00,171,301.4766666666667
15181.0,1200.2,5,688,2009-08-12 19:02:00,2011-06-17 13:57:00,673,240.04000000000002
15182.0,2998.952,11,1186,2010-02-21 12:03:00,2011-08-07 13:37:00,532,272.632
15183.0,639.93,3,297,2010-04-05 11:31:00,2010-10-06 10:43:00,183,213.30999999999997
15184.0,689.95,4,486,2009-12-16 12:06:00,2011-10-11 13:41:00,664,172.4875
15185.0,310.62,1,666,2011-09-30 14:06:00,2011-09-30 14:06:00,0,310.62
15186.0,1403.2,5,716,2010-08-22 15:00:00,2011-11-25 14:58:00,459,280.64
15187.0,4447.26,15,1673,2011-01-12 08:57:00,2011-11-24 13:28:00,316,296.48400000000004
15188.0,310.43,1,233,2009-12-14 13:30:00,2009-12-14 13:30:00,0,310.43
15189.0,16771.56,44,6636,2010-07-09 10:54:00,2011-12-04 13:52:00,513,381.1718181818182
15190.0,834.4399999999999,1,790,2010-01-10 13:09:00,2010-01-10 13:09:00,0,834.4399999999999
15191.0,588.05,3,287,2010-01-20 12:35:00,2010-02-09 15:37:00,20,196.01666666666665
15192.0,1981.39,5,1644,2010-01-29 10:13:00,2011-12-08 11:41:00,678,396.278
15193.0,499.32,1,144,2011-10-10 08:23:00,2011-10-10 08:23:00,0,499.32
15194.0,11721.05,27,8411,2009-03-12 10:37:00,2011-09-22 18:10:00,924,434.1129629629629
15196.0,316.25,2,131,2009-12-13 11:14:00,2010-03-10 10:50:00,86,158.125
15197.0,1877.51,6,1058,2009-11-12 12:56:00,2011-11-29 10:00:00,746,312.91833333333335
15198.0,571.35,5,327,2010-01-04 14:15:00,2011-08-09 14:42:00,582,114.27000000000001
15199.0,3122.4,10,894,2010-01-09 13:57:00,2011-11-10 15:12:00,670,312.24
15200.0,549.0500000000001,1,195,2010-02-08 09:38:00,2010-02-08 09:38:00,0,549.0500000000001
15201.0,1842.95,7,1660,2010-07-04 14:50:00,2011-09-13 14:53:00,436,263.2785714285714
15202.0,6001.49,3,3,2010-10-15 12:39:00,2010-10-15 13:05:00,0,2000.4966666666667
15203.0,4400.18,15,4182,2009-08-12 18:06:00,2011-11-14 08:16:00,823,293.3453333333334
15204.0,316.58,1,258,2010-12-17 13:49:00,2010-12-17 13:49:00,0,316.58
15205.0,653.24,2,378,2011-04-08 16:07:00,2011-09-15 19:36:00,160,326.62
15206.0,420.3,4,162,2011-01-09 11:41:00,2011-11-29 13:41:00,324,105.075
15207.0,683.92,3,428,2010-10-06 17:29:00,2010-10-19 13:29:00,12,227.97333333333333
15208.0,762.92,5,308,2010-12-10 12:17:00,2011-08-11 14:39:00,244,152.584
15209.0,178.98000000000002,1,94,2009-09-12 17:26:00,2009-09-12 17:26:00,0,178.98000000000002
15210.0,1176.19,3,841,2010-05-13 14:42:00,2011-04-28 16:11:00,350,392.06333333333333
15211.0,1277.48,2,357,2010-09-12 16:08:00,2011-10-10 13:31:00,392,638.74
15212.0,208.28,2,84,2010-11-28 10:45:00,2011-12-04 13:45:00,371,104.14
15213.0,328.35,2,272,2011-01-14 11:05:00,2011-01-25 12:21:00,11,164.175
15214.0,1532.68,7,1102,2011-01-11 10:12:00,2011-11-29 14:51:00,322,218.95428571428573
15215.0,2422.4300000000003,7,776,2010-04-05 12:59:00,2011-10-24 11:41:00,566,346.0614285714286
15216.0,486.09000000000003,2,217,2010-03-31 09:52:00,2011-09-13 11:41:00,531,243.04500000000002
15217.0,426.24,1,190,2010-05-25 13:51:00,2010-05-25 13:51:00,0,426.24
15218.0,11516.57,22,6553,2010-01-26 11:33:00,2011-11-29 11:48:00,672,523.4804545454546
15219.0,685.45,2,271,2010-01-03 11:33:00,2011-06-16 16:57:00,529,342.725
15220.0,1778.96,6,1393,2011-04-03 10:24:00,2011-10-19 12:39:00,199,296.49333333333334
15221.0,2465.45,4,287,2010-04-25 15:50:00,2010-12-03 10:40:00,221,616.3625
15222.0,3550.91,11,4458,2009-12-16 13:49:00,2011-01-25 08:03:00,404,322.81
15223.0,1417.95,5,385,2009-05-12 11:19:00,2011-04-28 11:31:00,716,283.59000000000003
15224.0,871.36,5,443,2010-01-15 16:14:00,2010-12-16 15:02:00,334,174.272
15225.0,409.40000000000003,1,226,2011-04-19 14:51:00,2011-04-19 14:51:00,0,409.40000000000003
15226.0,154.41,1,71,2011-02-02 11:41:00,2011-02-02 11:41:00,0,154.41
15227.0,2488.4900000000002,9,1217,2010-02-09 15:04:00,2011-08-05 10:11:00,541,276.4988888888889
15228.0,5580.27,6,3375,2010-07-10 14:24:00,2011-06-23 14:12:00,347,930.0450000000001
15229.0,160.5,1,114,2010-02-05 13:50:00,2010-02-05 13:50:00,0,160.5
15230.0,429.6,2,351,2011-04-13 11:04:00,2011-04-14 14:39:00,1,214.8
15231.0,250.26000000000002,1,190,2010-03-28 15:12:00,2010-03-28 15:12:00,0,250.26000000000002
15232.0,612.06,2,686,2011-07-22 12:21:00,2011-08-18 16:27:00,27,306.03
15233.0,59.400000000000006,1,12,2010-03-11 13:36:00,2010-03-11 13:36:00,0,59.400000000000006
15234.0,197.0,1,196,2011-08-03 08:53:00,2011-08-03 08:53:00,0,197.0
15235.0,2937.81,16,1735,2010-01-12 17:22:00,2011-07-04 10:11:00,537,183.613125
15236.0,321.05,1,269,2011-02-14 10:52:00,2011-02-14 10:52:00,0,321.05
15237.0,1328.72,3,983,2011-04-26 15:04:00,2011-09-22 15:28:00,149,442.9066666666667
15238.0,1071.99,3,692,2011-05-09 15:26:00,2011-10-11 14:28:00,154,357.33
15239.0,780.59,2,594,2011-09-22 09:53:00,2011-11-29 14:14:00,68,390.295
15240.0,4459.9800000000005,12,3214,2009-05-12 14:57:00,2011-12-04 10:30:00,935,371.665
15241.0,3050.16,11,3328,2010-02-23 13:59:00,2011-09-27 14:00:00,581,277.2872727272727
15242.0,302.04,1,196,2010-10-13 15:33:00,2010-10-13 15:33:00,0,302.04
15243.0,927.28,2,543,2010-09-30 17:28:00,2011-09-26 14:12:00,360,463.64
15244.0,912.08,3,472,2010-11-02 14:48:00,2011-05-10 13:19:00,188,304.0266666666667
15245.0,4610.84,8,3021,2010-02-11 12:58:00,2011-07-28 18:56:00,532,576.355
15246.0,780.4,3,359,2010-02-06 11:28:00,2011-04-15 14:45:00,433,260.1333333333333
15247.0,976.06,3,514,2010-06-20 14:08:00,2011-09-08 12:52:00,444,325.3533333333333
15248.0,1893.93,3,1065,2010-06-23 14:34:00,2010-10-24 13:09:00,122,631.3100000000001
15249.0,9266.0,18,4980,2010-03-26 14:51:00,2011-12-08 11:08:00,621,514.7777777777778
15250.0,60.0,1,48,2010-09-03 07:35:00,2010-09-03 07:35:00,0,60.0
15251.0,20324.54,21,12108,2010-01-04 08:45:00,2011-12-07 15:56:00,702,967.8352380952381
15252.0,2103.41,5,1430,2010-07-04 10:24:00,2011-09-06 14:15:00,429,420.68199999999996
15253.0,2055.09,8,1588,2010-01-11 13:46:00,2011-12-09 12:32:00,696,256.88625
15254.0,1088.35,3,711,2010-05-28 10:08:00,2011-04-08 15:04:00,315,362.7833333333333
15255.0,3729.42,9,2226,2009-03-12 09:10:00,2011-04-10 12:43:00,759,414.38
15256.0,170.4,2,92,2010-05-27 11:41:00,2011-07-14 11:47:00,413,85.2
15257.0,685.9,2,71,2010-10-21 14:03:00,2011-01-03 12:58:00,73,342.95
15258.0,623.16,2,142,2011-06-05 14:16:00,2011-06-24 12:30:00,18,311.58
15259.0,1182.3799999999999,4,631,2010-01-26 09:41:00,2010-07-15 08:47:00,169,295.59499999999997
15260.0,9188.23,25,4722,2009-06-12 11:45:00,2011-08-31 13:55:00,810,367.5292
15261.0,1508.0,4,806,2010-01-10 11:59:00,2011-07-27 15:20:00,563,377.0
15262.0,418.82,3,218,2010-08-08 15:55:00,2011-01-20 12:16:00,164,139.60666666666665
15263.0,156.51,1,89,2011-08-25 10:26:00,2011-08-25 10:26:00,0,156.51
15264.0,848.4,2,443,2010-06-27 13:29:00,2011-06-10 13:49:00,348,424.2
15265.0,3345.64,4,1570,2009-01-12 17:08:00,2011-11-07 14:46:00,1028,836.41
15266.0,852.21,5,236,2010-01-22 15:04:00,2011-05-01 13:40:00,463,170.442
15267.0,1717.36,5,944,2011-07-07 11:36:00,2011-12-10 11:09:00,155,343.472
15268.0,961.9000000000001,3,428,2010-04-13 11:27:00,2010-08-18 10:33:00,126,320.6333333333334
15269.0,1225.3600000000001,3,372,2010-11-14 12:58:00,2011-11-16 09:32:00,366,408.4533333333334
15270.0,8524.86,21,4010,2009-12-17 15:02:00,2011-11-24 09:24:00,706,405.9457142857143
15271.0,4709.54,24,2524,2010-05-08 14:57:00,2011-12-06 15:31:00,577,196.23083333333332
15272.0,2085.48,6,687,2010-02-14 13:39:00,2011-10-13 12:59:00,605,347.58
15273.0,228.96,1,216,2010-04-19 11:31:00,2010-04-19 11:31:00,0,228.96
15274.0,383.99,1,377,2011-11-21 14:17:00,2011-11-21 14:17:00,0,383.99
15275.0,615.14,1,498,2011-02-11 11:20:00,2011-02-11 11:20:00,0,615.14
15276.0,649.53,4,331,2010-01-10 12:24:00,2011-04-10 16:39:00,455,162.3825
15277.0,476.34000000000003,2,373,2010-10-10 16:02:00,2011-10-24 10:08:00,378,238.17000000000002
15278.0,496.16,4,458,2010-05-27 10:02:00,2010-12-02 14:54:00,189,124.04
15279.0,1580.54,5,802,2010-02-02 10:15:00,2010-12-20 10:48:00,321,316.108
15280.0,406.21999999999997,3,513,2010-05-17 14:17:00,2011-06-20 17:14:00,399,135.40666666666667
15281.0,8543.57,16,5233,2010-03-11 12:11:00,2011-12-10 09:10:00,638,533.973125
15282.0,348.59,1,395,2010-05-18 16:27:00,2010-05-18 16:27:00,0,348.59
15283.0,148.32999999999998,3,27,2010-09-07 15:46:00,2010-11-14 14:54:00,67,49.44333333333333
15284.0,24.75,1,5,2010-07-27 13:25:00,2010-07-27 13:25:00,0,24.75
15285.0,94.92,1,120,2010-10-28 09:46:00,2010-10-28 09:46:00,0,94.92
15286.0,240.55,1,55,2011-10-21 11:08:00,2011-10-21 11:08:00,0,240.55
15287.0,856.03,5,1010,2009-02-12 12:13:00,2011-11-17 15:34:00,1008,171.206
15288.0,3883.13,10,1404,2010-03-11 16:26:00,2011-10-27 16:58:00,595,388.313
15289.0,1593.09,5,1627,2010-03-28 11:45:00,2011-10-11 13:49:00,562,318.618
15290.0,10233.26,24,6379,2010-01-09 15:32:00,2011-10-28 12:40:00,656,426.3858333333333
15291.0,13846.56,40,5017,2009-03-12 11:09:00,2011-12-06 11:41:00,999,346.164
15292.0,180.94,1,56,2011-05-22 15:00:00,2011-05-22 15:00:00,0,180.94
15293.0,247.5,1,178,2010-12-02 11:54:00,2010-12-02 11:54:00,0,247.5
15294.0,233.35,1,97,2010-10-25 11:45:00,2010-10-25 11:45:00,0,233.35
15295.0,217.23999999999998,1,151,2010-02-23 13:03:00,2010-02-23 13:03:00,0,217.23999999999998
15296.0,10342.83,12,5464,2010-01-21 13:48:00,2011-11-05 13:18:00,652,861.9025
15297.0,641.94,3,292,2011-07-10 09:42:00,2011-11-29 16:32:00,142,213.98000000000002
15298.0,9147.15,22,5852,2009-08-12 17:04:00,2011-11-29 10:23:00,838,415.7795454545454
15299.0,7991.54,10,5453,2010-01-10 14:55:00,2011-06-28 17:01:00,534,799.154
15300.0,496.44,1,292,2011-06-10 17:08:00,2011-06-10 17:08:00,0,496.44
15301.0,7603.4400000000005,17,4290,2010-06-12 12:21:00,2011-10-20 09:57:00,494,447.2611764705883
15302.0,308.0,1,102,2009-09-12 13:11:00,2009-09-12 13:11:00,0,308.0
15303.0,1224.18,3,514,2010-01-25 09:42:00,2011-02-22 13:59:00,393,408.06
15304.0,919.55,9,133,2010-06-12 11:42:00,2011-10-10 10:23:00,484,102.17222222222222
15305.0,93.6,1,40,2010-02-06 13:50:00,2010-02-06 13:50:00,0,93.6
15306.0,3484.73,9,3074,2010-02-18 17:12:00,2011-08-09 12:47:00,536,387.1922222222222
15307.0,205.3,1,37,2011-05-09 11:38:00,2011-05-09 11:38:00,0,205.3
15308.0,310.47,1,175,2011-10-03 13:08:00,2011-10-03 13:08:00,0,310.47
15309.0,797.96,4,440,2009-04-12 13:01:00,2010-10-03 10:48:00,538,199.49
15310.0,1634.64,1,1476,2010-08-18 11:38:00,2010-08-18 11:38:00,0,1634.64
15311.0,115847.2,206,70560,2009-01-12 11:21:00,2011-12-10 12:24:00,1062,562.3650485436893
15312.0,2930.19,12,1693,2009-12-16 09:23:00,2011-09-25 13:10:00,648,244.1825
15313.0,52.0,1,25,2011-08-21 16:02:00,2011-08-21 16:02:00,0,52.0
15314.0,820.45,3,750,2010-07-10 15:41:00,2011-05-24 14:39:00,317,273.48333333333335
15315.0,570.5,2,862,2011-06-10 12:51:00,2011-08-15 15:17:00,66,285.25
15316.0,165.0,1,100,2011-01-17 11:34:00,2011-01-17 11:34:00,0,165.0
15317.0,129.75,1,45,2010-01-31 15:55:00,2010-01-31 15:55:00,0,129.75
15319.0,204.5,1,175,2011-01-03 12:48:00,2011-01-03 12:48:00,0,204.5
15320.0,267.13,1,326,2011-10-26 13:27:00,2011-10-26 13:27:00,0,267.13
15321.0,6709.7300000000005,12,3653,2010-02-25 09:16:00,2011-09-30 09:40:00,582,559.1441666666667
15322.0,1390.86,2,971,2010-08-20 13:10:00,2011-09-15 09:34:00,390,695.43
15323.0,434.6,3,188,2010-02-16 09:21:00,2010-07-04 15:14:00,138,144.86666666666667
15324.0,140.22000000000003,1,74,2010-07-01 14:37:00,2010-07-01 14:37:00,0,140.22000000000003
15325.0,1602.01,8,1383,2010-02-08 10:26:00,2011-08-28 11:55:00,566,200.25125
15326.0,1700.52,5,1351,2009-01-12 13:19:00,2011-10-01 11:38:00,991,340.104
15327.0,208.75,1,116,2011-10-18 11:55:00,2011-10-18 11:55:00,0,208.75
15328.0,107.24,1,88,2010-10-28 09:05:00,2010-10-28 09:05:00,0,107.24
15329.0,2984.33,11,1219,2009-12-14 12:18:00,2011-10-31 15:36:00,686,271.3027272727273
15330.0,714.9599999999999,2,1312,2011-07-11 17:50:00,2011-10-10 12:30:00,90,357.47999999999996
15331.0,767.91,3,701,2010-07-28 09:42:00,2010-09-04 14:26:00,38,255.97
15332.0,6553.74,6,2958,2010-04-11 12:17:00,2010-08-12 14:43:00,123,1092.29
15333.0,1028.56,1,344,2011-05-15 13:27:00,2011-05-15 13:27:00,0,1028.56
15334.0,351.67,3,274,2011-06-07 11:22:00,2011-06-29 14:20:00,22,117.22333333333334
15335.0,173.97,1,80,2011-10-17 12:50:00,2011-10-17 12:50:00,0,173.97
15336.0,240.5,1,84,2010-03-11 12:39:00,2010-03-11 12:39:00,0,240.5
15337.0,373.02,1,200,2010-10-24 15:29:00,2010-10-24 15:29:00,0,373.02
15338.0,283.43,1,150,2010-01-31 14:25:00,2010-01-31 14:25:00,0,283.43
15339.0,1827.84,7,1143,2010-03-26 17:24:00,2011-04-10 12:51:00,379,261.12
15340.0,105.5,1,76,2010-05-27 10:27:00,2010-05-27 10:27:00,0,105.5
15341.0,2402.72,2,1008,2010-09-16 16:41:00,2011-09-20 09:40:00,368,1201.36
15342.0,406.09000000000003,1,283,2011-02-08 10:19:00,2011-02-08 10:19:00,0,406.09000000000003
15343.0,364.5,1,84,2011-09-13 13:55:00,2011-09-13 13:55:00,0,364.5
15344.0,460.64,2,106,2011-07-11 17:08:00,2011-09-26 14:48:00,76,230.32
15345.0,393.54,1,81,2011-10-25 11:28:00,2011-10-25 11:28:00,0,393.54
15346.0,596.12,3,260,2010-04-10 15:11:00,2011-11-01 11:18:00,569,198.70666666666668
15347.0,1363.6,4,672,2010-04-11 15:03:00,2010-11-26 10:25:00,228,340.9
15348.0,158.04,1,84,2011-09-28 13:17:00,2011-09-28 13:17:00,0,158.04
15349.0,473.81,2,327,2011-04-07 16:06:00,2011-05-06 15:46:00,28,236.905
15350.0,663.25,2,323,2010-01-12 13:33:00,2010-11-21 15:14:00,313,331.625
15351.0,3738.29,10,1491,2010-03-10 12:18:00,2011-11-27 12:52:00,627,373.829
15352.0,114.95,1,43,2010-09-06 11:28:00,2010-09-06 11:28:00,0,114.95
15353.0,3175.95,7,1551,2009-02-12 11:33:00,2011-03-30 12:15:00,776,453.70714285714286
15354.0,284.4,3,3,2010-04-15 16:17:00,2010-04-15 16:24:00,0,94.8
15355.0,277.05,2,45,2011-10-11 13:44:00,2011-10-17 15:22:00,6,138.525
15356.0,3464.95,13,2015,2010-06-12 14:05:00,2011-09-29 13:11:00,473,266.5346153846154
15358.0,16220.35,40,14728,2009-07-12 12:19:00,2011-12-09 09:57:00,879,405.50875
15359.0,181.35,8,145,2010-01-15 11:30:00,2010-09-02 12:30:00,230,22.66875
15360.0,427.93,1,223,2011-10-31 09:35:00,2011-10-31 09:35:00,0,427.93
15361.0,689.07,4,373,2010-01-07 14:15:00,2010-12-13 09:52:00,339,172.2675
15362.0,613.08,2,368,2009-01-12 09:08:00,2010-09-17 10:37:00,613,306.54
15363.0,1004.11,2,527,2010-02-12 12:28:00,2010-04-08 08:41:00,54,502.055
15364.0,913.19,2,493,2011-03-30 13:39:00,2011-05-09 09:46:00,39,456.595
15365.0,4557.13,13,2131,2010-01-11 10:42:00,2011-11-14 08:29:00,671,350.54846153846154
15366.0,2389.08,7,2447,2010-02-26 10:10:00,2011-09-25 15:01:00,576,341.29714285714283
15367.0,5081.33,11,2944,2009-10-12 14:20:00,2011-10-13 14:13:00,730,461.9390909090909
15368.0,722.74,2,406,2010-10-11 15:52:00,2011-11-18 14:42:00,402,361.37
15369.0,6251.26,11,3288,2009-08-12 07:43:00,2010-12-07 15:20:00,482,568.2963636363637
15370.0,3739.01,8,1397,2010-10-25 12:08:00,2011-11-10 10:22:00,380,467.37625
15371.0,59.400000000000006,1,12,2010-02-15 13:14:00,2010-02-15 13:14:00,0,59.400000000000006
15372.0,6017.0599999999995,8,6410,2010-02-14 11:24:00,2011-07-25 16:39:00,526,752.1324999999999
15373.0,3421.39,17,769,2010-02-05 11:57:00,2011-11-21 09:55:00,653,201.25823529411764
15374.0,307.32,2,290,2010-03-25 12:03:00,2011-03-08 09:59:00,347,153.66
15375.0,60.959999999999994,1,84,2010-01-18 15:38:00,2010-01-18 15:38:00,0,60.959999999999994
15376.0,1233.3600000000001,3,619,2011-01-05 13:45:00,2011-10-30 15:04:00,298,411.12000000000006
15377.0,1211.75,4,253,2010-02-11 18:25:00,2010-11-22 08:55:00,283,302.9375
15378.0,246.5,2,130,2010-03-09 11:30:00,2010-07-26 08:47:00,138,123.25
15379.0,4877.84,8,3000,2010-04-11 11:59:00,2011-09-03 13:50:00,510,609.73
15380.0,3479.06,11,1032,2009-01-12 13:50:00,2011-10-24 10:30:00,1014,316.2781818181818
15381.0,1890.57,5,802,2010-05-05 14:35:00,2011-10-05 11:55:00,517,378.114
15382.0,13733.550000000001,12,9178,2009-04-12 14:13:00,2011-11-25 10:58:00,956,1144.4625
15384.0,2027.79,4,1767,2010-04-26 12:38:00,2011-06-23 10:57:00,422,506.9475
15385.0,942.08,3,428,2010-01-31 13:02:00,2011-10-30 15:11:00,637,314.0266666666667
15386.0,394.14,1,446,2011-06-06 13:47:00,2011-06-06 13:47:00,0,394.14
15387.0,468.65,1,335,2010-04-08 16:05:00,2010-04-08 16:05:00,0,468.65
15388.0,140.54,1,88,2011-03-14 13:53:00,2011-03-14 13:53:00,0,140.54
15389.0,2733.8,5,3940,2010-01-27 12:44:00,2011-06-20 16:18:00,509,546.76
15390.0,1216.66,2,894,2010-08-11 15:19:00,2010-10-26 17:23:00,76,608.33
15391.0,289.87,1,109,2010-04-05 15:04:00,2010-04-05 15:04:00,0,289.87
15392.0,2607.21,6,1937,2010-04-10 12:50:00,2011-12-09 10:01:00,607,434.535
15393.0,891.34,5,378,2009-12-15 17:56:00,2011-11-23 16:48:00,707,178.268
15394.0,5286.8,11,2372,2009-12-15 19:05:00,2011-11-30 11:49:00,714,480.6181818181818
15395.0,107.45,1,17,2011-01-18 12:40:00,2011-01-18 12:40:00,0,107.45
15396.0,796.38,2,278,2010-05-05 09:04:00,2011-08-19 10:56:00,471,398.19
15397.0,94.0,1,20,2011-02-23 09:25:00,2011-02-23 09:25:00,0,94.0
15398.0,1345.53,2,769,2011-09-22 14:56:00,2011-11-23 16:47:00,62,672.765
15399.0,549.13,2,423,2011-09-21 15:57:00,2011-11-17 15:04:00,56,274.565
15400.0,1302.3,8,662,2010-05-08 14:11:00,2011-08-18 09:48:00,466,162.7875
15401.0,216.95,2,93,2010-05-20 10:56:00,2010-09-13 13:42:00,116,108.475
15402.0,1830.54,6,2034,2010-04-27 12:12:00,2011-07-14 12:17:00,443,305.09
15403.0,170.88,2,492,2009-09-12 12:45:00,2010-05-08 12:21:00,237,85.44
15404.0,257.06,1,334,2010-11-29 11:03:00,2010-11-29 11:03:00,0,257.06
15405.0,659.84,2,348,2010-12-05 15:56:00,2011-03-06 14:44:00,90,329.92
15406.0,975.87,4,547,2010-12-09 13:06:00,2011-11-02 16:20:00,328,243.9675
15407.0,1056.44,4,558,2011-01-05 14:58:00,2011-09-06 11:32:00,243,264.11
15408.0,267.18,1,106,2011-03-20 15:02:00,2011-03-20 15:02:00,0,267.18
15409.0,131.25,1,59,2009-12-18 15:35:00,2009-12-18 15:35:00,0,131.25
15410.0,4685.72,10,1902,2010-04-19 08:57:00,2011-09-16 14:47:00,515,468.572
15411.0,1358.88,4,530,2011-07-08 12:54:00,2011-11-13 15:19:00,128,339.72
15412.0,190.53,1,108,2011-06-21 15:24:00,2011-06-21 15:24:00,0,190.53
15413.0,6798.72,5,2694,2009-01-12 10:18:00,2010-10-01 12:37:00,627,1359.7440000000001
15414.0,774.9000000000001,3,443,2011-02-11 14:58:00,2011-11-30 09:50:00,291,258.3
15415.0,572.8100000000001,1,575,2011-01-30 14:13:00,2011-01-30 14:13:00,0,572.8100000000001
15416.0,4572.82,7,2420,2010-01-02 11:55:00,2011-07-07 18:29:00,551,653.26
15417.0,508.8,1,284,2011-09-15 15:26:00,2011-09-15 15:26:00,0,508.8
15418.0,452.32,2,266,2010-02-05 11:31:00,2010-10-10 13:38:00,247,226.16
15419.0,135.86,1,230,2011-11-15 09:23:00,2011-11-15 09:23:00,0,135.86
15420.0,743.0,6,844,2009-05-12 13:29:00,2010-05-30 15:45:00,383,123.83333333333333
15421.0,3805.34,10,1927,2009-07-12 15:10:00,2011-12-10 09:20:00,880,380.534
15422.0,1619.97,7,710,2010-05-18 12:49:00,2011-01-20 16:17:00,247,231.42428571428573
15423.0,266.89,3,198,2010-03-28 13:42:00,2011-01-11 14:01:00,289,88.96333333333332
15424.0,597.78,3,873,2010-02-09 17:17:00,2011-03-30 13:02:00,413,199.26
15425.0,1944.57,4,1042,2010-02-14 12:36:00,2010-06-29 13:52:00,135,486.1425
15426.0,2615.39,9,1220,2010-02-05 15:10:00,2011-11-20 15:36:00,653,290.5988888888889
15427.0,1483.14,3,1013,2011-06-11 14:17:00,2011-10-23 14:47:00,134,494.38000000000005
15428.0,762.75,4,347,2009-12-17 17:46:00,2011-11-24 16:54:00,706,190.6875
15429.0,397.35,2,380,2011-09-25 13:42:00,2011-11-13 12:28:00,48,198.675
15430.0,954.75,2,309,2010-06-29 15:04:00,2010-08-29 10:42:00,60,477.375
15431.0,153.24,1,84,2010-07-25 12:44:00,2010-07-25 12:44:00,0,153.24
15432.0,320.76,2,92,2010-06-16 14:34:00,2011-11-16 16:30:00,518,160.38
15433.0,533.3,2,534,2011-03-17 14:12:00,2011-10-05 10:45:00,201,266.65
15434.0,2567.06,11,1423,2010-01-24 15:35:00,2011-08-24 16:24:00,577,233.36909090909091
15435.0,149.29,1,54,2011-11-17 16:39:00,2011-11-17 16:39:00,0,149.29
15436.0,1122.53,3,613,2011-04-19 16:52:00,2011-11-27 16:05:00,221,374.1766666666667
15437.0,393.45,2,177,2010-09-03 10:45:00,2011-03-22 13:11:00,200,196.725
15438.0,156.57999999999998,1,59,2011-07-31 14:19:00,2011-07-31 14:19:00,0,156.57999999999998
15439.0,1269.05,4,572,2010-02-24 12:05:00,2010-11-10 13:35:00,259,317.2625
15440.0,383.68,3,197,2011-05-15 11:30:00,2011-10-16 12:16:00,154,127.89333333333333
15441.0,1254.21,3,587,2009-09-12 14:55:00,2010-11-10 11:04:00,423,418.07
15442.0,594.0,1,120,2011-05-04 12:24:00,2011-05-04 12:24:00,0,594.0
15443.0,4796.42,13,2554,2010-03-25 11:28:00,2011-11-27 12:29:00,612,368.9553846153846
15444.0,1418.26,2,764,2011-10-30 16:12:00,2011-11-30 17:37:00,31,709.13
15445.0,284.5,2,118,2010-04-28 15:00:00,2011-03-20 15:06:00,326,142.25
15446.0,406.95,3,267,2009-12-13 13:53:00,2010-11-28 11:59:00,349,135.65
15447.0,492.88,5,228,2010-03-24 14:40:00,2011-01-13 11:26:00,294,98.576
15448.0,788.8100000000001,2,487,2010-03-02 13:29:00,2011-01-31 10:42:00,334,394.40500000000003
15449.0,974.52,3,812,2011-03-23 10:43:00,2011-11-13 15:02:00,235,324.84
15450.0,429.84,1,376,2011-09-11 17:11:00,2011-09-11 17:11:00,0,429.84
15451.0,233.21,2,79,2010-01-10 13:40:00,2010-04-19 14:08:00,99,116.605
15452.0,1799.1100000000001,6,1091,2010-07-16 14:23:00,2011-10-11 12:13:00,451,299.8516666666667
15453.0,1253.09,6,778,2011-04-11 12:21:00,2011-10-14 14:04:00,186,208.84833333333333
15454.0,307.69,2,148,2010-03-31 13:15:00,2010-12-12 14:21:00,256,153.845
15455.0,38.25,1,3,2010-04-21 12:43:00,2010-04-21 12:43:00,0,38.25
15456.0,2119.27,10,2826,2009-08-12 12:54:00,2011-01-03 13:51:00,509,211.927
15457.0,237.07,1,132,2011-03-22 15:31:00,2011-03-22 15:31:00,0,237.07
15458.0,370.44,2,300,2010-02-11 19:50:00,2011-11-14 13:08:00,640,185.22
15459.0,202.83,2,121,2010-07-30 14:31:00,2010-10-18 15:25:00,80,101.415
15460.0,216.76,1,109,2010-12-20 16:08:00,2010-12-20 16:08:00,0,216.76
15461.0,429.7,2,230,2010-03-18 12:40:00,2010-05-09 12:31:00,51,214.85
15462.0,737.05,4,495,2010-09-20 10:23:00,2011-07-19 11:56:00,302,184.2625
15463.0,126.14,1,106,2011-10-11 12:57:00,2011-10-11 12:57:00,0,126.14
15464.0,1048.85,1,350,2011-05-01 15:56:00,2011-05-01 15:56:00,0,1048.85
15465.0,12655.65,32,2769,2009-10-12 09:42:00,2011-12-06 11:07:00,785,395.4890625
15466.0,1571.01,4,944,2009-03-12 12:28:00,2011-09-15 14:08:00,917,392.7525
15467.0,524.88,3,310,2011-07-17 15:24:00,2011-11-30 14:17:00,135,174.96
15468.0,1430.48,3,1400,2010-12-11 09:39:00,2011-10-19 13:49:00,312,476.82666666666665
15469.0,874.25,3,287,2010-09-27 10:09:00,2011-11-08 16:54:00,407,291.4166666666667
15470.0,63.419999999999995,1,232,2010-05-13 09:35:00,2010-05-13 09:35:00,0,63.419999999999995
15471.0,847.08,2,417,2010-07-06 12:17:00,2010-11-24 14:39:00,141,423.54
15472.0,371.56,1,251,2011-08-18 15:17:00,2011-08-18 15:17:00,0,371.56
15473.0,2046.0,8,776,2010-09-21 09:14:00,2011-12-10 14:43:00,445,255.75
15474.0,163.1,1,56,2010-04-23 11:14:00,2010-04-23 11:14:00,0,163.1
15475.0,454.11,1,319,2011-09-23 15:20:00,2011-09-23 15:20:00,0,454.11
15476.0,2209.98,4,1174,2010-09-23 14:00:00,2010-12-11 11:34:00,78,552.495
15477.0,368.4,1,216,2010-02-28 10:37:00,2010-02-28 10:37:00,0,368.4
15478.0,2024.98,3,904,2010-05-13 18:49:00,2011-10-30 14:19:00,534,674.9933333333333
15479.0,147.4,1,38,2009-06-12 15:08:00,2009-06-12 15:08:00,0,147.4
15480.0,6279.0,5,1852,2010-01-02 14:52:00,2011-08-15 14:32:00,589,1255.8
15481.0,1993.34,1,1450,2010-03-11 14:52:00,2010-03-11 14:52:00,0,1993.34
15482.0,14592.56,19,6532,2009-02-12 16:59:00,2011-11-24 10:46:00,1014,768.0294736842105
15483.0,862.2,10,944,2010-01-24 15:42:00,2011-03-18 12:26:00,417,86.22
15484.0,3981.75,5,3336,2009-05-12 15:18:00,2011-11-21 17:00:00,923,796.35
15485.0,5771.51,7,2594,2009-01-12 17:31:00,2011-09-11 14:31:00,971,824.5014285714286
15486.0,102.0,1,40,2010-06-30 13:15:00,2010-06-30 13:15:00,0,102.0
15487.0,231.32,1,144,2010-01-29 12:07:00,2010-01-29 12:07:00,0,231.32
15488.0,431.92,5,251,2010-05-05 13:03:00,2011-08-09 10:11:00,460,86.384
15489.0,2419.61,8,1264,2010-01-15 16:58:00,2011-12-05 12:54:00,688,302.45125
15490.0,217.6,1,85,2010-05-10 13:11:00,2010-05-10 13:11:00,0,217.6
15491.0,3100.09,6,1646,2011-04-18 10:04:00,2011-08-31 10:30:00,135,516.6816666666667
15492.0,659.46,2,483,2011-09-26 14:02:00,2011-11-11 14:53:00,46,329.73
15493.0,4314.9800000000005,9,1260,2010-02-23 11:14:00,2011-07-13 11:19:00,505,479.44222222222226
15494.0,3780.05,5,3097,2009-10-12 20:16:00,2011-11-18 14:51:00,766,756.01
15495.0,246.5,1,194,2010-11-25 13:46:00,2010-11-25 13:46:00,0,246.5
15496.0,146.14,1,98,2010-03-18 13:16:00,2010-03-18 13:16:00,0,146.14
15497.0,8657.39,9,2937,2009-12-18 15:08:00,2011-11-22 11:51:00,703,961.9322222222222
15498.0,25174.64,43,12172,2009-12-16 17:27:00,2011-12-05 12:49:00,718,585.4567441860465
15499.0,161.6,1,60,2009-12-16 12:17:00,2009-12-16 12:17:00,0,161.6
15500.0,1131.56,4,572,2011-01-12 13:47:00,2011-11-21 08:40:00,312,282.89
15501.0,402.5,2,206,2010-10-20 12:47:00,2010-10-31 11:15:00,10,201.25
15502.0,13993.47,14,5861,2010-03-06 11:12:00,2011-11-24 12:48:00,628,999.5335714285713
15503.0,267.15,2,136,2009-12-13 11:34:00,2010-12-12 10:57:00,363,133.575
15504.0,423.85,4,148,2010-07-07 12:02:00,2011-09-19 13:45:00,439,105.9625
15505.0,3610.96,5,2390,2011-05-08 15:07:00,2011-10-18 07:56:00,162,722.192
15506.0,2040.03,6,1647,2010-08-19 12:38:00,2011-11-17 12:11:00,454,340.005
15507.0,492.36,1,162,2011-06-21 11:19:00,2011-06-21 11:19:00,0,492.36
15508.0,1000.27,6,440,2011-03-06 15:32:00,2011-04-28 13:31:00,52,166.71166666666667
15509.0,166.51,1,72,2010-11-24 14:48:00,2010-11-24 14:48:00,0,166.51
15510.0,250.0,1,2,2011-01-13 12:10:00,2011-01-13 12:10:00,0,250.0
15511.0,909.23,5,271,2011-01-11 15:55:00,2011-11-28 09:43:00,320,181.846
15512.0,331.58,4,235,2010-01-02 13:23:00,2011-07-07 10:20:00,550,82.895
15513.0,27750.55,35,10831,2010-01-12 11:22:00,2011-12-05 08:42:00,691,792.8728571428571
15514.0,6598.55,18,4246,2009-04-12 16:37:00,2011-11-27 14:40:00,958,366.5861111111111
15515.0,171.81,1,131,2010-11-17 13:39:00,2010-11-17 13:39:00,0,171.81
15516.0,62.43,3,27,2011-10-24 11:33:00,2011-10-26 10:51:00,1,20.81
15517.0,267.03,1,293,2011-04-20 14:02:00,2011-04-20 14:02:00,0,267.03
15518.0,4218.94,15,2823,2009-12-20 12:21:00,2011-11-01 13:06:00,681,281.26266666666663
15519.0,344.61,2,116,2010-09-19 13:57:00,2010-11-21 14:35:00,63,172.305
15521.0,7106.69,16,4516,2010-04-11 18:34:00,2011-11-05 12:59:00,572,444.168125
15522.0,398.84,2,573,2011-07-11 11:26:00,2011-09-13 12:26:00,64,199.42
15523.0,17359.99,16,15873,2009-02-12 15:16:00,2011-09-16 16:29:00,946,1084.999375
15524.0,591.4,2,28,2010-12-04 09:19:00,2011-11-15 12:09:00,346,295.7
15525.0,981.01,3,552,2010-01-12 13:17:00,2011-11-22 12:07:00,678,327.00333333333333
15526.0,148.44,2,24,2011-06-11 15:01:00,2011-06-11 15:04:00,0,74.22
15527.0,5575.64,23,2222,2009-12-15 17:31:00,2011-11-21 12:17:00,705,242.41913043478263
15528.0,229.33,1,123,2011-03-30 16:14:00,2011-03-30 16:14:00,0,229.33
15529.0,5111.95,12,4488,2010-08-12 12:24:00,2011-11-17 11:29:00,461,425.99583333333334
15530.0,1813.72,5,1340,2010-07-15 11:10:00,2011-11-18 12:25:00,491,362.744
15531.0,2007.44,2,1105,2011-01-12 18:43:00,2011-09-11 17:47:00,241,1003.72
15532.0,3771.9,10,1349,2010-06-29 16:13:00,2011-11-14 14:51:00,502,377.19
15533.0,807.57,3,289,2011-09-18 13:40:00,2011-11-20 15:35:00,63,269.19
15534.0,162.25,1,63,2009-12-14 12:48:00,2009-12-14 12:48:00,0,162.25
15535.0,1087.82,6,323,2010-09-16 20:04:00,2011-06-19 16:02:00,275,181.3033333333333
15536.0,259.09,1,242,2010-10-26 16:31:00,2010-10-26 16:31:00,0,259.09
15537.0,110.92,1,29,2011-06-29 13:10:00,2011-06-29 13:10:00,0,110.92
15538.0,3358.4,6,1016,2010-02-14 12:38:00,2010-08-03 12:18:00,169,559.7333333333333
15539.0,538.46,1,410,2011-02-12 13:36:00,2011-02-12 13:36:00,0,538.46
15540.0,460.68,2,444,2010-11-29 11:10:00,2011-11-28 13:51:00,364,230.34
15541.0,85.13000000000001,1,49,2011-08-17 14:58:00,2011-08-17 14:58:00,0,85.13000000000001
15542.0,918.45,3,469,2009-02-12 11:53:00,2010-07-15 13:32:00,518,306.15000000000003
15543.0,242.84,2,169,2010-06-09 11:28:00,2011-02-24 15:26:00,260,121.42
15544.0,8162.43,20,7019,2010-01-28 14:39:00,2011-12-08 09:10:00,678,408.1215
15545.0,428.05,2,238,2010-03-12 17:28:00,2011-10-16 13:24:00,582,214.025
15546.0,1079.1000000000001,2,198,2010-12-04 11:45:00,2010-12-04 11:51:00,0,539.5500000000001
15547.0,10154.39,26,7362,2009-06-12 13:40:00,2011-11-09 15:44:00,880,390.55346153846153
15548.0,158.09,1,64,2010-04-23 12:20:00,2010-04-23 12:20:00,0,158.09
15549.0,2345.96,8,940,2010-01-27 16:14:00,2011-09-23 16:22:00,604,293.245
15550.0,2076.45,11,1101,2009-03-12 15:15:00,2011-11-02 12:49:00,964,188.7681818181818
15551.0,1710.08,7,814,2010-07-06 15:05:00,2011-03-11 12:37:00,247,244.29714285714286
15552.0,252.52,2,166,2010-03-26 16:17:00,2011-06-05 14:47:00,435,126.26
15553.0,437.23,1,451,2011-10-10 14:02:00,2011-10-10 14:02:00,0,437.23
15554.0,217.2,1,74,2011-07-03 09:00:00,2011-07-03 09:00:00,0,217.2
15555.0,12112.35,36,9037,2009-06-12 11:58:00,2011-12-10 15:06:00,911,336.45416666666665
15556.0,279.77,1,236,2011-11-15 16:08:00,2011-11-15 16:08:00,0,279.77
15557.0,473.65000000000003,1,219,2011-11-11 12:46:00,2011-11-11 12:46:00,0,473.65000000000003
15558.0,214.13,1,86,2010-10-03 15:25:00,2010-10-03 15:25:00,0,214.13
15559.0,1109.4,1,526,2010-05-20 14:06:00,2010-05-20 14:06:00,0,1109.4
15560.0,153.52,2,72,2010-07-11 10:14:00,2010-07-11 10:15:00,0,76.76
15561.0,1934.3899999999999,8,1334,2010-02-14 12:22:00,2011-11-28 11:07:00,651,241.79874999999998
15562.0,673.3800000000001,3,561,2009-12-13 15:17:00,2010-12-23 09:55:00,374,224.46000000000004
15563.0,2867.0,7,3019,2010-01-28 11:36:00,2011-11-17 14:50:00,658,409.57142857142856
15564.0,70.74000000000001,2,42,2010-01-02 15:58:00,2010-02-09 15:52:00,37,35.370000000000005
15565.0,173.16000000000003,2,60,2011-09-30 10:44:00,2011-10-20 14:33:00,20,86.58000000000001
15566.0,227.87,2,153,2009-12-15 14:53:00,2010-12-11 12:11:00,360,113.935
15567.0,186.01,1,223,2011-11-21 10:48:00,2011-11-21 10:48:00,0,186.01
15568.0,422.52,2,281,2011-09-27 14:37:00,2011-10-26 11:51:00,28,211.26
15569.0,3586.35,10,1736,2010-02-28 10:55:00,2011-11-01 13:26:00,611,358.635
15570.0,9311.04,25,4279,2010-03-28 14:04:00,2011-11-29 15:24:00,611,372.44160000000005
15571.0,4051.63,14,2506,2009-06-12 12:10:00,2011-11-28 10:02:00,898,289.40214285714285
15572.0,3873.69,9,2054,2010-04-14 14:38:00,2011-11-14 12:14:00,578,430.41
15573.0,1207.18,5,780,2009-10-12 14:19:00,2011-09-15 12:16:00,702,241.436
15574.0,1518.7,6,949,2010-01-09 14:37:00,2011-06-15 12:01:00,521,253.11666666666667
15575.0,30.1,1,6,2010-03-30 12:50:00,2010-03-30 12:50:00,0,30.1
15576.0,940.67,1,404,2011-02-11 12:03:00,2011-02-11 12:03:00,0,940.67
15577.0,397.98,5,121,2009-12-13 16:17:00,2011-11-07 17:03:00,694,79.596
15578.0,127.1,1,52,2011-06-30 13:03:00,2011-06-30 13:03:00,0,127.1
15579.0,1302.5,5,723,2010-03-10 14:37:00,2011-02-10 12:45:00,336,260.5
15580.0,1381.19,8,959,2010-04-11 13:32:00,2010-11-28 11:00:00,230,172.64875
15581.0,7794.59,38,3146,2009-02-12 12:19:00,2011-11-08 09:38:00,998,205.12078947368423
15582.0,682.9100000000001,3,453,2011-03-05 13:36:00,2011-11-15 09:55:00,254,227.63666666666668
15583.0,107.86,1,63,2010-11-28 15:04:00,2010-11-28 15:04:00,0,107.86
15584.0,1277.5,6,487,2010-05-11 11:34:00,2011-11-16 10:55:00,553,212.91666666666666
15585.0,455.3,1,320,2011-06-16 08:38:00,2011-06-16 08:38:00,0,455.3
15586.0,1139.1000000000001,3,1338,2010-02-18 10:27:00,2010-08-01 10:02:00,163,379.70000000000005
15587.0,1522.08,7,528,2010-05-08 08:44:00,2011-11-09 12:10:00,550,217.44
15588.0,579.6,1,96,2010-01-31 12:19:00,2010-01-31 12:19:00,0,579.6
15589.0,478.53,3,243,2011-02-02 10:46:00,2011-03-29 09:54:00,54,159.51
15590.0,1496.6,5,832,2010-05-05 08:53:00,2010-12-04 10:09:00,213,299.32
15591.0,217.9,3,58,2010-04-02 09:20:00,2010-09-03 10:21:00,154,72.63333333333334
15592.0,388.58,1,354,2011-10-24 08:59:00,2011-10-24 08:59:00,0,388.58
15593.0,199.8,1,60,2011-09-30 11:46:00,2011-09-30 11:46:00,0,199.8
15594.0,1771.78,5,983,2011-04-19 10:08:00,2011-11-24 08:53:00,218,354.356
15595.0,357.59999999999997,1,144,2010-09-08 12:27:00,2010-09-08 12:27:00,0,357.59999999999997
15596.0,3130.04,9,1376,2010-04-10 12:22:00,2011-09-05 10:02:00,512,347.78222222222223
15597.0,563.37,2,393,2010-05-13 13:10:00,2011-04-11 13:26:00,333,281.685
15598.0,548.02,2,404,2010-08-10 09:20:00,2011-10-17 16:04:00,433,274.01
15599.0,1250.06,3,1098,2010-09-20 10:15:00,2011-11-13 11:44:00,419,416.68666666666667
15600.0,1199.31,4,657,2010-04-25 11:50:00,2010-09-14 09:36:00,141,299.8275
15601.0,14960.12,30,11061,2009-01-12 14:53:00,2011-11-28 15:15:00,1050,498.6706666666667
15602.0,3230.51,16,2349,2009-02-12 09:35:00,2011-11-17 19:52:00,1008,201.906875
15603.0,88.48,2,128,2010-01-03 16:02:00,2011-09-22 10:04:00,626,44.24
15604.0,216.39000000000001,1,159,2011-10-18 14:47:00,2011-10-18 14:47:00,0,216.39000000000001
15605.0,1936.8,9,712,2010-01-12 13:38:00,2011-11-09 10:39:00,665,215.2
15606.0,5230.99,17,1615,2010-01-04 10:29:00,2011-12-08 15:00:00,703,307.70529411764704
15607.0,1708.97,9,1470,2010-01-15 12:38:00,2011-07-01 12:44:00,532,189.88555555555556
15608.0,1785.98,5,1262,2010-10-20 10:10:00,2011-11-11 13:20:00,387,357.196
15609.0,298.48,1,148,2011-08-06 13:00:00,2011-08-06 13:00:00,0,298.48
15610.0,112.46000000000001,1,66,2011-10-19 10:36:00,2011-10-19 10:36:00,0,112.46000000000001
15611.0,2997.28,26,747,2010-01-09 12:51:00,2011-11-30 12:36:00,689,115.28
15612.0,195.15,2,52,2011-03-11 14:52:00,2011-09-10 12:49:00,182,97.575
15613.0,433.71999999999997,1,700,2010-08-04 12:51:00,2010-08-04 12:51:00,0,433.71999999999997
15614.0,3147.36,4,1632,2010-03-23 11:13:00,2010-09-28 10:46:00,188,786.84
15615.0,21373.97,47,12090,2009-02-12 15:28:00,2011-11-29 14:42:00,1019,454.7653191489362
15616.0,317.11,1,137,2010-09-27 13:10:00,2010-09-27 13:10:00,0,317.11
15617.0,828.5500000000001,3,485,2010-07-20 13:16:00,2010-10-20 10:22:00,91,276.18333333333334
15618.0,776.851,4,454,2011-07-11 08:34:00,2011-08-09 12:57:00,29,194.21275
15619.0,336.4,1,136,2011-11-29 08:14:00,2011-11-29 08:14:00,0,336.4
15620.0,1942.36,4,1249,2010-10-26 11:32:00,2011-10-14 12:41:00,353,485.59
15621.0,1044.96,2,368,2011-11-18 11:49:00,2011-11-28 15:16:00,10,522.48
15622.0,7852.610000000001,17,4091,2010-04-03 10:29:00,2011-10-27 16:44:00,572,461.91823529411766
15623.0,2437.05,8,1087,2009-10-12 14:46:00,2011-07-21 17:26:00,647,304.63125
15624.0,588.13,4,357,2011-03-28 13:32:00,2011-08-15 11:38:00,139,147.0325
15625.0,3236.4,9,3020,2010-01-07 17:25:00,2011-08-28 10:21:00,597,359.6
15626.0,1067.52,3,1138,2010-10-14 17:16:00,2011-09-26 10:03:00,346,355.84
15627.0,566.9,2,344,2010-05-07 11:56:00,2010-08-09 14:14:00,94,283.45
15628.0,5449.31,16,3723,2009-12-13 13:39:00,2011-11-15 09:15:00,701,340.581875
15629.0,2240.9,4,1518,2010-06-25 11:39:00,2010-09-15 13:46:00,82,560.225
15630.0,1481.4,3,987,2010-05-03 14:30:00,2011-10-25 15:36:00,540,493.8
15631.0,596.67,1,525,2010-07-03 14:52:00,2010-07-03 14:52:00,0,596.67
15632.0,3285.31,8,2109,2011-03-31 11:53:00,2011-11-24 09:51:00,237,410.66375
15633.0,4352.46,13,2058,2009-08-12 17:51:00,2010-12-02 12:59:00,476,334.8046153846154
15634.0,554.65,2,227,2010-11-21 15:30:00,2011-11-22 16:28:00,366,277.325
15635.0,100.35,1,5,2010-09-11 08:58:00,2010-09-11 08:58:00,0,100.35
15636.0,1444.58,4,560,2010-05-19 11:37:00,2011-11-09 11:17:00,538,361.145
15637.0,797.59,5,651,2009-12-15 17:54:00,2011-10-18 08:28:00,671,159.518
15638.0,2265.2,6,1134,2010-04-25 15:45:00,2010-11-26 11:52:00,214,377.5333333333333
15639.0,1065.08,3,849,2010-04-13 13:11:00,2011-07-28 14:30:00,471,355.02666666666664
15640.0,22771.1,28,11792,2009-12-14 16:36:00,2011-11-23 14:36:00,708,813.2535714285714
15641.0,5345.55,12,4422,2009-06-12 15:31:00,2011-08-26 14:04:00,804,445.46250000000003
15642.0,105.78,1,270,2009-10-12 11:51:00,2009-10-12 11:51:00,0,105.78
15643.0,664.0,3,246,2011-01-06 07:37:00,2011-02-03 14:34:00,28,221.33333333333334
15644.0,813.0,4,557,2011-03-23 15:37:00,2011-06-26 14:54:00,94,203.25
15645.0,1055.17,3,396,2010-10-10 12:51:00,2011-11-21 11:55:00,406,351.72333333333336
15646.0,974.61,5,1051,2010-02-12 16:59:00,2011-07-04 09:12:00,506,194.922
15647.0,169.0,1,124,2010-10-20 15:09:00,2010-10-20 15:09:00,0,169.0
15648.0,657.35,2,221,2011-03-17 18:59:00,2011-05-19 15:53:00,62,328.675
15649.0,2170.35,4,485,2010-07-12 10:06:00,2011-07-01 13:34:00,354,542.5875
15650.0,553.88,2,210,2010-03-21 11:46:00,2010-06-07 10:41:00,77,276.94
15651.0,1259.06,5,871,2010-04-22 13:26:00,2011-03-24 08:56:00,335,251.81199999999998
15652.0,1420.34,5,659,2010-04-10 17:07:00,2011-09-09 14:22:00,516,284.068
15653.0,877.44,2,1200,2011-08-09 10:49:00,2011-08-16 09:50:00,6,438.72
15654.0,922.53,2,475,2011-11-13 15:15:00,2011-11-30 13:08:00,16,461.265
15655.0,560.6700000000001,1,324,2011-10-04 15:25:00,2011-10-04 15:25:00,0,560.6700000000001
15656.0,748.5,4,343,2011-02-28 15:32:00,2011-10-25 14:56:00,238,187.125
15657.0,30.0,1,24,2011-11-17 12:19:00,2011-11-17 12:19:00,0,30.0
15658.0,2423.4700000000003,8,691,2009-03-12 11:19:00,2011-05-26 10:09:00,804,302.93375000000003
15659.0,532.49,3,161,2010-02-24 13:32:00,2011-10-27 09:23:00,609,177.49666666666667
15660.0,2812.9900000000002,15,1893,2010-03-31 12:44:00,2011-11-14 16:58:00,593,187.53266666666667
15661.0,1215.95,8,779,2010-05-10 08:01:00,2011-05-01 12:32:00,356,151.99375
15662.0,283.73,2,145,2009-01-12 13:49:00,2010-02-16 16:47:00,400,141.865
15663.0,138.14,1,106,2011-08-25 15:50:00,2011-08-25 15:50:00,0,138.14
15664.0,1254.03,4,530,2010-02-28 12:50:00,2011-10-20 10:57:00,598,313.5075
15665.0,4015.12,5,2794,2010-03-14 15:07:00,2011-10-04 15:09:00,569,803.024
15666.0,632.94,2,469,2010-01-08 15:41:00,2010-08-24 16:14:00,228,316.47
15667.0,301.32000000000005,1,240,2011-10-31 10:56:00,2011-10-31 10:56:00,0,301.32000000000005
15668.0,76.32000000000001,1,72,2011-06-05 10:39:00,2011-06-05 10:39:00,0,76.32000000000001
15669.0,684.34,4,342,2011-03-21 09:13:00,2011-10-30 16:03:00,223,171.085
15670.0,325.2,2,132,2010-01-06 15:34:00,2011-02-16 10:50:00,405,162.6
15671.0,2657.13,7,1699,2011-03-14 09:37:00,2011-11-21 12:43:00,252,379.59000000000003
15672.0,45.300000000000004,1,10,2009-12-14 16:52:00,2009-12-14 16:52:00,0,45.300000000000004
15673.0,6414.79,9,3361,2010-02-22 14:28:00,2011-12-09 16:12:00,655,712.7544444444444
15674.0,6948.2300000000005,13,3648,2009-08-12 17:08:00,2011-10-05 10:39:00,783,534.4792307692308
15675.0,542.04,4,624,2010-10-31 14:14:00,2011-09-19 13:48:00,322,135.51
15676.0,3435.76,3,2252,2011-01-03 10:19:00,2011-11-21 12:40:00,322,1145.2533333333333
15677.0,1305.6299999999999,3,675,2010-02-09 12:08:00,2011-10-21 15:36:00,619,435.21
15678.0,1893.89,3,1067,2010-05-07 12:49:00,2011-10-18 09:25:00,528,631.2966666666667
15679.0,781.28,4,1170,2011-08-07 13:31:00,2011-11-15 16:19:00,100,195.32
15680.0,4507.58,10,3074,2009-02-12 12:15:00,2011-11-30 13:46:00,1021,450.758
15681.0,2989.7000000000003,14,1392,2010-05-24 14:18:00,2011-11-14 16:30:00,539,213.55
15682.0,318.24,2,222,2010-01-21 14:37:00,2010-04-19 15:30:00,88,159.12
15683.0,524.54,2,332,2010-08-23 12:01:00,2011-08-14 12:56:00,356,262.27
15684.0,173.95,3,77,2009-04-12 16:13:00,2010-10-06 18:51:00,542,57.98333333333333
15685.0,55.980000000000004,1,36,2010-09-15 13:43:00,2010-09-15 13:43:00,0,55.980000000000004
15686.0,90.0,1,72,2010-10-15 13:50:00,2010-10-15 13:50:00,0,90.0
15687.0,2993.1,9,1310,2011-01-02 13:15:00,2011-11-16 10:57:00,317,332.56666666666666
15688.0,190.57,1,95,2010-10-17 12:06:00,2010-10-17 12:06:00,0,190.57
15689.0,521.03,3,207,2010-01-04 09:53:00,2011-12-08 09:37:00,702,173.67666666666665
15690.0,111.0,1,204,2011-08-31 11:40:00,2011-08-31 11:40:00,0,111.0
15691.0,571.3,4,212,2009-06-12 16:01:00,2011-01-04 15:13:00,570,142.825
15692.0,191.04,1,138,2011-11-11 14:12:00,2011-11-11 14:12:00,0,191.04
15693.0,37.5,1,30,2010-02-18 14:37:00,2010-02-18 14:37:00,0,37.5
15694.0,10404.01,23,2538,2009-07-12 15:43:00,2011-11-14 13:33:00,854,452.34826086956525
15695.0,1131.04,4,484,2010-01-27 10:56:00,2011-03-18 08:32:00,414,282.76
15696.0,3906.57,13,1399,2010-01-24 14:36:00,2011-09-21 08:55:00,604,300.5053846153846
15697.0,246.75,1,127,2010-01-19 09:10:00,2010-01-19 09:10:00,0,246.75
15698.0,46.2,1,60,2010-03-25 17:38:00,2010-03-25 17:38:00,0,46.2
15699.0,309.65,1,113,2011-11-22 08:26:00,2011-11-22 08:26:00,0,309.65
15700.0,696.68,2,357,2011-06-19 15:36:00,2011-06-20 16:53:00,1,348.34
15701.0,1223.2,3,659,2011-02-10 14:00:00,2011-09-27 10:41:00,228,407.73333333333335
15702.0,140.39,2,103,2010-01-26 17:23:00,2010-08-20 14:50:00,205,70.195
15703.0,211.5,1,66,2011-03-20 10:51:00,2011-03-20 10:51:00,0,211.5
15704.0,3817.96,6,1723,2010-05-05 14:51:00,2011-08-05 12:42:00,456,636.3266666666667
15705.0,143.1,1,62,2011-05-22 15:37:00,2011-05-22 15:37:00,0,143.1
15706.0,1060.56,4,321,2011-06-10 12:13:00,2011-09-25 12:45:00,107,265.14
15707.0,945.58,4,605,2011-04-11 14:35:00,2011-10-27 14:39:00,199,236.395
15708.0,4378.72,9,1675,2010-05-12 11:12:00,2011-10-30 10:54:00,535,486.5244444444445
15709.0,327.85,2,169,2010-04-29 18:31:00,2011-01-03 10:38:00,248,163.925
15710.0,898.87,1,641,2010-10-18 17:05:00,2010-10-18 17:05:00,0,898.87
15711.0,420.25,2,199,2010-01-06 12:14:00,2010-01-24 12:13:00,17,210.125
15712.0,3472.41,12,1277,2009-01-12 11:17:00,2011-11-30 14:09:00,1052,289.3675
15713.0,1010.79,4,510,2009-12-16 09:41:00,2011-07-19 13:34:00,580,252.6975
15714.0,784.8100000000001,5,362,2010-02-06 12:08:00,2011-11-28 11:26:00,659,156.96200000000002
15715.0,658.02,5,246,2010-02-06 09:54:00,2010-04-22 15:33:00,75,131.60399999999998
15716.0,3056.81,11,1821,2009-07-12 12:42:00,2011-07-17 11:59:00,734,277.89181818181817
15717.0,607.0,5,224,2010-04-08 11:57:00,2011-04-19 13:21:00,376,121.4
15718.0,293.79,1,95,2010-06-17 16:20:00,2010-06-17 16:20:00,0,293.79
15719.0,10223.06,31,5368,2009-01-12 12:47:00,2011-07-11 12:29:00,909,329.77612903225804
15720.0,741.92,2,329,2010-07-06 15:40:00,2011-11-15 14:48:00,496,370.96
15721.0,507.08000000000004,1,409,2011-11-28 12:14:00,2011-11-28 12:14:00,0,507.08000000000004
15722.0,5258.1,11,2283,2010-03-25 17:34:00,2011-08-23 11:30:00,515,478.00909090909096
15723.0,947.65,4,444,2010-05-14 12:55:00,2010-10-24 12:44:00,162,236.9125
15724.0,310.85,3,117,2010-04-11 10:22:00,2011-05-22 14:40:00,406,103.61666666666667
15725.0,415.25,1,221,2011-11-24 14:51:00,2011-11-24 14:51:00,0,415.25
15726.0,321.91,1,123,2010-11-14 16:12:00,2010-11-14 16:12:00,0,321.91
15727.0,9445.51,15,5942,2010-01-24 12:12:00,2011-12-01 15:06:00,676,629.7006666666667
15728.0,544.6,2,132,2010-09-21 14:46:00,2010-11-25 10:39:00,64,272.3
15729.0,192.55,3,47,2010-01-11 13:44:00,2011-11-05 12:36:00,662,64.18333333333334
15730.0,1726.58,5,1061,2010-04-10 14:15:00,2011-08-09 14:28:00,486,345.316
15731.0,125.3,1,122,2010-04-06 10:10:00,2010-04-06 10:10:00,0,125.3
15732.0,1682.07,10,1361,2010-02-05 12:31:00,2011-11-05 14:24:00,638,168.207
15733.0,162.3,1,62,2011-02-03 09:05:00,2011-02-03 09:05:00,0,162.3
15734.0,2263.3,4,516,2010-09-29 11:40:00,2011-08-17 10:50:00,321,565.825
15735.0,327.68,1,206,2010-10-14 13:38:00,2010-10-14 13:38:00,0,327.68
15736.0,1815.72,2,1268,2010-09-30 14:19:00,2010-09-30 14:20:00,0,907.86
15737.0,1205.1200000000001,8,599,2011-03-06 14:33:00,2011-11-25 11:21:00,263,150.64000000000001
15738.0,13372.97,41,9285,2009-10-12 15:52:00,2011-11-21 08:26:00,769,326.16999999999996
15739.0,449.12,1,472,2011-04-10 13:42:00,2011-04-10 13:42:00,0,449.12
15740.0,154.88,1,152,2011-10-21 14:29:00,2011-10-21 14:29:00,0,154.88
15741.0,208.62,2,70,2010-03-31 11:55:00,2010-07-09 16:21:00,100,104.31
15742.0,156.87,1,51,2010-03-30 15:25:00,2010-03-30 15:25:00,0,156.87
15743.0,784.46,4,216,2011-02-11 13:19:00,2011-11-23 17:19:00,285,196.115
15744.0,34.8,1,120,2011-09-23 09:52:00,2011-09-23 09:52:00,0,34.8
15745.0,1094.5900000000001,4,421,2011-04-17 13:04:00,2011-11-20 13:45:00,217,273.64750000000004
15746.0,196.88,1,178,2011-07-28 15:21:00,2011-07-28 15:21:00,0,196.88
15747.0,2562.61,9,1370,2010-01-08 12:07:00,2011-11-27 12:26:00,688,284.7344444444445
15748.0,614.76,3,262,2010-09-16 16:52:00,2011-10-30 12:51:00,408,204.92
15749.0,44534.3,3,18028,2011-04-18 13:20:00,2011-11-01 12:57:00,196,14844.766666666668
15750.0,6456.801,17,4388,2009-01-12 17:19:00,2011-11-24 19:30:00,1046,379.8118235294118
15751.0,1380.44,11,443,2009-06-12 13:08:00,2010-07-03 15:01:00,386,125.49454545454546
15752.0,4207.54,9,2967,2010-02-12 09:43:00,2011-10-31 11:37:00,626,467.50444444444446
15753.0,79.2,1,144,2011-08-02 12:41:00,2011-08-02 12:41:00,0,79.2
15754.0,3037.61,9,1762,2010-01-04 10:34:00,2011-10-19 14:40:00,653,337.51222222222225
15755.0,5993.12,17,4034,2009-04-12 08:24:00,2011-12-09 15:19:00,971,352.53647058823526
15756.0,532.96,4,242,2011-04-04 14:00:00,2011-10-07 11:19:00,185,133.24
15757.0,2940.36,6,1757,2010-04-08 12:22:00,2011-06-05 11:40:00,422,490.06
15758.0,205.25,1,47,2011-11-15 10:48:00,2011-11-15 10:48:00,0,205.25
15759.0,830.9300000000001,7,523,2009-02-12 10:08:00,2011-05-05 15:13:00,812,118.70428571428572
15760.0,13916.34,2,2,2010-03-19 11:35:00,2010-03-19 11:45:00,0,6958.17
15761.0,143.05,1,31,2010-09-23 09:33:00,2010-09-23 09:33:00,0,143.05
15762.0,583.75,2,251,2011-05-10 16:15:00,2011-09-23 15:17:00,135,291.875
15763.0,1086.92,2,271,2011-08-11 09:44:00,2011-09-23 12:10:00,43,543.46
15764.0,4503.08,8,2945,2010-01-10 14:07:00,2011-12-09 17:58:00,698,562.885
15765.0,370.63,1,335,2010-11-02 10:25:00,2010-11-02 10:25:00,0,370.63
15766.0,831.0600000000001,3,334,2010-01-26 15:55:00,2011-06-10 17:03:00,500,277.02000000000004
15768.0,15601.09,34,4259,2009-03-12 12:10:00,2011-08-16 10:48:00,886,458.85558823529414
15769.0,88704.32,46,49104,2009-11-12 09:58:00,2011-10-30 10:44:00,717,1928.3547826086958
15770.0,321.45,1,67,2010-06-04 11:47:00,2010-06-04 11:47:00,0,321.45
15771.0,1006.54,3,512,2010-01-15 12:14:00,2010-06-04 12:20:00,140,335.5133333333333
15772.0,280.88,1,110,2010-10-17 13:33:00,2010-10-17 13:33:00,0,280.88
15773.0,774.52,2,410,2010-10-26 15:27:00,2011-04-12 12:48:00,167,387.26
15774.0,1329.94,6,473,2010-02-21 12:57:00,2011-02-10 12:04:00,353,221.65666666666667
15775.0,150.5,2,260,2010-03-18 07:32:00,2011-08-04 12:56:00,504,75.25
15776.0,241.62,1,138,2011-07-29 13:46:00,2011-07-29 13:46:00,0,241.62
15777.0,1762.6100000000001,7,599,2010-05-20 10:37:00,2011-12-04 16:43:00,563,251.8014285714286
15778.0,307.95000000000005,1,101,2010-04-10 15:10:00,2010-04-10 15:10:00,0,307.95000000000005
15779.0,124.08000000000001,2,20,2010-02-09 16:40:00,2010-06-25 15:55:00,135,62.040000000000006
15780.0,475.28000000000003,3,220,2010-12-17 11:43:00,2011-11-04 09:18:00,321,158.42666666666668
15781.0,345.46000000000004,3,180,2011-07-02 09:15:00,2011-11-14 14:57:00,135,115.15333333333335
15782.0,4014.1,4,1844,2010-05-10 15:43:00,2011-11-30 10:49:00,568,1003.525
15783.0,246.3,1,212,2011-11-29 09:50:00,2011-11-29 09:50:00,0,246.3
15784.0,848.33,2,381,2010-05-02 14:42:00,2010-08-29 10:38:00,118,424.165
15785.0,5969.93,16,4479,2009-12-15 16:28:00,2011-07-11 11:33:00,572,373.120625
15786.0,8514.82,5,5981,2010-06-21 10:13:00,2011-10-24 14:13:00,490,1702.964
15787.0,948.05,3,540,2011-09-10 13:11:00,2011-11-13 14:55:00,64,316.01666666666665
15788.0,221.83,1,115,2010-07-19 12:48:00,2010-07-19 12:48:00,0,221.83
15789.0,1962.01,6,2499,2010-03-26 11:21:00,2010-12-16 14:35:00,265,327.00166666666667
15790.0,220.85,1,114,2011-11-29 14:53:00,2011-11-29 14:53:00,0,220.85
15791.0,3608.34,5,1970,2010-04-28 11:29:00,2011-10-27 10:14:00,546,721.668
15792.0,933.84,2,606,2010-03-31 09:42:00,2010-05-11 08:21:00,40,466.92
15793.0,2399.57,8,1685,2009-01-12 12:54:00,2011-11-25 09:31:00,1046,299.94625
15794.0,777.0,2,288,2009-02-12 15:10:00,2009-03-12 13:04:00,27,388.5
15795.0,1979.8700000000001,8,1411,2010-01-18 11:31:00,2011-07-13 10:43:00,540,247.48375000000001
15796.0,4728.18,16,1596,2010-03-11 10:41:00,2011-11-22 13:41:00,621,295.51125
15797.0,2821.08,6,1281,2010-01-27 13:12:00,2011-09-05 16:38:00,586,470.18
15798.0,1535.37,3,915,2010-01-27 11:55:00,2010-04-08 09:13:00,70,511.78999999999996
15799.0,1424.29,4,1342,2010-10-17 14:26:00,2011-09-25 12:46:00,342,356.0725
15800.0,1242.58,7,588,2010-03-31 13:17:00,2011-08-24 14:23:00,511,177.51142857142855
15801.0,1063.95,3,570,2011-08-22 09:53:00,2011-10-24 13:52:00,63,354.65000000000003
15802.0,451.42,1,1,2011-07-20 11:38:00,2011-07-20 11:38:00,0,451.42
15803.0,1929.66,4,1030,2010-01-02 16:29:00,2011-10-19 14:56:00,654,482.415
15804.0,3877.34,12,2287,2011-02-11 16:37:00,2011-11-28 15:50:00,289,323.1116666666667
15805.0,10189.23,30,6225,2009-10-12 12:57:00,2011-11-16 16:32:00,765,339.64099999999996
15806.0,784.58,3,602,2011-05-07 12:15:00,2011-10-24 14:35:00,170,261.5266666666667
15807.0,1817.52,5,1532,2010-10-27 13:04:00,2011-10-20 14:10:00,358,363.504
15808.0,18409.93,21,7229,2009-01-12 16:30:00,2011-06-02 14:33:00,870,876.6633333333333
15809.0,1274.44,7,700,2010-06-09 13:20:00,2011-10-02 11:16:00,479,182.06285714285715
15810.0,2999.04,8,1653,2010-01-09 12:00:00,2011-09-22 09:38:00,620,374.88
15811.0,3890.52,7,1922,2010-09-12 15:29:00,2011-11-17 15:31:00,431,555.7885714285715
15812.0,5201.47,12,3450,2009-12-15 13:40:00,2011-11-07 12:30:00,691,433.4558333333334
15813.0,1303.9099999999999,2,603,2011-04-14 09:09:00,2011-05-16 08:13:00,31,651.9549999999999
15814.0,2634.44,6,1728,2010-04-15 14:31:00,2011-11-23 08:17:00,586,439.0733333333333
15815.0,2100.6,5,1856,2011-03-25 08:43:00,2011-11-05 15:17:00,225,420.12
15816.0,144.15,2,54,2010-06-15 12:54:00,2010-06-15 13:36:00,0,72.075
15817.0,2766.4,3,1596,2010-04-08 12:54:00,2010-10-15 11:07:00,189,922.1333333333333
15818.0,340.5,1,284,2010-04-30 12:58:00,2010-04-30 12:58:00,0,340.5
15819.0,3934.79,10,2928,2010-03-18 11:08:00,2011-10-21 14:50:00,582,393.479
15820.0,206.98,1,128,2011-01-24 12:00:00,2011-01-24 12:00:00,0,206.98
15821.0,570.96,2,202,2011-09-10 13:28:00,2011-10-26 15:48:00,46,285.48
15822.0,1394.79,5,735,2009-06-12 15:12:00,2010-12-15 13:38:00,550,278.95799999999997
15823.0,3897.17,3,1775,2009-08-12 15:12:00,2010-02-12 15:08:00,183,1299.0566666666666
15824.0,890.94,2,478,2010-06-25 15:10:00,2010-12-09 13:20:00,166,445.47
15825.0,532.94,1,220,2011-06-20 13:27:00,2011-06-20 13:27:00,0,532.94
15826.0,2598.28,4,1824,2010-05-20 17:00:00,2011-10-14 16:05:00,511,649.57
15827.0,3794.07,28,1824,2010-02-12 13:06:00,2011-09-27 15:35:00,592,135.5025
15828.0,1108.82,1,367,2010-11-29 16:41:00,2010-11-29 16:41:00,0,1108.82
15829.0,636.14,2,996,2011-01-09 16:45:00,2011-07-22 10:23:00,193,318.07
15830.0,576.0,1,415,2011-02-11 10:40:00,2011-02-11 10:40:00,0,576.0
15831.0,801.76,3,1105,2011-01-19 14:52:00,2011-12-10 13:14:00,324,267.25333333333333
15832.0,836.79,1,465,2011-03-30 15:29:00,2011-03-30 15:29:00,0,836.79
15833.0,80.4,1,24,2009-02-12 11:59:00,2009-02-12 11:59:00,0,80.4
15834.0,3772.99,7,1819,2010-11-10 14:05:00,2011-09-30 14:41:00,324,538.9985714285714
15835.0,954.09,4,439,2011-01-13 10:35:00,2011-10-26 15:47:00,286,238.5225
15836.0,137.37,1,26,2011-10-20 17:13:00,2011-10-20 17:13:00,0,137.37
15837.0,777.01,2,405,2010-11-08 10:16:00,2011-06-10 09:01:00,213,388.505
15838.0,74163.0,34,64664,2009-12-15 09:51:00,2011-11-28 14:00:00,713,2181.264705882353
15839.0,1048.49,3,675,2011-06-11 13:54:00,2011-09-20 12:12:00,100,349.49666666666667
15840.0,355.56,2,396,2011-06-20 11:42:00,2011-12-10 09:08:00,172,177.78
15841.0,2742.41,9,2391,2009-10-12 08:29:00,2011-09-28 12:15:00,716,304.7122222222222
15842.0,548.8000000000001,2,296,2010-06-30 09:06:00,2010-11-11 14:08:00,134,274.40000000000003
15843.0,118.95,1,27,2011-09-02 10:19:00,2011-09-02 10:19:00,0,118.95
15844.0,130.73999999999998,1,134,2011-10-24 15:19:00,2011-10-24 15:19:00,0,130.73999999999998
15845.0,4426.28,11,2128,2010-01-26 14:44:00,2011-11-22 09:42:00,664,402.3890909090909
15846.0,107.01,1,79,2010-11-19 14:40:00,2010-11-19 14:40:00,0,107.01
15847.0,822.57,5,643,2010-07-10 18:19:00,2011-02-24 16:46:00,228,164.514
15848.0,139.94,1,46,2010-03-28 10:54:00,2010-03-28 10:54:00,0,139.94
15850.0,1058.72,6,1379,2009-12-13 13:27:00,2011-11-20 14:14:00,707,176.45333333333335
15851.0,109.73,1,67,2010-01-07 12:34:00,2010-01-07 12:34:00,0,109.73
15852.0,257.26,3,60,2010-01-07 10:16:00,2011-06-06 11:22:00,515,85.75333333333333
15853.0,110.8,1,135,2011-10-19 10:38:00,2011-10-19 10:38:00,0,110.8
15854.0,5449.1,19,1584,2009-10-12 12:08:00,2011-09-14 12:25:00,702,286.7947368421053
15855.0,1052.72,6,712,2010-08-20 17:15:00,2011-09-06 10:09:00,381,175.45333333333335
15856.0,33164.54,49,19659,2009-03-12 14:02:00,2011-11-07 14:16:00,970,676.8273469387756
15857.0,570.48,2,584,2010-05-10 16:43:00,2011-11-21 12:18:00,559,285.24
15858.0,3960.37,13,2919,2009-10-12 11:42:00,2011-11-24 12:48:00,773,304.64384615384614
15859.0,438.46,1,174,2010-03-10 12:52:00,2010-03-10 12:52:00,0,438.46
15860.0,2505.21,17,1342,2009-06-12 12:31:00,2011-10-30 11:25:00,869,147.36529411764707
15861.0,4401.79,12,3860,2010-01-28 19:41:00,2011-11-27 15:59:00,667,366.81583333333333
15862.0,2928.29,13,1680,2009-12-17 11:33:00,2011-08-19 16:34:00,610,225.25307692307692
15863.0,358.7,5,164,2009-12-17 10:20:00,2011-11-14 12:49:00,697,71.74
15864.0,2180.76,7,1486,2010-11-23 15:02:00,2011-11-17 13:32:00,358,311.5371428571429
15865.0,2248.92,5,1147,2010-05-01 13:58:00,2011-12-09 09:38:00,586,449.784
15866.0,230.53,1,126,2011-08-30 14:09:00,2011-08-30 14:09:00,0,230.53
15867.0,8778.37,30,4881,2009-12-14 15:16:00,2011-11-17 16:39:00,703,292.61233333333337
15868.0,94.53,1,57,2010-05-05 14:11:00,2010-05-05 14:11:00,0,94.53
15869.0,323.65999999999997,3,274,2010-03-23 16:50:00,2011-07-03 17:23:00,467,107.88666666666666
15870.0,862.61,4,508,2010-08-11 10:57:00,2011-07-11 10:58:00,334,215.6525
15871.0,33.099999999999994,1,5,2010-09-28 14:16:00,2010-09-28 14:16:00,0,33.099999999999994
15872.0,795.68,4,506,2010-07-06 14:53:00,2011-11-25 11:55:00,506,198.92
15873.0,313.91999999999996,4,1152,2010-07-27 11:58:00,2010-07-28 12:41:00,1,78.47999999999999
15874.0,11284.76,21,5102,2010-03-02 13:34:00,2011-08-04 12:17:00,519,537.3695238095238
15875.0,111.72,1,76,2010-03-03 16:51:00,2010-03-03 16:51:00,0,111.72
15876.0,1449.14,2,886,2010-09-17 15:26:00,2010-10-26 18:58:00,39,724.57
15877.0,242.26,1,175,2011-11-22 11:18:00,2011-11-22 11:18:00,0,242.26
15878.0,330.77,2,243,2009-06-12 12:28:00,2010-05-27 12:17:00,348,165.385
15879.0,1157.3,4,643,2009-12-17 19:54:00,2010-10-31 16:21:00,317,289.325
15880.0,686.56,1,422,2010-05-12 13:00:00,2010-05-12 13:00:00,0,686.56
15881.0,501.39,5,260,2010-10-12 13:32:00,2011-01-31 16:59:00,111,100.27799999999999
15882.0,1495.98,8,814,2009-10-12 15:33:00,2011-05-25 11:35:00,589,186.9975
15883.0,143.76,1,72,2011-06-11 14:50:00,2011-06-11 14:50:00,0,143.76
15884.0,249.70000000000002,2,158,2009-03-12 18:23:00,2010-03-10 15:55:00,362,124.85000000000001
15885.0,1951.82,15,622,2010-01-21 12:47:00,2011-08-09 10:43:00,564,130.12133333333333
15886.0,1052.8700000000001,4,667,2010-04-20 15:03:00,2011-10-10 14:25:00,537,263.21750000000003
15887.0,1027.15,3,605,2010-02-06 11:53:00,2010-10-29 08:36:00,264,342.3833333333334
15888.0,429.16,3,139,2010-01-07 11:51:00,2011-09-20 12:30:00,621,143.05333333333334
15889.0,1806.28,8,989,2009-10-12 12:21:00,2011-06-07 11:10:00,602,225.785
15890.0,535.65,5,119,2010-04-14 08:43:00,2010-10-11 12:46:00,180,107.13
15891.0,524.52,1,442,2011-04-27 12:35:00,2011-04-27 12:35:00,0,524.52
15892.0,128.2,1,46,2010-08-02 16:23:00,2010-08-02 16:23:00,0,128.2
15893.0,305.28000000000003,1,288,2010-08-15 11:12:00,2010-08-15 11:12:00,0,305.28000000000003
15894.0,420.29,2,283,2010-05-12 14:06:00,2011-03-31 13:50:00,322,210.145
15895.0,179.17,1,94,2011-07-13 10:27:00,2011-07-13 10:27:00,0,179.17
15897.0,222.05,2,261,2011-05-29 13:32:00,2011-05-29 13:50:00,0,111.025
15898.0,5210.42,24,2272,2009-11-12 16:11:00,2011-04-27 10:03:00,530,217.10083333333333
15899.0,112.5,1,78,2010-06-12 10:36:00,2010-06-12 10:36:00,0,112.5
15900.0,900.4,4,661,2010-05-26 11:27:00,2011-11-16 12:19:00,539,225.1
15901.0,703.22,7,702,2010-02-09 15:50:00,2011-11-23 12:43:00,651,100.46000000000001
15902.0,145.01,1,124,2010-11-24 16:57:00,2010-11-24 16:57:00,0,145.01
15903.0,8939.84,12,3926,2010-01-14 10:57:00,2011-11-30 08:08:00,684,744.9866666666667
15904.0,164.68,1,84,2011-01-12 14:50:00,2011-01-12 14:50:00,0,164.68
15905.0,114.69,1,82,2010-06-14 16:00:00,2010-06-14 16:00:00,0,114.69
15906.0,2555.64,10,751,2010-09-15 12:17:00,2011-11-20 12:24:00,431,255.564
15907.0,529.52,2,256,2011-05-13 13:01:00,2011-06-16 12:45:00,33,264.76
15908.0,764.57,2,174,2010-06-08 11:56:00,2010-07-15 19:21:00,37,382.285
15909.0,191.94,1,98,2011-06-19 10:38:00,2011-06-19 10:38:00,0,191.94
15910.0,2548.45,14,2013,2010-01-21 11:51:00,2011-11-24 16:59:00,672,182.03214285714284
15911.0,1702.34,8,811,2009-09-12 13:26:00,2010-10-03 12:23:00,385,212.7925
15912.0,1074.7,9,759,2009-10-12 12:58:00,2011-06-14 14:29:00,610,119.41111111111111
15913.0,6.300000000000001,1,3,2010-06-23 16:31:00,2010-06-23 16:31:00,0,6.300000000000001
15914.0,205.99,2,149,2010-11-26 16:09:00,2010-11-26 16:10:00,0,102.995
15915.0,429.21,1,451,2010-03-11 11:13:00,2010-03-11 11:13:00,0,429.21
15916.0,3427.17,13,1703,2009-10-12 16:21:00,2011-11-23 13:46:00,771,263.6284615384615
15917.0,560.63,5,263,2009-02-12 14:55:00,2011-06-04 10:40:00,841,112.126
15918.0,582.88,3,240,2010-03-18 11:40:00,2011-03-13 15:55:00,360,194.29333333333332
15919.0,910.61,2,787,2010-06-12 11:26:00,2011-11-20 11:28:00,526,455.305
15920.0,571.64,9,240,2009-12-14 13:09:00,2011-08-07 15:31:00,601,63.51555555555555
15921.0,802.11,4,342,2010-08-11 10:24:00,2011-06-20 11:03:00,313,200.5275
15922.0,739.0,1,276,2010-01-12 13:51:00,2010-01-12 13:51:00,0,739.0
15923.0,254.16,1,244,2010-02-12 12:16:00,2010-02-12 12:16:00,0,254.16
15924.0,102.82,1,103,2009-08-12 15:00:00,2009-08-12 15:00:00,0,102.82
15925.0,207.15,1,93,2011-05-29 15:35:00,2011-05-29 15:35:00,0,207.15
15926.0,134.44,1,155,2010-06-15 15:23:00,2010-06-15 15:23:00,0,134.44
15927.0,123.39000000000001,1,69,2010-02-03 13:25:00,2010-02-03 13:25:00,0,123.39000000000001
15928.0,293.53,1,164,2010-02-21 15:16:00,2010-02-21 15:16:00,0,293.53
15929.0,594.0,1,120,2010-05-03 14:56:00,2010-05-03 14:56:00,0,594.0
15930.0,426.63,1,139,2011-03-10 14:52:00,2011-03-10 14:52:00,0,426.63
15931.0,239.9,1,118,2010-07-10 16:46:00,2010-07-10 16:46:00,0,239.9
15932.0,2195.65,7,1931,2011-02-23 14:50:00,2011-12-09 14:24:00,288,313.6642857142857
15933.0,1107.46,3,885,2011-09-14 12:05:00,2011-11-18 13:14:00,65,369.15333333333336
15934.0,2190.66,2,2166,2010-06-10 12:08:00,2010-10-18 10:13:00,129,1095.33
15935.0,416.86,2,115,2011-04-14 13:27:00,2011-12-04 09:35:00,233,208.43
15936.0,282.79,2,211,2010-08-29 11:42:00,2010-11-25 16:39:00,88,141.395
15937.0,145.35000000000002,1,73,2011-06-10 15:48:00,2011-06-10 15:48:00,0,145.35000000000002
15938.0,734.8100000000001,9,449,2010-01-06 09:42:00,2011-08-19 12:56:00,590,81.64555555555556
15939.0,9060.39,16,6260,2010-11-30 12:07:00,2011-12-06 14:48:00,371,566.274375
15940.0,35.8,1,4,2011-01-02 16:18:00,2011-01-02 16:18:00,0,35.8
15941.0,405.0,1,60,2010-12-03 14:45:00,2010-12-03 14:45:00,0,405.0
15942.0,337.44,1,232,2011-07-29 09:01:00,2011-07-29 09:01:00,0,337.44
15943.0,271.28999999999996,2,183,2010-01-31 11:04:00,2010-02-28 12:49:00,28,135.64499999999998
15944.0,2164.24,4,859,2009-12-13 12:57:00,2011-08-03 10:33:00,597,541.06
15945.0,827.27,4,397,2009-01-12 13:47:00,2010-09-24 11:12:00,619,206.8175
15946.0,2304.18,3,1614,2010-03-16 10:49:00,2010-07-25 12:18:00,131,768.06
15947.0,1708.24,1,898,2011-09-18 10:46:00,2011-09-18 10:46:00,0,1708.24
15948.0,1509.0900000000001,3,852,2010-11-10 12:16:00,2011-10-27 08:35:00,350,503.03000000000003
15949.0,364.72,2,284,2011-09-29 17:34:00,2011-11-23 09:09:00,54,182.36
15950.0,7180.71,10,3384,2010-01-26 11:39:00,2011-09-22 11:17:00,603,718.071
15951.0,1013.1700000000001,3,420,2010-11-23 18:20:00,2011-02-27 11:57:00,95,337.72333333333336
15952.0,806.57,4,399,2011-02-10 12:47:00,2011-06-11 11:18:00,120,201.6425
15953.0,3669.5499999999997,18,1852,2009-03-12 14:00:00,2011-12-05 11:44:00,997,203.86388888888888
15954.0,190.75,1,119,2010-04-29 13:35:00,2010-04-29 13:35:00,0,190.75
15955.0,8658.36,22,4213,2010-02-12 11:22:00,2011-11-15 14:15:00,641,393.5618181818182
15956.0,617.6,2,278,2009-12-13 11:16:00,2010-06-06 13:06:00,175,308.8
15957.0,930.1,3,458,2010-10-15 12:11:00,2011-08-11 12:14:00,300,310.03333333333336
15958.0,492.99,4,164,2010-01-11 12:22:00,2011-09-26 13:41:00,623,123.2475
15959.0,579.49,3,282,2010-01-26 16:19:00,2010-01-26 16:38:00,0,193.16333333333333
15960.0,410.95,4,258,2010-09-30 15:50:00,2010-11-30 15:57:00,61,102.7375
15961.0,451.28999999999996,1,154,2010-11-25 15:59:00,2010-11-25 15:59:00,0,451.28999999999996
15962.0,295.83,1,235,2010-09-16 13:48:00,2010-09-16 13:48:00,0,295.83
15963.0,470.76,2,298,2011-10-25 13:05:00,2011-11-20 11:33:00,25,235.38
15964.0,272.96000000000004,1,94,2010-02-14 15:30:00,2010-02-14 15:30:00,0,272.96000000000004
15965.0,3013.09,13,1433,2009-03-12 11:45:00,2011-11-22 16:44:00,985,231.77615384615385
15966.0,426.53,1,275,2010-09-15 10:44:00,2010-09-15 10:44:00,0,426.53
15967.0,3041.6,12,1204,2009-01-12 13:29:00,2011-11-16 15:41:00,1038,253.46666666666667
15968.0,418.05,1,253,2010-11-16 13:04:00,2010-11-16 13:04:00,0,418.05
15969.0,992.05,4,191,2010-05-07 13:10:00,2011-10-21 08:24:00,531,248.0125
15970.0,1017.3199999999999,2,498,2010-04-20 11:30:00,2011-09-02 12:08:00,500,508.65999999999997
15971.0,5902.83,18,2251,2009-08-12 09:46:00,2011-12-09 10:47:00,849,327.935
15972.0,1810.27,5,480,2010-04-18 14:06:00,2010-09-09 13:20:00,143,362.054
15973.0,988.44,3,301,2010-06-10 15:00:00,2010-08-12 11:42:00,62,329.48
15974.0,3442.15,7,2262,2011-02-24 10:10:00,2011-12-05 11:10:00,284,491.7357142857143
15975.0,371.01,1,243,2011-09-16 13:33:00,2011-09-16 13:33:00,0,371.01
15976.0,1746.64,6,1078,2010-04-07 13:59:00,2011-06-27 13:00:00,445,291.1066666666667
15977.0,1054.73,2,1016,2011-10-31 16:24:00,2011-11-22 13:29:00,21,527.365
15978.0,3279.42,3,2444,2010-03-10 14:08:00,2011-09-23 15:21:00,562,1093.14
15979.0,329.21999999999997,1,450,2010-04-16 11:35:00,2010-04-16 11:35:00,0,329.21999999999997
15980.0,6593.68,7,4862,2010-01-06 14:40:00,2011-12-09 09:41:00,701,941.9542857142858
15981.0,9362.77,21,4827,2010-03-11 09:51:00,2011-12-04 09:49:00,632,445.8461904761905
15982.0,324.51,1,131,2010-04-13 15:47:00,2010-04-13 15:47:00,0,324.51
15983.0,3958.82,8,2450,2009-06-12 12:52:00,2011-11-17 17:34:00,888,494.8525
15984.0,8013.61,28,5345,2009-01-12 13:38:00,2011-09-29 19:30:00,990,286.2003571428571
15985.0,2715.28,7,2750,2010-05-27 15:51:00,2011-08-08 16:31:00,438,387.8971428571429
15986.0,354.42,2,368,2010-11-23 10:02:00,2011-09-11 15:17:00,292,177.21
15987.0,1682.13,8,1715,2010-06-12 08:34:00,2011-11-27 15:38:00,533,210.26625
15988.0,770.09,3,486,2010-02-21 11:36:00,2011-11-20 13:23:00,637,256.69666666666666
15989.0,372.51,2,171,2009-02-12 15:51:00,2010-11-29 12:03:00,654,186.255
15990.0,2010.05,7,1090,2010-02-08 12:42:00,2011-10-26 15:58:00,625,287.15
15991.0,150.55,1,41,2010-06-23 15:50:00,2010-06-23 15:50:00,0,150.55
15992.0,854.61,2,497,2010-08-11 14:51:00,2010-12-09 11:52:00,119,427.305
15993.0,2797.57,7,2051,2011-01-12 10:44:00,2011-11-23 12:45:00,315,399.65285714285716
15994.0,1202.18,3,469,2010-03-14 11:55:00,2011-10-16 12:28:00,581,400.7266666666667
15995.0,696.19,1,353,2010-10-21 13:57:00,2010-10-21 13:57:00,0,696.19
15996.0,1686.9,7,747,2010-07-11 15:49:00,2011-12-09 15:14:00,515,240.9857142857143
15998.0,8308.34,16,5372,2009-01-12 11:45:00,2011-09-13 15:37:00,974,519.27125
15999.0,20.4,1,24,2009-04-12 12:31:00,2009-04-12 12:31:00,0,20.4
16001.0,583.39,1,337,2010-11-23 17:10:00,2010-11-23 17:10:00,0,583.39
16002.0,169.21,1,70,2010-03-24 13:08:00,2010-03-24 13:08:00,0,169.21
16003.0,5613.83,10,2210,2009-03-12 18:51:00,2011-10-11 09:57:00,942,561.383
16004.0,2146.39,5,1076,2010-01-25 13:56:00,2010-08-22 11:48:00,208,429.27799999999996
16005.0,2436.22,10,1310,2010-02-11 11:33:00,2011-11-27 13:47:00,654,243.62199999999999
16006.0,347.17,2,211,2010-11-17 12:03:00,2011-12-05 13:12:00,383,173.585
16007.0,3075.14,7,2643,2010-06-14 13:18:00,2011-12-06 12:01:00,539,439.30571428571426
16008.0,5384.13,15,3273,2010-03-19 11:07:00,2011-11-16 10:32:00,606,358.942
16009.0,992.71,4,378,2011-03-07 11:26:00,2011-11-17 16:51:00,255,248.1775
16010.0,1724.06,11,931,2010-10-24 10:54:00,2011-08-04 10:14:00,283,156.73272727272726
16011.0,5880.46,29,3471,2009-01-12 12:02:00,2011-12-08 14:12:00,1060,202.77448275862068
16012.0,2989.79,5,1766,2010-03-11 13:47:00,2011-07-07 18:02:00,483,597.958
16013.0,56655.4,83,25760,2009-08-12 10:24:00,2011-12-08 12:18:00,848,682.5951807228915
16014.0,1130.27,5,478,2010-01-31 12:43:00,2011-10-07 16:29:00,614,226.054
16015.0,502.28999999999996,2,633,2011-10-21 12:56:00,2011-11-13 11:55:00,22,251.14499999999998
16016.0,2393.34,10,983,2010-02-11 13:27:00,2011-11-24 19:07:00,651,239.334
16017.0,1553.83,5,640,2010-01-17 12:17:00,2011-10-23 12:56:00,644,310.76599999999996
16018.0,698.13,4,503,2009-07-12 13:57:00,2011-12-06 13:52:00,876,174.5325
16019.0,17465.85,27,6976,2009-12-14 14:12:00,2011-10-24 11:51:00,678,646.8833333333333
16020.0,851.01,3,487,2011-05-10 13:54:00,2011-11-23 11:18:00,196,283.67
16021.0,532.25,2,297,2010-06-13 11:05:00,2010-09-11 14:48:00,90,266.125
16022.0,628.28,1,261,2011-03-24 13:16:00,2011-03-24 13:16:00,0,628.28
16023.0,719.81,3,358,2011-03-18 13:32:00,2011-10-24 16:34:00,220,239.93666666666664
16024.0,484.2,3,505,2010-10-24 11:40:00,2011-11-27 13:26:00,399,161.4
16025.0,439.65999999999997,1,338,2011-10-11 11:45:00,2011-10-11 11:45:00,0,439.65999999999997
16026.0,236.09,1,243,2011-10-27 13:53:00,2011-10-27 13:53:00,0,236.09
16027.0,2048.36,15,2099,2010-01-19 12:53:00,2011-10-02 12:19:00,620,136.55733333333333
16028.0,82.2,1,18,2010-04-23 11:45:00,2010-04-23 11:45:00,0,82.2
16029.0,122209.14,107,56486,2009-08-12 11:23:00,2011-11-10 11:15:00,819,1142.1414953271028
16030.0,331.24,1,283,2011-03-02 11:28:00,2011-03-02 11:28:00,0,331.24
16031.0,548.94,2,423,2011-06-04 14:23:00,2011-08-09 13:07:00,65,274.47
16032.0,1970.45,6,1480,2010-04-07 13:31:00,2010-09-09 18:00:00,155,328.40833333333336
16033.0,10836.13,27,4288,2010-02-11 13:56:00,2011-12-05 12:01:00,661,401.3381481481481
16034.0,928.72,6,597,2010-10-11 11:32:00,2011-11-01 11:54:00,386,154.78666666666666
16035.0,217.73,1,33,2010-05-28 15:09:00,2010-05-28 15:09:00,0,217.73
16036.0,2556.84,4,1369,2010-03-29 14:47:00,2011-09-13 14:53:00,533,639.21
16037.0,1509.3400000000001,5,766,2010-01-03 12:31:00,2011-08-02 12:14:00,575,301.86800000000005
16038.0,471.78,3,244,2011-02-12 12:40:00,2011-06-15 13:50:00,123,157.26
16039.0,456.4,2,409,2010-03-21 15:17:00,2010-12-10 10:44:00,263,228.2
16040.0,2416.9,7,1185,2010-05-10 11:09:00,2011-07-14 16:12:00,430,345.2714285714286
16041.0,3166.4,3,1584,2011-07-21 16:27:00,2011-09-11 12:25:00,51,1055.4666666666667
16042.0,2265.12,8,1442,2010-11-25 18:14:00,2011-11-17 17:50:00,356,283.14
16043.0,1856.5900000000001,8,1011,2010-08-15 11:26:00,2011-12-05 13:43:00,477,232.07375000000002
16044.0,340.84000000000003,1,170,2010-09-30 18:12:00,2010-09-30 18:12:00,0,340.84000000000003
16045.0,3434.93,8,2108,2010-07-29 12:50:00,2011-12-08 12:41:00,496,429.36625
16046.0,235.78,1,248,2010-05-26 13:18:00,2010-05-26 13:18:00,0,235.78
16047.0,107.14,1,1,2010-01-26 16:34:00,2010-01-26 16:34:00,0,107.14
16048.0,1075.23,4,569,2010-01-12 15:27:00,2010-08-06 12:36:00,205,268.8075
16049.0,1899.68,6,1165,2010-11-07 13:53:00,2011-10-30 13:19:00,356,316.61333333333334
16050.0,300.7,3,388,2010-03-11 15:55:00,2011-06-19 11:44:00,464,100.23333333333333
16051.0,188.44,1,80,2010-01-27 09:38:00,2010-01-27 09:38:00,0,188.44
16052.0,362.06,1,282,2011-10-16 15:13:00,2011-10-16 15:13:00,0,362.06
16053.0,3634.84,6,3067,2010-08-04 11:11:00,2011-09-08 14:57:00,400,605.8066666666667
16054.0,2111.88,4,791,2010-01-04 18:37:00,2011-07-17 13:08:00,558,527.97
16055.0,134.8,1,22,2011-03-05 09:26:00,2011-03-05 09:26:00,0,134.8
16056.0,664.85,1,347,2011-10-25 15:19:00,2011-10-25 15:19:00,0,664.85
16057.0,3854.85,10,1691,2010-02-22 11:13:00,2011-12-05 13:10:00,651,385.485
16058.0,62.7,1,18,2010-10-29 16:48:00,2010-10-29 16:48:00,0,62.7
16059.0,3217.77,12,1509,2010-05-19 13:04:00,2011-09-29 11:35:00,497,268.1475
16060.0,541.95,3,243,2010-02-08 15:26:00,2010-05-10 10:08:00,90,180.65
16061.0,89.65,1,19,2010-04-10 15:29:00,2010-04-10 15:29:00,0,89.65
16062.0,2863.45,8,2035,2010-05-10 11:32:00,2011-12-04 15:08:00,573,357.93125
16063.0,335.32,1,262,2011-03-24 14:55:00,2011-03-24 14:56:00,0,335.32
16064.0,111.0,1,56,2009-12-14 16:11:00,2009-12-14 16:11:00,0,111.0
16065.0,2382.62,8,1447,2010-02-09 13:27:00,2010-11-24 13:55:00,288,297.8275
16066.0,1521.87,5,936,2011-07-08 14:33:00,2011-11-23 11:54:00,137,304.37399999999997
16067.0,3395.29,3,1279,2010-02-02 18:01:00,2010-05-26 12:33:00,112,1131.7633333333333
16068.0,122.93,1,52,2010-04-25 11:52:00,2010-04-25 11:52:00,0,122.93
16069.0,457.7,1,138,2010-10-18 10:32:00,2010-10-18 10:32:00,0,457.7
16070.0,852.15,2,457,2011-07-11 16:36:00,2011-11-17 15:50:00,128,426.075
16071.0,1076.8,4,697,2010-02-22 14:48:00,2011-10-26 11:14:00,610,269.2
16072.0,4328.89,4,1611,2010-07-10 15:33:00,2011-02-24 14:32:00,228,1082.2225
16073.0,122.4,1,48,2011-02-15 15:41:00,2011-02-15 15:41:00,0,122.4
16074.0,265.25,1,39,2010-11-14 13:19:00,2010-11-14 13:19:00,0,265.25
16075.0,736.9300000000001,2,271,2010-05-24 15:57:00,2010-07-25 11:31:00,61,368.46500000000003
16076.0,2073.75,9,1353,2011-05-15 12:31:00,2011-11-17 17:16:00,186,230.41666666666666
16077.0,2300.4,1,840,2010-03-24 10:42:00,2010-03-24 10:42:00,0,2300.4
16078.0,362.99,2,200,2010-08-02 13:29:00,2011-01-03 09:47:00,153,181.495
16079.0,1352.0,3,864,2011-10-30 13:06:00,2011-11-23 12:48:00,23,450.6666666666667
16080.0,602.5600000000001,4,298,2010-09-15 14:19:00,2011-10-03 14:44:00,383,150.64000000000001
16081.0,4460.18,8,2244,2010-03-02 12:46:00,2011-10-14 13:06:00,591,557.5225
16082.0,106.75,1,39,2010-07-02 15:16:00,2010-07-02 15:16:00,0,106.75
16083.0,2351.42,4,1514,2010-11-16 11:53:00,2011-08-31 10:47:00,287,587.855
16084.0,436.18,1,216,2011-02-13 16:05:00,2011-02-13 16:05:00,0,436.18
16085.0,2343.53,12,1384,2010-01-20 14:03:00,2011-12-10 17:19:00,689,195.29416666666668
16086.0,2864.9900000000002,10,1526,2009-02-12 13:20:00,2011-11-10 13:09:00,1000,286.499
16087.0,1739.92,5,664,2010-01-02 12:03:00,2010-11-15 16:44:00,317,347.98400000000004
16088.0,1437.43,2,373,2010-04-27 10:56:00,2010-05-13 10:16:00,15,718.715
16089.0,271.44,2,122,2010-07-18 15:51:00,2010-11-18 13:51:00,122,135.72
16090.0,205.91,1,65,2010-03-25 13:05:00,2010-03-25 13:05:00,0,205.91
16091.0,315.06,2,154,2011-05-25 09:18:00,2011-08-07 08:45:00,73,157.53
16092.0,1587.94,6,1188,2010-07-23 11:30:00,2011-08-17 10:46:00,389,264.6566666666667
16093.0,17.0,1,20,2011-08-25 11:09:00,2011-08-25 11:09:00,0,17.0
16094.0,3695.56,11,2020,2010-04-16 14:00:00,2011-11-28 12:45:00,590,335.96
16095.0,447.05,1,265,2010-09-09 16:54:00,2010-09-09 16:54:00,0,447.05
16096.0,1584.97,4,700,2010-04-03 15:44:00,2011-03-20 13:38:00,350,396.2425
16097.0,185.04999999999998,1,87,2011-04-13 13:47:00,2011-04-13 13:47:00,0,185.04999999999998
16098.0,4448.1,14,2150,2009-12-15 09:40:00,2011-09-13 09:59:00,637,317.7214285714286
16099.0,1573.2,7,960,2010-03-03 11:13:00,2011-10-20 13:13:00,596,224.74285714285716
16100.0,582.64,1,438,2010-03-09 11:39:00,2010-03-09 11:39:00,0,582.64
16101.0,3229.16,4,1844,2010-01-10 10:45:00,2011-09-30 10:18:00,627,807.29
16102.0,1842.14,3,942,2011-02-09 11:54:00,2011-10-28 13:19:00,261,614.0466666666667
16103.0,6191.71,22,2639,2010-01-11 12:15:00,2011-09-21 11:55:00,617,281.44136363636363
16104.0,2778.61,9,1048,2009-06-12 10:41:00,2011-09-10 10:23:00,819,308.7344444444445
16105.0,2386.19,5,2125,2010-04-14 13:27:00,2011-05-04 10:13:00,384,477.238
16106.0,108.38,1,74,2011-05-10 10:37:00,2011-05-10 10:37:00,0,108.38
16107.0,3204.1600000000003,7,1176,2011-07-22 12:41:00,2011-11-22 09:40:00,122,457.7371428571429
16108.0,2235.92,4,1473,2010-01-10 15:10:00,2011-09-16 11:48:00,613,558.98
16109.0,939.48,3,1092,2010-10-01 10:37:00,2011-05-05 09:17:00,215,313.16
16110.0,1819.27,4,902,2010-05-07 13:04:00,2011-10-25 14:35:00,536,454.8175
16111.0,562.48,1,236,2010-07-10 19:51:00,2010-07-10 19:51:00,0,562.48
16112.0,195.74,4,574,2011-05-01 11:47:00,2011-10-01 16:29:00,153,48.935
16113.0,161.38,1,176,2011-09-06 16:16:00,2011-09-06 16:16:00,0,161.38
16114.0,135.75000000000003,1,43,2011-06-22 10:13:00,2011-06-22 10:13:00,0,135.75000000000003
16115.0,2575.14,12,1601,2010-05-14 11:59:00,2011-12-06 13:00:00,571,214.595
16116.0,612.78,1,248,2011-12-05 12:01:00,2011-12-05 12:01:00,0,612.78
16117.0,654.4,3,321,2010-02-11 12:02:00,2011-03-06 11:42:00,387,218.13333333333333
16118.0,4376.25,1,2851,2010-02-25 09:40:00,2010-02-25 09:40:00,0,4376.25
16119.0,1720.81,8,811,2009-12-16 11:56:00,2011-09-28 10:15:00,650,215.10125
16120.0,3056.91,6,2205,2010-10-13 15:07:00,2011-11-10 14:22:00,392,509.48499999999996
16121.0,1477.09,5,897,2010-05-23 10:52:00,2011-10-13 12:59:00,508,295.418
16122.0,1001.34,6,1398,2010-08-12 11:41:00,2011-11-01 10:19:00,445,166.89000000000001
16123.0,307.78000000000003,1,170,2011-10-19 09:18:00,2011-10-19 09:18:00,0,307.78000000000003
16124.0,1772.49,4,797,2009-07-12 10:33:00,2011-01-26 14:45:00,563,443.1225
16125.0,4587.65,14,1944,2009-12-14 15:38:00,2010-11-24 10:30:00,344,327.6892857142857
16126.0,14646.800000000001,15,6142,2009-02-12 13:34:00,2011-10-11 16:03:00,971,976.4533333333334
16127.0,801.3100000000001,2,391,2009-12-13 12:19:00,2011-10-31 13:58:00,687,400.65500000000003
16128.0,3801.05,11,2445,2010-04-11 18:48:00,2011-11-22 11:14:00,589,345.55
16129.0,1396.05,3,1261,2010-05-10 15:15:00,2010-10-28 14:29:00,170,465.34999999999997
16130.0,987.48,4,296,2010-01-04 13:58:00,2010-10-13 15:14:00,282,246.87
16131.0,9957.42,12,4768,2009-02-12 10:09:00,2011-10-19 11:53:00,979,829.785
16132.0,664.1999999999999,2,280,2010-03-22 10:25:00,2010-06-13 13:49:00,83,332.09999999999997
16133.0,22683.04,55,13027,2010-02-09 16:33:00,2011-11-23 09:02:00,651,412.4189090909091
16134.0,2145.34,5,1637,2010-06-17 09:48:00,2011-11-18 10:05:00,519,429.06800000000004
16135.0,819.45,2,395,2010-05-05 09:35:00,2011-03-22 12:30:00,321,409.725
16136.0,946.8000000000001,4,674,2010-02-14 12:49:00,2011-11-10 09:10:00,633,236.70000000000002
16137.0,422.7,1,210,2010-01-28 15:04:00,2010-01-28 15:04:00,0,422.7
16138.0,910.35,3,774,2010-04-28 09:51:00,2010-11-26 12:13:00,212,303.45
16139.0,1111.15,5,602,2009-03-12 13:51:00,2011-11-21 08:37:00,983,222.23000000000002
16140.0,1557.6000000000001,3,1376,2010-03-12 14:40:00,2011-05-10 12:15:00,423,519.2
16141.0,955.94,2,410,2010-10-18 14:12:00,2011-12-09 13:11:00,416,477.97
16142.0,535.34,1,422,2011-04-04 10:16:00,2011-04-04 10:16:00,0,535.34
16143.0,4435.25,11,1807,2009-10-12 09:44:00,2011-11-05 08:32:00,753,403.20454545454544
16144.0,175.2,1,16,2011-07-04 10:09:00,2011-07-04 10:09:00,0,175.2
16145.0,6805.4400000000005,19,5270,2010-02-09 11:54:00,2011-12-07 10:54:00,665,358.18105263157895
16146.0,946.38,4,544,2010-09-17 10:46:00,2011-05-20 08:39:00,244,236.595
16147.0,2398.91,5,1395,2010-04-11 14:56:00,2011-07-29 09:57:00,473,479.782
16148.0,386.62,2,250,2010-09-29 10:12:00,2011-02-16 14:01:00,140,193.31
16149.0,305.38,2,458,2010-06-10 15:54:00,2011-07-20 14:54:00,404,152.69
16150.0,4395.59,10,2164,2009-12-17 15:33:00,2011-12-09 09:43:00,721,439.559
16152.0,1829.04,1,642,2011-03-16 09:47:00,2011-03-16 09:47:00,0,1829.04
16153.0,5133.49,11,3693,2010-05-26 12:41:00,2011-10-21 10:50:00,512,466.6809090909091
16155.0,796.9,5,495,2010-06-18 11:23:00,2010-11-23 12:03:00,158,159.38
16156.0,6218.18,20,3240,2009-02-12 17:06:00,2011-11-15 17:14:00,1006,310.909
16157.0,656.69,3,347,2011-09-28 11:48:00,2011-11-24 11:41:00,56,218.89666666666668
16158.0,628.32,9,182,2009-05-12 15:00:00,2010-06-13 12:34:00,396,69.81333333333333
16159.0,1232.79,4,635,2009-03-12 11:51:00,2011-03-03 12:27:00,721,308.1975
16160.0,1025.44,2,1162,2011-05-10 14:19:00,2011-09-15 10:53:00,127,512.72
16161.0,12513.29,42,6288,2010-01-11 11:32:00,2011-11-25 12:17:00,683,297.9354761904762
16162.0,37.4,1,4,2011-01-04 15:03:00,2011-01-04 15:03:00,0,37.4
16163.0,2849.58,6,768,2009-02-12 10:00:00,2011-04-21 15:15:00,798,474.93
16164.0,822.48,3,433,2011-10-28 09:12:00,2011-11-22 15:04:00,25,274.16
16165.0,79.9,1,2,2010-07-22 14:17:00,2010-07-22 14:17:00,0,79.9
16166.0,435.83,2,173,2010-01-17 14:16:00,2010-07-10 15:44:00,174,217.915
16167.0,1386.12,5,1494,2009-01-12 10:46:00,2010-10-21 15:33:00,647,277.224
16168.0,10636.47,66,5099,2009-03-12 12:38:00,2011-12-07 15:15:00,1000,161.15863636363636
16169.0,1822.97,4,1325,2011-01-12 15:28:00,2011-10-31 12:21:00,291,455.7425
16170.0,6869.0,20,6056,2010-02-18 13:50:00,2011-10-20 08:21:00,608,343.45
16171.0,73.19999999999999,1,24,2011-11-10 14:51:00,2011-11-10 14:51:00,0,73.19999999999999
16172.0,1884.55,8,1419,2010-07-14 15:34:00,2011-12-04 12:02:00,507,235.56875
16173.0,1418.32,6,575,2011-01-11 13:39:00,2011-11-24 10:53:00,316,236.38666666666666
16174.0,2246.75,7,1431,2010-04-15 15:12:00,2011-11-07 09:23:00,570,320.9642857142857
16175.0,1836.44,7,932,2010-05-25 12:01:00,2011-06-23 18:59:00,394,262.34857142857146
16176.0,2052.69,4,952,2010-03-29 14:52:00,2010-10-14 13:54:00,198,513.1725
16177.0,2247.31,8,1021,2010-02-03 14:03:00,2011-10-20 12:57:00,623,280.91375
16178.0,612.6,2,304,2010-03-11 14:46:00,2011-07-24 16:05:00,500,306.3
16179.0,215.83,1,99,2011-10-10 09:41:00,2011-10-10 09:41:00,0,215.83
16180.0,16249.87,13,9813,2010-06-23 13:19:00,2011-08-31 16:28:00,434,1249.99
16181.0,305.54,1,152,2011-09-27 13:38:00,2011-09-27 13:38:00,0,305.54
16182.0,9971.65,9,5887,2010-04-28 10:29:00,2011-09-28 13:23:00,518,1107.961111111111
16183.0,1077.81,4,351,2010-03-11 13:14:00,2011-03-10 14:59:00,364,269.4525
16184.0,1158.79,6,561,2011-06-10 17:43:00,2011-12-05 13:33:00,177,193.13166666666666
16185.0,644.72,3,321,2010-05-24 11:04:00,2011-11-23 09:41:00,547,214.90666666666667
16186.0,9026.11,26,6825,2009-09-12 15:36:00,2011-12-05 13:54:00,813,347.1580769230769
16187.0,6911.4400000000005,15,5048,2011-01-09 09:19:00,2011-10-19 09:59:00,283,460.7626666666667
16188.0,1087.66,5,838,2010-10-27 11:50:00,2011-11-04 09:44:00,372,217.532
16189.0,215.48,2,134,2011-09-15 15:21:00,2011-11-24 11:47:00,69,107.74
16190.0,2723.55,8,1231,2009-12-14 11:59:00,2011-10-30 15:59:00,685,340.44375
16191.0,15443.36,23,9183,2009-11-12 12:24:00,2011-11-28 09:08:00,745,671.4504347826087
16192.0,351.3,1,208,2009-04-12 12:28:00,2009-04-12 12:28:00,0,351.3
16193.0,630.4300000000001,2,379,2010-10-25 10:25:00,2011-04-17 11:45:00,174,315.21500000000003
16194.0,308.6,1,140,2010-11-29 13:28:00,2010-11-29 13:28:00,0,308.6
16195.0,323.25,1,123,2009-12-16 14:09:00,2009-12-16 14:09:00,0,323.25
16196.0,93.3,1,26,2010-08-08 11:40:00,2010-08-08 11:40:00,0,93.3
16197.0,2016.71,9,1420,2009-12-16 11:44:00,2010-08-27 12:56:00,254,224.07888888888888
16198.0,1030.0410000000002,2,384,2010-09-28 13:59:00,2011-09-25 14:58:00,362,515.0205000000001
16199.0,942.75,7,321,2010-03-18 18:47:00,2010-12-11 12:55:00,267,134.67857142857142
16200.0,5113.4,11,2797,2009-02-12 15:04:00,2011-06-28 15:47:00,866,464.8545454545454
16201.0,1602.72,4,1085,2010-10-20 12:00:00,2011-11-18 17:20:00,394,400.68
16202.0,2501.9900000000002,9,1307,2009-02-12 10:48:00,2010-12-14 10:43:00,669,277.9988888888889
16203.0,1114.54,6,607,2010-02-12 15:39:00,2011-12-10 12:31:00,665,185.75666666666666
16204.0,944.24,3,686,2009-08-12 17:44:00,2011-11-16 13:40:00,825,314.74666666666667
16205.0,1830.61,7,1455,2010-04-10 12:46:00,2011-09-11 09:32:00,518,261.5157142857143
16206.0,2602.32,13,1384,2010-01-24 15:25:00,2011-10-16 10:41:00,629,200.17846153846156
16207.0,394.38,1,140,2011-11-14 13:51:00,2011-11-14 13:51:00,0,394.38
16208.0,3440.4500000000003,10,1541,2010-02-24 14:24:00,2011-10-26 11:36:00,608,344.045
16209.0,4146.78,9,1895,2010-06-15 12:05:00,2011-12-09 11:58:00,541,460.75333333333333
16210.0,34890.11,34,13207,2009-02-12 12:54:00,2011-11-30 10:54:00,1020,1026.179705882353
16211.0,1090.59,3,519,2010-09-27 15:24:00,2011-12-09 12:11:00,437,363.53
16212.0,1293.71,4,571,2010-03-31 12:16:00,2011-11-20 13:00:00,599,323.4275
16213.0,159.0,1,48,2011-09-22 10:03:00,2011-09-22 10:03:00,0,159.0
16214.0,2038.25,4,1308,2010-09-30 13:57:00,2011-06-22 11:30:00,264,509.5625
16215.0,242.35,1,104,2011-09-20 10:18:00,2011-09-20 10:18:00,0,242.35
16216.0,914.9300000000001,1,254,2011-03-17 15:34:00,2011-03-17 15:34:00,0,914.9300000000001
16217.0,304.25,2,91,2011-02-03 15:28:00,2011-04-18 13:31:00,73,152.125
16218.0,4439.97,13,3237,2010-01-12 11:29:00,2011-10-11 09:59:00,636,341.53615384615387
16219.0,40.8,1,48,2010-07-27 11:44:00,2010-07-27 11:44:00,0,40.8
16221.0,2235.5099999999998,9,1515,2010-07-09 14:04:00,2011-09-03 10:51:00,420,248.39
16222.0,1345.22,2,503,2009-12-18 14:31:00,2011-01-25 13:38:00,402,672.61
16223.0,1102.3500000000001,2,651,2010-09-11 12:07:00,2010-11-30 11:50:00,79,551.1750000000001
16224.0,1616.54,5,1555,2010-11-17 13:14:00,2011-10-13 17:51:00,330,323.308
16225.0,2867.41,15,1285,2010-02-09 16:47:00,2011-10-26 08:30:00,623,191.16066666666666
16226.0,672.17,5,521,2010-10-22 11:19:00,2011-05-20 14:41:00,210,134.434
16227.0,1027.22,3,436,2010-02-08 14:16:00,2011-04-28 13:33:00,443,342.4066666666667
16228.0,890.81,3,561,2010-04-11 18:54:00,2010-11-19 14:20:00,221,296.93666666666667
16229.0,2867.86,6,1292,2010-05-24 12:59:00,2011-11-05 10:18:00,529,477.9766666666667
16230.0,542.03,2,365,2011-03-05 15:12:00,2011-03-06 10:06:00,0,271.015
16231.0,1078.22,4,564,2010-04-21 12:06:00,2010-11-25 15:00:00,218,269.555
16232.0,2712.97,7,1849,2010-07-06 14:04:00,2011-10-27 12:16:00,477,387.5671428571428
16233.0,1965.71,9,689,2009-02-12 13:23:00,2011-09-29 17:27:00,959,218.41222222222223
16234.0,333.18,3,170,2010-05-27 10:39:00,2010-08-20 14:33:00,85,111.06
16235.0,2053.71,9,788,2010-03-09 13:06:00,2011-11-01 15:42:00,602,228.19
16236.0,432.2,1,184,2011-09-22 14:10:00,2011-09-22 14:10:00,0,432.2
16237.0,136.65,1,57,2010-09-28 17:02:00,2010-09-28 17:02:00,0,136.65
16238.0,63.66,1,85,2010-10-13 12:36:00,2010-10-13 12:36:00,0,63.66
16239.0,1492.2,6,692,2010-02-09 19:17:00,2011-10-14 08:29:00,611,248.70000000000002
16240.0,3718.8,2,1641,2011-09-23 13:44:00,2011-11-15 14:30:00,53,1859.4
16241.0,4329.31,16,2377,2010-05-12 11:04:00,2011-12-10 12:19:00,577,270.581875
16242.0,7474.400000000001,14,3955,2010-03-15 16:02:00,2011-11-21 14:26:00,615,533.8857142857144
16243.0,409.1,2,110,2011-06-11 12:32:00,2011-10-16 12:09:00,126,204.55
16244.0,2579.38,2,1474,2010-02-12 11:41:00,2011-12-05 10:18:00,660,1289.69
16245.0,1413.66,3,1014,2011-03-28 09:30:00,2011-11-16 10:14:00,233,471.22
16246.0,827.25,2,338,2010-06-09 12:04:00,2010-08-02 12:32:00,54,413.625
16247.0,114.56,1,182,2011-06-22 14:23:00,2011-06-22 14:23:00,0,114.56
16248.0,152.94,1,78,2011-09-10 11:32:00,2011-09-10 11:32:00,0,152.94
16249.0,1800.07,5,950,2011-04-14 13:50:00,2011-10-18 10:07:00,186,360.014
16250.0,791.38,3,376,2010-01-12 09:59:00,2011-03-23 15:07:00,435,263.79333333333335
16251.0,128.31,1,44,2010-07-15 14:55:00,2010-07-15 14:55:00,0,128.31
16252.0,295.09000000000003,1,158,2010-11-22 11:57:00,2010-11-22 11:57:00,0,295.09000000000003
16253.0,7310.15,7,6061,2009-08-12 17:24:00,2011-04-10 09:09:00,605,1044.3071428571427
16254.0,985.14,3,549,2010-03-17 15:43:00,2010-11-26 13:22:00,253,328.38
16255.0,4906.8,15,3050,2010-01-24 12:21:00,2011-11-23 12:40:00,668,327.12
16256.0,1629.37,3,1590,2010-03-08 08:58:00,2011-03-18 12:18:00,375,543.1233333333333
16257.0,46.95,1,2,2011-06-16 10:11:00,2011-06-16 10:11:00,0,46.95
16258.0,11942.52,15,7200,2010-02-09 08:57:00,2011-10-25 13:30:00,623,796.168
16259.0,361.94,3,162,2010-04-13 16:57:00,2010-10-25 14:27:00,194,120.64666666666666
16260.0,1035.45,1,311,2011-10-20 09:40:00,2011-10-20 09:40:00,0,1035.45
16261.0,1059.45,6,459,2010-09-23 16:40:00,2011-11-22 17:23:00,425,176.57500000000002
16262.0,755.15,1,446,2010-11-26 13:22:00,2010-11-26 13:22:00,0,755.15
16263.0,351.01,1,200,2010-12-10 14:52:00,2010-12-10 14:52:00,0,351.01
16264.0,837.53,2,632,2010-09-19 16:14:00,2010-09-27 15:00:00,7,418.765
16265.0,6935.17,12,3214,2010-05-11 12:09:00,2011-11-30 16:41:00,568,577.9308333333333
16266.0,1757.95,14,791,2010-04-02 16:21:00,2011-09-27 12:08:00,542,125.56785714285715
16267.0,186.66,1,198,2010-04-27 14:10:00,2010-04-27 14:10:00,0,186.66
16268.0,667.65,2,533,2011-09-29 18:30:00,2011-09-29 18:30:00,0,333.825
16269.0,717.57,1,579,2010-09-28 11:50:00,2010-09-28 11:50:00,0,717.57
16270.0,1141.24,1,688,2010-12-21 14:26:00,2010-12-21 14:26:00,0,1141.24
16271.0,3448.02,9,2398,2010-06-06 10:56:00,2011-11-24 12:12:00,536,383.11333333333334
16272.0,411.7,1,224,2011-08-15 10:53:00,2011-08-15 10:54:00,0,411.7
16273.0,336.03999999999996,2,46,2010-01-03 13:24:00,2010-02-21 16:02:00,49,168.01999999999998
16274.0,715.9,1,310,2010-01-12 15:35:00,2010-01-12 15:35:00,0,715.9
16275.0,2151.11,3,1268,2010-08-03 14:41:00,2011-05-27 12:41:00,296,717.0366666666667
16276.0,2629.3900000000003,3,1467,2010-08-17 13:40:00,2011-06-16 09:34:00,302,876.4633333333335
16277.0,188.69,1,33,2009-06-12 11:27:00,2009-06-12 11:27:00,0,188.69
16278.0,1117.84,3,342,2010-07-28 15:40:00,2011-08-31 17:12:00,399,372.6133333333333
16279.0,5705.08,9,3691,2010-03-06 11:44:00,2011-11-18 15:00:00,622,633.8977777777777
16280.0,238.05,1,101,2009-12-14 15:49:00,2009-12-14 15:49:00,0,238.05
16281.0,3424.02,3,1570,2010-01-26 13:41:00,2011-09-28 14:57:00,610,1141.34
16282.0,1307.5800000000002,3,790,2009-12-21 11:52:00,2011-04-01 11:42:00,465,435.86000000000007
16283.0,4403.82,8,2889,2010-02-28 14:12:00,2011-11-08 12:00:00,617,550.4775
16284.0,1029.77,3,683,2010-11-11 13:27:00,2011-10-20 13:54:00,343,343.25666666666666
16285.0,176.9,1,60,2010-03-03 16:03:00,2010-03-03 16:03:00,0,176.9
16286.0,328.95,2,101,2010-03-26 09:58:00,2010-08-19 14:48:00,146,164.475
16287.0,1006.98,5,1426,2010-01-19 09:46:00,2011-06-23 09:08:00,519,201.39600000000002
16288.0,129.85,1,19,2010-08-26 14:45:00,2010-08-26 14:45:00,0,129.85
16289.0,136.31,1,97,2010-03-09 14:02:00,2010-03-09 14:02:00,0,136.31
16290.0,2069.3,4,1001,2010-01-09 11:52:00,2010-08-15 10:30:00,217,517.325
16291.0,117.72,1,1,2010-01-26 16:26:00,2010-01-26 16:26:00,0,117.72
16292.0,1253.76,5,688,2010-01-09 15:08:00,2011-10-08 12:24:00,636,250.752
16293.0,4657.95,15,2022,2009-11-12 09:58:00,2011-11-18 09:58:00,736,310.53
16294.0,126.05000000000001,1,54,2010-08-20 12:01:00,2010-08-20 12:01:00,0,126.05000000000001
16295.0,1328.55,4,841,2011-06-10 10:45:00,2011-12-10 13:17:00,183,332.1375
16296.0,1313.67,4,645,2009-12-18 12:03:00,2010-07-01 18:33:00,195,328.4175
16297.0,301.9,1,206,2011-03-16 08:29:00,2011-03-16 08:29:00,0,301.9
16298.0,1085.7,7,308,2010-07-10 13:22:00,2011-11-17 11:59:00,494,155.1
16299.0,193.65,1,107,2010-08-19 17:46:00,2010-08-19 17:46:00,0,193.65
16300.0,1392.43,3,658,2010-02-02 11:40:00,2010-05-10 13:14:00,97,464.1433333333334
16301.0,107.33,1,41,2009-03-12 10:20:00,2009-03-12 10:20:00,0,107.33
16302.0,233.22,1,158,2011-05-08 09:44:00,2011-05-08 09:44:00,0,233.22
16303.0,7928.27,7,3859,2010-03-18 14:12:00,2011-11-14 10:49:00,605,1132.6100000000001
16304.0,381.66,1,228,2010-01-14 08:30:00,2010-01-14 08:30:00,0,381.66
16305.0,361.22,1,256,2011-07-24 12:18:00,2011-07-24 12:18:00,0,361.22
16306.0,1192.82,7,742,2010-01-10 09:36:00,2011-11-02 10:06:00,661,170.40285714285713
16307.0,1194.92,3,1123,2010-06-10 14:31:00,2010-11-05 14:40:00,148,398.3066666666667
16308.0,5120.0,7,16000,2009-12-15 15:48:00,2011-08-24 10:52:00,616,731.4285714285714
16309.0,706.57,2,467,2011-04-13 11:46:00,2011-08-25 15:35:00,134,353.285
16310.0,460.08,2,270,2010-07-03 15:41:00,2010-10-21 14:47:00,109,230.04
16311.0,616.26,2,394,2011-10-21 13:13:00,2011-11-22 08:54:00,31,308.13
16312.0,171.15,1,53,2010-03-10 14:15:00,2010-03-10 14:15:00,0,171.15
16313.0,167.62,1,66,2011-10-21 09:04:00,2011-10-21 09:04:00,0,167.62
16314.0,1491.4,3,636,2010-07-09 09:31:00,2010-11-15 12:06:00,129,497.1333333333334
16315.0,402.71,2,143,2010-06-21 13:53:00,2011-01-13 11:57:00,205,201.355
16316.0,5744.91,13,3057,2010-01-11 08:56:00,2011-09-03 12:12:00,600,441.91615384615386
16317.0,2192.51,5,1236,2010-04-05 10:17:00,2011-12-08 12:46:00,612,438.50200000000007
16318.0,328.15000000000003,1,199,2011-04-11 13:05:00,2011-04-11 13:05:00,0,328.15000000000003
16319.0,404.40000000000003,1,72,2011-06-05 11:27:00,2011-06-05 11:27:00,0,404.40000000000003
16320.0,5628.99,6,3319,2010-01-27 13:29:00,2011-10-05 15:31:00,616,938.165
16321.0,604.5500000000001,7,259,2009-01-12 10:36:00,2011-09-28 14:55:00,989,86.36428571428573
16322.0,213.08,1,120,2011-03-11 14:33:00,2011-03-11 14:33:00,0,213.08
16323.0,353.66,2,146,2010-11-05 09:48:00,2011-05-27 14:48:00,203,176.83
16324.0,428.68,3,282,2011-03-08 12:54:00,2011-06-15 14:26:00,99,142.89333333333335
16325.0,3597.5,12,2464,2009-04-12 13:21:00,2011-10-24 08:48:00,924,299.7916666666667
16326.0,4826.99,24,1120,2010-01-28 13:23:00,2011-11-24 11:57:00,664,201.12458333333333
16327.0,10731.34,16,8540,2009-12-14 13:06:00,2011-11-25 13:23:00,711,670.70875
16328.0,310.83,1,141,2010-05-25 14:02:00,2010-05-25 14:02:00,0,310.83
16329.0,1703.07,4,826,2009-01-12 11:34:00,2010-09-22 14:05:00,618,425.7675
16330.0,634.33,7,327,2010-02-15 12:36:00,2011-11-22 12:24:00,644,90.61857142857143
16331.0,2037.7,6,756,2010-03-09 15:47:00,2010-07-03 10:55:00,115,339.6166666666667
16332.0,2010.41,11,1132,2010-04-10 13:13:00,2011-11-11 14:22:00,580,182.76454545454547
16333.0,26626.8,22,32184,2011-01-04 12:19:00,2011-08-08 11:56:00,215,1210.3090909090909
16334.0,277.48,1,211,2010-04-08 16:38:00,2010-04-08 16:38:00,0,277.48
16335.0,2774.0,7,1016,2009-04-12 10:18:00,2010-06-06 11:35:00,420,396.2857142857143
16336.0,3517.69,4,1473,2010-03-18 08:05:00,2010-10-15 12:32:00,211,879.4225
16337.0,151.05,1,87,2011-03-11 10:03:00,2011-03-11 10:03:00,0,151.05
16338.0,214.8,1,94,2011-05-07 13:56:00,2011-05-07 13:56:00,0,214.8
16339.0,109.95,1,23,2011-02-28 13:41:00,2011-02-28 13:41:00,0,109.95
16340.0,1526.06,3,1345,2010-06-06 13:26:00,2011-08-24 14:53:00,444,508.68666666666667
16341.0,3850.79,7,3022,2010-09-04 10:30:00,2011-11-15 09:12:00,436,550.1128571428571
16342.0,322.41,4,157,2011-06-13 10:10:00,2011-09-25 14:36:00,104,80.6025
16343.0,687.0699999999999,3,422,2010-10-28 14:15:00,2011-11-23 17:45:00,391,229.0233333333333
16344.0,842.42,4,706,2010-04-22 14:10:00,2011-04-07 15:50:00,350,210.605
16345.0,1198.74,2,620,2010-08-13 17:13:00,2011-10-26 16:03:00,438,599.37
16346.0,224.51,1,289,2010-11-19 15:55:00,2010-11-19 15:55:00,0,224.51
16347.0,3509.41,11,1750,2010-01-04 11:48:00,2011-11-28 13:14:00,693,319.0372727272727
16348.0,1798.22,8,1178,2010-05-10 13:57:00,2011-09-22 14:29:00,500,224.7775
16349.0,53.5,1,9,2011-02-22 12:40:00,2011-02-22 12:40:00,0,53.5
16350.0,2253.89,9,1077,2010-04-11 14:21:00,2011-11-18 15:53:00,586,250.4322222222222
16351.0,3330.03,13,2165,2009-04-12 16:12:00,2011-11-01 10:26:00,932,256.15615384615387
16352.0,494.44,2,300,2011-02-11 08:44:00,2011-11-22 10:32:00,284,247.22
16353.0,9643.06,37,3459,2009-07-12 13:55:00,2011-12-01 10:14:00,871,260.6232432432432
16354.0,1129.51,5,599,2010-04-27 13:33:00,2011-09-27 16:28:00,518,225.902
16355.0,416.35,1,179,2010-11-29 14:21:00,2010-11-29 14:21:00,0,416.35
16356.0,415.87,6,190,2010-06-06 11:26:00,2011-07-03 12:31:00,392,69.31166666666667
16357.0,868.37,4,389,2010-11-23 18:52:00,2011-10-05 10:35:00,315,217.0925
16358.0,2486.4900000000002,4,1633,2010-10-11 11:36:00,2011-09-21 13:48:00,345,621.6225000000001
16359.0,2697.75,16,1764,2010-01-07 14:39:00,2011-12-01 10:49:00,692,168.609375
16360.0,2748.19,5,1647,2011-01-11 12:48:00,2011-12-09 13:50:00,332,549.638
16361.0,896.66,4,421,2011-09-29 13:13:00,2011-11-30 12:32:00,61,224.165
16362.0,946.94,6,478,2010-09-28 09:24:00,2011-11-10 14:21:00,408,157.82333333333335
16363.0,109.36000000000001,1,52,2011-10-17 14:14:00,2011-10-17 14:14:00,0,109.36000000000001
16364.0,707.04,2,280,2011-07-25 14:35:00,2011-11-28 11:27:00,125,353.52
16365.0,3307.2,15,1135,2009-11-12 12:41:00,2011-12-07 17:15:00,755,220.48
16366.0,1548.13,4,882,2009-12-16 10:39:00,2011-11-21 08:19:00,704,387.0325
16367.0,1362.4,3,1117,2010-11-21 13:23:00,2011-02-11 13:13:00,81,454.1333333333334
16368.0,445.26,2,181,2010-09-30 11:30:00,2011-11-11 15:08:00,407,222.63
16369.0,2664.81,7,1594,2010-05-26 15:24:00,2011-11-21 16:25:00,544,380.6871428571429
16370.0,1320.56,4,647,2011-04-28 16:40:00,2011-10-06 11:44:00,160,330.14
16371.0,157.2,1,108,2010-09-17 12:09:00,2010-09-17 12:09:00,0,157.2
16372.0,1328.61,5,748,2010-10-20 15:25:00,2011-06-11 13:08:00,233,265.722
16373.0,309.49,2,119,2010-10-24 13:10:00,2010-11-22 15:50:00,29,154.745
16374.0,1771.45,5,800,2010-02-11 13:27:00,2011-04-10 15:21:00,423,354.29
16375.0,104.0,2,74,2010-08-26 14:12:00,2010-08-26 14:25:00,0,52.0
16376.0,987.01,2,694,2011-01-12 11:38:00,2011-11-22 16:47:00,314,493.505
16377.0,1308.48,2,2928,2010-01-04 10:36:00,2011-03-17 15:41:00,437,654.24
16378.0,362.95,3,267,2011-02-02 12:42:00,2011-06-04 15:07:00,122,120.98333333333333
16379.0,1755.76,3,1184,2011-02-11 14:04:00,2011-11-21 15:27:00,283,585.2533333333333
16380.0,1780.59,1,1524,2011-09-10 15:40:00,2011-09-10 15:40:00,0,1780.59
16381.0,258.7,2,112,2010-09-11 09:56:00,2010-10-17 13:06:00,36,129.35
16382.0,353.1,2,167,2010-07-06 12:42:00,2010-10-27 16:23:00,113,176.55
16383.0,2974.84,7,1620,2010-04-02 13:18:00,2011-09-26 12:45:00,541,424.9771428571429
16384.0,1358.95,4,861,2010-04-28 14:01:00,2011-11-09 11:19:00,559,339.7375
16385.0,1030.61,5,549,2010-03-18 12:45:00,2011-10-10 13:12:00,571,206.12199999999999
16386.0,1102.59,3,723,2010-11-17 11:19:00,2011-11-11 12:28:00,359,367.53
16387.0,918.55,5,457,2010-09-11 09:02:00,2011-01-21 11:34:00,132,183.70999999999998
16388.0,186.05,1,83,2010-02-24 10:20:00,2010-02-24 10:20:00,0,186.05
16389.0,1382.0700000000002,4,1242,2011-01-03 15:47:00,2011-10-17 14:41:00,286,345.51750000000004
16390.0,467.5,3,122,2010-01-29 15:25:00,2010-06-21 10:11:00,142,155.83333333333334
16391.0,1103.61,4,748,2010-04-11 12:27:00,2010-07-30 11:59:00,109,275.9025
16392.0,763.05,3,609,2010-05-27 11:17:00,2011-03-15 12:11:00,292,254.35
16393.0,5254.96,22,2992,2009-01-12 12:13:00,2011-11-28 13:58:00,1050,238.8618181818182
16394.0,1555.34,5,2604,2011-02-23 10:58:00,2011-10-14 09:48:00,232,311.068
16395.0,3537.85,14,2919,2009-06-12 12:26:00,2011-10-10 12:50:00,850,252.70357142857142
16396.0,137.8,1,80,2010-08-20 14:17:00,2010-08-20 14:17:00,0,137.8
16397.0,127.88,1,50,2010-03-21 15:36:00,2010-03-21 15:36:00,0,127.88
16398.0,1705.8,2,758,2011-03-31 09:38:00,2011-08-07 15:16:00,129,852.9
16399.0,641.82,3,456,2010-11-15 15:03:00,2011-11-20 16:12:00,370,213.94000000000003
16400.0,3159.44,9,2159,2009-08-12 12:38:00,2011-06-09 12:27:00,665,351.0488888888889
16401.0,6536.41,22,5581,2010-02-06 13:13:00,2011-11-25 12:57:00,656,297.10954545454547
16402.0,511.4,2,254,2010-05-12 13:42:00,2011-03-20 12:25:00,311,255.7
16403.0,177.5,1,114,2011-01-31 13:39:00,2011-01-31 13:39:00,0,177.5
16404.0,443.05,1,157,2011-09-30 14:55:00,2011-09-30 14:55:00,0,443.05
16405.0,167.25,2,187,2011-02-02 17:08:00,2011-10-02 15:24:00,241,83.625
16406.0,552.68,3,271,2010-02-24 11:51:00,2011-11-21 11:57:00,635,184.22666666666666
16407.0,2821.65,14,1484,2010-03-10 13:56:00,2011-11-27 11:05:00,626,201.54642857142858
16408.0,231.93,1,227,2010-04-27 14:08:00,2010-04-27 14:08:00,0,231.93
16409.0,5709.04,12,3706,2009-12-13 15:38:00,2011-12-07 14:57:00,723,475.75333333333333
16410.0,130.32,1,348,2009-05-12 14:51:00,2009-05-12 14:51:00,0,130.32
16411.0,910.1899999999999,4,543,2010-05-12 13:26:00,2011-11-20 13:23:00,556,227.54749999999999
16412.0,647.23,5,311,2010-04-02 13:46:00,2011-10-17 12:35:00,562,129.446
16413.0,528.98,2,284,2010-11-29 12:49:00,2011-10-14 12:08:00,318,264.49
16414.0,559.71,5,202,2010-01-14 10:21:00,2011-11-18 09:42:00,672,111.94200000000001
16415.0,719.44,3,527,2010-01-02 12:30:00,2011-10-26 13:35:00,662,239.81333333333336
16416.0,2972.88,9,2210,2010-02-23 12:00:00,2011-11-13 12:50:00,628,330.32
16417.0,35.7,1,6,2010-04-08 09:08:00,2010-04-08 09:08:00,0,35.7
16418.0,1101.94,5,580,2010-10-13 12:31:00,2011-10-26 12:39:00,378,220.388
16419.0,1487.42,8,721,2010-09-02 13:26:00,2011-09-03 14:49:00,366,185.9275
16420.0,75.0,1,120,2010-08-11 15:15:00,2010-08-11 15:15:00,0,75.0
16421.0,526.27,3,123,2010-08-27 12:02:00,2010-11-28 13:31:00,93,175.42333333333332
16422.0,63651.47,109,66369,2010-01-11 10:55:00,2011-11-22 14:00:00,680,583.9584403669725
16423.0,346.12,1,230,2011-11-15 09:21:00,2011-11-15 09:21:00,0,346.12
16424.0,443.06,2,212,2010-11-22 11:24:00,2011-01-06 13:40:00,45,221.53
16425.0,302.7,1,199,2011-10-02 14:30:00,2011-10-02 14:30:00,0,302.7
16426.0,1663.23,9,1068,2011-02-12 12:59:00,2011-11-18 13:33:00,279,184.80333333333334
16427.0,241.06,2,156,2011-02-28 15:18:00,2011-03-21 17:10:00,21,120.53
16428.0,660.28,3,595,2010-07-30 12:10:00,2010-10-22 12:22:00,84,220.09333333333333
16429.0,284.55,1,9,2011-08-25 13:54:00,2011-08-25 13:54:00,0,284.55
16430.0,1117.94,7,307,2010-01-27 12:45:00,2011-10-13 14:47:00,624,159.7057142857143
16431.0,642.81,3,453,2011-02-15 14:02:00,2011-10-05 14:09:00,232,214.26999999999998
16432.0,287.40000000000003,1,276,2011-06-10 13:59:00,2011-06-10 13:59:00,0,287.40000000000003
16433.0,384.52,2,214,2010-10-27 12:26:00,2011-11-11 14:09:00,380,192.26
16434.0,2741.74,12,1338,2010-01-04 12:56:00,2011-10-23 12:18:00,656,228.47833333333332
16435.0,1011.5699999999999,3,609,2010-07-13 13:29:00,2010-07-15 18:22:00,2,337.19
16436.0,329.34,3,239,2009-06-12 16:02:00,2010-09-02 13:19:00,446,109.77999999999999
16437.0,301.25,2,197,2010-06-10 12:34:00,2010-11-23 16:59:00,166,150.625
16438.0,798.35,5,463,2011-03-11 19:50:00,2011-11-13 11:39:00,246,159.67000000000002
16439.0,310.70000000000005,1,74,2009-12-17 14:22:00,2009-12-17 14:22:00,0,310.70000000000005
16440.0,3856.97,6,2108,2010-03-08 11:32:00,2011-10-19 11:52:00,590,642.8283333333333
16441.0,1034.43,5,484,2010-03-22 18:00:00,2011-03-10 17:48:00,352,206.88600000000002
16442.0,719.71,4,491,2009-12-13 11:05:00,2011-04-26 11:51:00,499,179.9275
16443.0,162.24,1,96,2010-07-07 11:57:00,2010-07-07 11:57:00,0,162.24
16444.0,3656.58,17,1959,2010-03-24 14:06:00,2011-10-24 13:50:00,578,215.0929411764706
16445.0,602.73,4,299,2010-10-24 12:39:00,2011-06-11 12:32:00,229,150.6825
16446.0,2.9,1,2,2011-05-18 09:52:00,2011-05-18 09:52:00,0,2.9
16447.0,775.14,3,323,2010-02-17 14:09:00,2011-07-27 12:45:00,524,258.38
16448.0,367.87,2,179,2010-08-25 16:58:00,2011-05-25 16:28:00,272,183.935
16449.0,707.69,2,367,2011-04-03 12:15:00,2011-05-26 10:25:00,52,353.845
16450.0,1505.73,3,681,2010-02-21 15:46:00,2011-07-13 11:47:00,506,501.91
16451.0,1013.15,3,524,2009-04-12 15:11:00,2011-09-13 09:17:00,883,337.71666666666664
16452.0,332.17,2,199,2010-01-15 12:22:00,2010-03-19 12:39:00,63,166.085
16453.0,251.71,2,139,2010-06-27 12:46:00,2010-09-06 13:15:00,71,125.855
16454.0,30.950000000000003,4,9,2010-07-04 15:54:00,2011-10-26 11:40:00,478,7.737500000000001
16455.0,4384.37,11,3103,2010-03-12 16:44:00,2011-07-10 12:17:00,484,398.5790909090909
16456.0,6862.91,13,3725,2010-01-12 14:11:00,2011-08-28 12:06:00,592,527.9161538461539
16457.0,208.36,1,140,2011-05-05 13:19:00,2011-05-05 13:19:00,0,208.36
16458.0,5539.84,29,3320,2010-02-08 13:42:00,2011-12-09 14:22:00,669,191.02896551724137
16459.0,71.78999999999999,1,59,2009-10-12 12:42:00,2009-10-12 12:42:00,0,71.78999999999999
16460.0,814.72,3,879,2011-09-19 10:15:00,2011-11-11 13:46:00,53,271.5733333333333
16461.0,1615.22,3,1039,2010-03-03 13:57:00,2011-06-15 12:07:00,468,538.4066666666666
16462.0,136.0,3,16,2011-01-03 08:58:00,2011-09-27 10:24:00,267,45.333333333333336
16463.0,1422.4,4,1163,2011-05-19 14:45:00,2011-11-18 14:01:00,182,355.6
16464.0,1314.68,3,963,2011-07-20 13:53:00,2011-11-20 12:11:00,122,438.2266666666667
16465.0,746.24,2,504,2010-09-21 10:46:00,2010-10-15 09:27:00,23,373.12
16466.0,3838.59,15,1806,2010-06-06 12:27:00,2011-12-06 11:47:00,547,255.906
16467.0,2869.16,7,7384,2009-02-12 11:59:00,2010-07-19 11:49:00,521,409.88
16468.0,787.52,3,371,2010-08-15 13:10:00,2011-09-26 14:13:00,407,262.50666666666666
16469.0,828.91,5,345,2010-07-13 13:17:00,2011-11-16 12:25:00,490,165.78199999999998
16470.0,2458.6,11,1357,2009-11-12 12:21:00,2011-10-19 12:11:00,705,223.5090909090909
16471.0,1189.98,4,670,2010-02-25 10:07:00,2011-10-03 09:41:00,584,297.495
16472.0,789.6,2,252,2010-01-10 13:56:00,2010-04-21 11:48:00,100,394.8
16473.0,470.83,4,296,2010-11-30 16:29:00,2011-07-01 10:55:00,212,117.7075
16474.0,1871.5,7,943,2011-02-12 13:02:00,2011-11-22 14:04:00,283,267.35714285714283
16475.0,544.3,4,319,2011-06-30 15:35:00,2011-12-09 14:37:00,161,136.075
16476.0,350.35,1,187,2010-04-10 10:29:00,2010-04-10 10:29:00,0,350.35
16477.0,4320.02,11,2632,2010-03-12 12:48:00,2011-10-03 13:46:00,570,392.7290909090909
16478.0,331.0,3,224,2011-05-10 12:02:00,2011-11-14 15:51:00,188,110.33333333333333
16479.0,300.83,2,102,2011-11-29 13:04:00,2011-11-29 13:40:00,0,150.415
16480.0,769.29,1,455,2011-09-25 11:40:00,2011-09-25 11:40:00,0,769.29
16481.0,453.38,1,201,2010-01-26 13:09:00,2010-01-26 13:09:00,0,453.38
16482.0,220.62,1,346,2011-11-24 12:33:00,2011-11-24 12:33:00,0,220.62
16483.0,139.35,1,44,2011-05-31 13:08:00,2011-05-31 13:08:00,0,139.35
16484.0,404.3,2,200,2011-02-06 10:39:00,2011-06-19 12:06:00,133,202.15
16485.0,2294.68,5,1154,2009-06-12 12:28:00,2011-09-23 15:50:00,833,458.936
16486.0,134.36,1,24,2010-06-20 12:16:00,2010-06-20 12:16:00,0,134.36
16487.0,209.4,2,163,2010-02-18 17:36:00,2010-11-05 13:38:00,259,104.7
16488.0,498.8,3,728,2011-06-11 13:42:00,2011-08-17 09:05:00,66,166.26666666666668
16489.0,303.7,2,38,2010-09-29 15:02:00,2010-11-24 14:40:00,55,151.85
16490.0,205.41000000000003,1,113,2010-09-29 16:30:00,2010-09-29 16:30:00,0,205.41000000000003
16491.0,1533.16,2,1060,2010-10-22 15:42:00,2011-10-24 10:18:00,366,766.58
16492.0,385.56,1,235,2010-06-17 08:20:00,2010-06-17 08:20:00,0,385.56
16493.0,2132.09,7,1988,2010-03-26 13:05:00,2011-09-21 11:10:00,543,304.5842857142857
16494.0,826.53,1,675,2011-02-16 12:49:00,2011-02-16 12:49:00,0,826.53
16495.0,246.51,2,166,2011-08-03 16:38:00,2011-08-03 16:39:00,0,123.255
16496.0,2330.77,6,1764,2010-04-10 12:34:00,2011-05-16 10:48:00,400,388.46166666666664
16497.0,6695.28,23,3050,2009-03-12 14:11:00,2011-10-21 10:55:00,952,291.0991304347826
16498.0,100.97,2,45,2011-01-07 15:07:00,2011-06-30 19:52:00,174,50.485
16499.0,2578.34,8,1364,2010-06-28 16:07:00,2010-12-14 13:31:00,168,322.2925
16500.0,791.1700000000001,8,368,2010-02-11 11:27:00,2011-11-23 14:18:00,650,98.89625000000001
16501.0,1237.23,1,642,2010-11-21 14:10:00,2010-11-21 14:10:00,0,1237.23
16502.0,266.5,2,251,2010-03-29 13:39:00,2010-03-29 13:44:00,0,133.25
16503.0,3614.34,11,1535,2010-06-07 08:46:00,2011-09-05 15:48:00,455,328.5763636363636
16504.0,484.38,1,524,2011-11-14 15:18:00,2011-11-14 15:18:00,0,484.38
16505.0,777.6,1,576,2011-08-11 12:14:00,2011-08-11 12:14:00,0,777.6
16506.0,90.30000000000001,2,42,2011-10-30 15:50:00,2011-11-20 12:17:00,20,45.150000000000006
16507.0,152.76,1,116,2010-05-16 12:56:00,2010-05-16 12:56:00,0,152.76
16508.0,248.8,1,106,2010-03-19 13:41:00,2010-03-19 13:41:00,0,248.8
16509.0,363.70000000000005,1,64,2011-02-16 09:25:00,2011-02-16 09:25:00,0,363.70000000000005
16510.0,2100.0,6,1076,2010-01-17 12:30:00,2010-08-29 13:58:00,224,350.0
16511.0,1819.02,6,787,2010-01-03 12:21:00,2011-11-18 10:41:00,683,303.17
16513.0,752.79,3,363,2011-01-12 12:55:00,2011-11-20 13:39:00,312,250.92999999999998
16515.0,3216.3,10,1601,2010-04-11 12:34:00,2011-12-07 11:16:00,604,321.63
16516.0,101.69999999999999,1,58,2011-09-11 14:59:00,2011-09-11 14:59:00,0,101.69999999999999
16517.0,162.70000000000002,1,96,2011-07-03 13:50:00,2011-07-03 13:50:00,0,162.70000000000002
16518.0,959.37,4,524,2010-01-06 13:31:00,2011-09-10 15:04:00,612,239.8425
16519.0,556.26,4,176,2010-01-03 13:51:00,2011-11-14 15:41:00,680,139.065
16520.0,2482.62,6,1266,2010-02-03 16:50:00,2011-06-06 13:24:00,487,413.77
16521.0,1148.01,3,1016,2010-01-03 13:22:00,2010-10-20 13:09:00,289,382.67
16522.0,433.36,2,212,2010-09-15 13:32:00,2010-09-30 10:54:00,14,216.68
16523.0,11060.710000000001,26,4491,2010-01-24 13:14:00,2011-11-24 13:53:00,669,425.41192307692313
16524.0,308.14,2,260,2010-01-17 13:16:00,2010-09-19 13:37:00,245,154.07
16525.0,24260.920000000002,47,14346,2009-02-12 13:53:00,2011-12-01 16:52:00,1022,516.1897872340426
16526.0,717.21,2,279,2010-04-05 16:34:00,2011-06-21 12:02:00,441,358.605
16527.0,1272.44,2,726,2010-11-10 13:25:00,2011-09-19 16:21:00,313,636.22
16529.0,2012.0,4,751,2010-06-27 13:29:00,2011-02-06 17:23:00,224,503.0
16530.0,48.35,1,17,2010-09-02 15:30:00,2010-09-02 15:30:00,0,48.35
16531.0,2298.33,11,1863,2010-09-24 09:49:00,2011-11-17 16:29:00,419,208.9390909090909
16532.0,8756.64,5,2544,2010-03-29 10:26:00,2011-11-22 11:08:00,603,1751.328
16533.0,1095.56,3,612,2011-02-10 15:07:00,2011-11-20 13:08:00,282,365.18666666666667
16534.0,635.9,1,168,2010-07-03 15:47:00,2010-07-03 15:47:00,0,635.9
16535.0,407.84,2,329,2010-01-28 15:26:00,2010-11-19 13:01:00,294,203.92
16536.0,548.97,1,251,2011-08-21 15:54:00,2011-08-21 15:54:00,0,548.97
16537.0,23.35,1,59,2010-08-03 13:41:00,2010-08-03 13:41:00,0,23.35
16538.0,399.62,3,257,2010-04-23 16:25:00,2010-06-16 16:59:00,54,133.20666666666668
16539.0,3396.81,9,1259,2010-01-12 15:40:00,2011-04-05 09:52:00,447,377.42333333333335
16540.0,226.70000000000002,1,114,2010-10-21 17:22:00,2010-10-21 17:22:00,0,226.70000000000002
16541.0,424.03,1,173,2009-04-12 13:22:00,2009-04-12 13:22:00,0,424.03
16542.0,257.32,2,142,2010-03-11 14:44:00,2011-10-17 10:47:00,584,128.66
16543.0,292.21,1,317,2010-04-27 11:38:00,2010-04-27 11:38:00,0,292.21
16544.0,376.70000000000005,4,150,2010-02-15 13:20:00,2010-08-07 11:11:00,172,94.17500000000001
16545.0,689.8199999999999,2,322,2010-11-29 10:39:00,2011-06-28 10:37:00,210,344.90999999999997
16546.0,5606.47,5,4367,2010-02-12 12:07:00,2011-02-22 11:20:00,374,1121.294
16547.0,111.71,1,113,2010-11-06 13:02:00,2010-11-06 13:02:00,0,111.71
16548.0,30.15,1,6,2010-04-19 16:15:00,2010-04-19 16:15:00,0,30.15
16549.0,13182.19,34,7278,2010-02-05 14:42:00,2011-11-29 15:06:00,662,387.71147058823533
16550.0,9435.13,18,5727,2009-02-12 11:24:00,2011-08-23 11:12:00,921,524.1738888888889
16551.0,2237.12,7,2076,2009-12-13 16:12:00,2011-07-01 10:24:00,564,319.5885714285714
16552.0,475.02,2,258,2010-01-12 12:36:00,2011-11-04 10:04:00,660,237.51
16553.0,16644.01,33,16475,2010-02-17 14:43:00,2011-10-03 14:37:00,592,504.36393939393935
16554.0,2841.7200000000003,8,1346,2009-12-15 09:42:00,2011-12-01 12:41:00,716,355.21500000000003
16555.0,1915.68,6,1816,2010-07-22 13:39:00,2011-08-22 12:32:00,395,319.28000000000003
16556.0,8012.58,17,4353,2009-07-12 10:51:00,2011-08-26 11:58:00,775,471.32823529411763
16557.0,281.85,2,111,2011-07-25 13:28:00,2011-11-15 14:04:00,113,140.925
16558.0,13274.54,37,7592,2009-03-12 18:11:00,2011-11-17 17:30:00,979,358.77135135135137
16559.0,185.20000000000002,1,73,2010-07-11 13:52:00,2010-07-11 13:52:00,0,185.20000000000002
16560.0,3048.38,8,1603,2009-08-12 12:05:00,2011-11-13 10:35:00,822,381.0475
16561.0,511.12,2,244,2011-04-12 11:50:00,2011-11-10 09:53:00,211,255.56
16562.0,223.86,1,264,2010-08-20 11:45:00,2010-08-20 11:45:00,0,223.86
16563.0,4422.76,6,2596,2009-01-12 18:35:00,2011-10-17 11:51:00,1007,737.1266666666667
16564.0,87.80000000000001,1,40,2010-05-19 14:41:00,2010-05-19 14:41:00,0,87.80000000000001
16565.0,773.05,4,211,2010-02-06 12:47:00,2010-10-29 15:31:00,265,193.2625
16566.0,614.66,5,362,2011-02-20 10:29:00,2011-11-24 16:34:00,277,122.93199999999999
16567.0,865.6,2,996,2011-05-29 13:57:00,2011-07-01 09:31:00,32,432.8
16568.0,1020.9,2,366,2010-08-03 14:51:00,2010-08-10 10:54:00,6,510.45
16569.0,1331.03,4,895,2009-12-16 15:05:00,2010-11-01 14:52:00,319,332.7575
16570.0,7434.31,20,4292,2010-01-10 14:31:00,2011-11-24 17:02:00,683,371.7155
16571.0,4248.74,10,3703,2010-02-07 12:00:00,2011-11-13 11:46:00,643,424.87399999999997
16572.0,1009.6,3,532,2011-04-08 16:34:00,2011-11-07 13:32:00,212,336.53333333333336
16573.0,663.61,2,360,2011-02-22 15:14:00,2011-09-16 09:13:00,205,331.805
16574.0,1301.78,3,1002,2010-02-19 11:46:00,2011-09-29 13:39:00,587,433.9266666666667
16576.0,540.87,2,323,2010-06-07 10:42:00,2010-10-15 13:37:00,130,270.435
16577.0,380.0,1,142,2010-11-02 09:45:00,2010-11-02 09:45:00,0,380.0
16578.0,156.6,1,108,2010-03-23 15:11:00,2010-03-23 15:11:00,0,156.6
16579.0,295.05,1,119,2010-10-10 11:58:00,2010-10-10 11:58:00,0,295.05
16581.0,105.84,1,134,2011-10-06 10:05:00,2011-10-06 10:05:00,0,105.84
16582.0,313.62,1,164,2011-08-18 17:02:00,2011-08-18 17:02:00,0,313.62
16583.0,531.4,2,264,2010-01-12 12:03:00,2010-04-02 12:18:00,80,265.7
16584.0,3163.67,5,1919,2010-02-16 10:41:00,2011-09-20 13:45:00,581,632.734
16585.0,341.59000000000003,2,151,2010-01-13 13:31:00,2010-04-25 10:34:00,101,170.79500000000002
16586.0,1462.78,3,348,2010-03-14 11:24:00,2011-05-04 09:32:00,415,487.5933333333333
16587.0,225.15,1,71,2011-04-21 15:51:00,2011-04-21 15:51:00,0,225.15
16588.0,1361.28,4,882,2010-05-14 13:43:00,2010-11-18 17:56:00,188,340.32
16589.0,612.36,4,536,2010-09-15 14:56:00,2011-09-29 14:50:00,378,153.09
16590.0,605.9,2,240,2010-04-11 09:06:00,2010-10-21 12:09:00,193,302.95
16591.0,213.5,1,41,2011-02-10 10:43:00,2011-02-10 10:43:00,0,213.5
16592.0,6889.75,27,4896,2009-12-18 15:57:00,2011-11-27 13:07:00,708,255.17592592592592
16593.0,1071.14,8,377,2009-05-12 10:44:00,2011-10-20 12:41:00,891,133.8925
16594.0,181.09,1,64,2011-09-25 14:08:00,2011-09-25 14:08:00,0,181.09
16595.0,1810.18,5,1378,2010-01-17 12:12:00,2011-09-10 13:15:00,601,362.036
16596.0,579.63,4,227,2009-10-12 13:09:00,2011-11-24 10:02:00,772,144.9075
16598.0,145.05,1,73,2011-02-27 11:42:00,2011-02-27 11:42:00,0,145.05
16599.0,172.8,1,159,2010-11-19 12:45:00,2010-11-19 12:45:00,0,172.8
16600.0,1913.09,12,2137,2009-12-18 12:59:00,2011-11-23 09:44:00,704,159.42416666666665
16601.0,684.25,3,395,2010-03-26 13:39:00,2011-10-30 11:09:00,582,228.08333333333334
16602.0,763.33,2,429,2010-11-16 09:13:00,2011-03-11 15:54:00,115,381.665
16603.0,482.47,2,480,2011-09-09 13:02:00,2011-09-26 10:06:00,16,241.235
16604.0,432.45000000000005,2,175,2010-05-20 16:34:00,2010-05-26 09:10:00,5,216.22500000000002
16605.0,60.48,1,144,2009-12-15 19:03:00,2009-12-15 19:03:00,0,60.48
16606.0,357.66,2,148,2010-01-10 13:21:00,2010-10-31 13:57:00,294,178.83
16607.0,5706.87,25,4436,2010-01-09 10:13:00,2011-12-10 11:32:00,700,228.2748
16608.0,1288.72,2,613,2010-02-14 11:57:00,2010-12-09 11:44:00,297,644.36
16609.0,5493.46,7,2420,2011-01-04 10:11:00,2011-12-07 10:02:00,336,784.78
16610.0,75.66,1,66,2011-04-05 13:13:00,2011-04-05 13:13:00,0,75.66
16611.0,1785.13,6,874,2010-01-08 14:35:00,2011-06-06 15:46:00,514,297.5216666666667
16612.0,3245.4300000000003,9,1419,2009-03-12 15:54:00,2011-12-08 14:32:00,1000,360.60333333333335
16613.0,618.59,1,293,2011-09-30 15:52:00,2011-09-30 15:52:00,0,618.59
16614.0,1179.79,3,349,2010-02-11 18:08:00,2011-10-06 11:36:00,601,393.2633333333333
16615.0,291.5,1,211,2010-03-23 15:13:00,2010-03-23 15:13:00,0,291.5
16616.0,500.42,2,370,2011-05-07 13:38:00,2011-11-24 16:31:00,201,250.21
16617.0,151.85,1,91,2011-04-18 10:35:00,2011-04-18 10:35:00,0,151.85
16618.0,2647.59,5,1363,2011-01-21 11:55:00,2011-08-11 13:52:00,202,529.518
16619.0,1938.3300000000002,4,1055,2010-02-22 12:05:00,2011-03-21 08:18:00,391,484.58250000000004
16620.0,1675.73,5,1106,2009-01-12 14:35:00,2011-03-24 10:37:00,800,335.146
16621.0,813.48,4,302,2011-07-03 11:32:00,2011-10-19 11:38:00,108,203.37
16622.0,225.4,1,44,2010-06-14 10:44:00,2010-06-14 10:44:00,0,225.4
16623.0,1015.24,4,442,2010-03-11 12:05:00,2011-08-04 10:09:00,510,253.81
16624.0,810.57,2,488,2011-05-26 14:20:00,2011-09-20 12:39:00,116,405.285
16625.0,1654.03,5,1057,2010-06-14 11:56:00,2011-10-03 12:50:00,476,330.806
16626.0,4023.89,16,2325,2011-02-10 11:30:00,2011-11-17 15:41:00,280,251.493125
16627.0,322.8,1,162,2011-09-21 14:38:00,2011-09-21 14:38:00,0,322.8
16628.0,2318.1,7,1260,2010-08-03 12:24:00,2011-10-11 12:45:00,434,331.15714285714284
16629.0,417.73,2,493,2011-04-09 16:12:00,2011-09-27 10:34:00,170,208.865
16630.0,106.80000000000001,1,72,2010-10-28 14:30:00,2010-10-28 14:30:00,0,106.80000000000001
16631.0,1892.52,7,775,2010-02-26 10:49:00,2010-11-05 09:32:00,251,270.36
16632.0,406.4,2,256,2010-07-05 16:46:00,2010-11-08 11:39:00,125,203.2
16633.0,2883.1,6,1138,2011-04-19 14:36:00,2011-12-06 11:48:00,230,480.51666666666665
16634.0,1814.6100000000001,6,1321,2010-01-21 09:30:00,2011-01-05 12:09:00,349,302.435
16635.0,473.0,1,277,2010-10-29 09:41:00,2010-10-29 09:41:00,0,473.0
16636.0,3802.04,4,2186,2010-03-03 14:06:00,2010-09-27 13:13:00,207,950.51
16637.0,1154.47,4,927,2011-04-28 10:20:00,2011-10-10 11:32:00,165,288.6175
16638.0,2430.53,15,1651,2010-06-12 10:19:00,2011-11-17 11:09:00,523,162.03533333333334
16639.0,1747.98,4,751,2010-10-26 18:23:00,2011-08-11 13:20:00,288,436.995
16640.0,179.4,1,146,2010-07-11 10:48:00,2010-07-11 10:48:00,0,179.4
16641.0,554.5,2,454,2010-07-01 12:22:00,2011-08-26 12:49:00,421,277.25
16642.0,696.85,2,427,2010-10-20 14:22:00,2011-05-16 12:35:00,207,348.425
16643.0,923.11,2,553,2010-10-13 09:47:00,2011-08-04 08:24:00,294,461.555
16644.0,833.78,2,826,2011-06-15 12:39:00,2011-11-05 12:53:00,143,416.89
16645.0,160.39,1,117,2009-04-12 09:49:00,2009-04-12 09:49:00,0,160.39
16646.0,678.8,1,1072,2010-09-16 13:28:00,2010-09-16 13:28:00,0,678.8
16647.0,541.9,4,396,2010-06-13 15:52:00,2011-06-23 11:47:00,374,135.475
16648.0,672.8,3,503,2010-04-28 14:58:00,2011-10-28 08:58:00,547,224.26666666666665
16649.0,306.58,1,82,2010-07-07 15:41:00,2010-07-07 15:41:00,0,306.58
16650.0,1916.11,7,1511,2010-08-07 14:18:00,2011-09-29 09:51:00,417,273.72999999999996
16651.0,136.2,1,60,2010-02-05 11:46:00,2010-02-05 11:46:00,0,136.2
16652.0,17550.39,16,7477,2010-03-17 10:22:00,2011-12-10 09:38:00,632,1096.899375
16653.0,1212.66,2,733,2011-09-29 13:38:00,2011-11-23 14:51:00,55,606.33
16654.0,1711.47,8,703,2010-01-07 13:37:00,2011-07-21 15:23:00,560,213.93375
16655.0,6548.37,13,4013,2010-01-31 15:40:00,2011-12-01 10:16:00,668,503.72076923076924
16656.0,16833.170000000002,30,15433,2009-04-12 12:59:00,2011-12-07 10:21:00,968,561.1056666666667
16657.0,933.62,4,1229,2011-03-30 12:02:00,2011-11-30 11:48:00,244,233.405
16658.0,814.07,6,317,2010-03-30 16:24:00,2010-09-29 14:27:00,182,135.67833333333334
16659.0,39.12,1,72,2011-03-06 15:03:00,2011-03-06 15:03:00,0,39.12
16660.0,1879.55,7,991,2010-01-14 11:09:00,2011-11-23 14:53:00,678,268.50714285714287
16661.0,986.63,4,385,2009-12-17 15:39:00,2010-10-05 14:02:00,291,246.6575
16662.0,163.8,1,36,2010-10-11 16:56:00,2010-10-11 16:56:00,0,163.8
16663.0,165.0,1,100,2009-10-12 13:12:00,2009-10-12 13:12:00,0,165.0
16664.0,109.2,1,24,2010-05-19 17:11:00,2010-05-19 17:11:00,0,109.2
16665.0,135.4,1,59,2010-12-12 14:03:00,2010-12-12 14:03:00,0,135.4
16666.0,225.94,2,367,2010-03-28 15:13:00,2011-11-20 14:01:00,601,112.97
16667.0,570.13,2,237,2011-02-10 15:26:00,2011-02-28 12:57:00,17,285.065
16668.0,862.42,13,773,2010-01-06 12:18:00,2011-11-24 17:43:00,687,66.34
16669.0,1374.87,3,888,2011-09-22 14:13:00,2011-11-16 12:26:00,54,458.28999999999996
16670.0,8030.150000000001,20,4534,2009-10-12 15:28:00,2011-11-23 09:34:00,771,401.50750000000005
16671.0,1692.27,3,875,2011-04-11 09:32:00,2011-11-11 13:40:00,214,564.09
16672.0,7864.9400000000005,19,2760,2011-01-09 14:58:00,2011-12-04 13:20:00,328,413.9442105263158
16673.0,188.83,1,101,2010-01-29 14:22:00,2010-01-29 14:22:00,0,188.83
16674.0,319.61,2,188,2011-02-09 13:59:00,2011-10-16 11:31:00,248,159.805
16675.0,608.86,2,296,2010-08-18 13:11:00,2010-09-24 12:15:00,36,304.43
16676.0,2361.9,6,927,2010-02-11 19:19:00,2011-10-05 15:10:00,600,393.65000000000003
16677.0,880.62,2,457,2010-02-25 16:11:00,2010-10-24 14:53:00,240,440.31
16678.0,2786.05,11,2187,2011-02-03 09:24:00,2011-12-08 16:07:00,308,253.27727272727273
16679.0,793.06,3,276,2010-08-12 13:51:00,2010-10-11 13:11:00,59,264.3533333333333
16680.0,821.45,3,377,2010-06-23 09:30:00,2011-10-27 17:35:00,491,273.81666666666666
16681.0,1921.8400000000001,7,1492,2010-08-03 14:10:00,2011-09-28 11:11:00,420,274.54857142857145
16682.0,917.14,4,870,2011-04-07 10:42:00,2011-10-13 15:47:00,189,229.285
16683.0,320.25,1,190,2010-06-24 10:36:00,2010-06-24 10:36:00,0,320.25
16684.0,141740.79,54,100078,2009-07-12 12:56:00,2011-11-28 15:35:00,869,2624.8294444444446
16685.0,324.24,2,396,2011-09-10 13:44:00,2011-09-10 13:58:00,0,162.12
16686.0,5070.92,16,3510,2009-06-12 15:48:00,2011-10-23 13:49:00,862,316.9325
16687.0,157.63,1,141,2010-11-14 11:46:00,2010-11-14 11:46:00,0,157.63
16688.0,1115.16,3,752,2011-10-10 12:23:00,2011-11-29 17:12:00,50,371.72
16689.0,422.6,2,330,2011-09-18 13:29:00,2011-09-25 11:39:00,6,211.3
16690.0,353.03000000000003,4,209,2010-09-14 15:00:00,2011-09-28 15:02:00,379,88.25750000000001
16691.0,178.83,2,92,2010-05-27 14:55:00,2010-10-17 15:03:00,143,89.415
16692.0,1914.6999999999998,4,878,2010-09-24 11:31:00,2011-03-28 14:46:00,185,478.67499999999995
16693.0,1199.46,5,688,2010-02-21 12:42:00,2011-03-13 11:06:00,384,239.892
16694.0,98.30000000000001,1,26,2009-12-16 15:45:00,2009-12-16 15:45:00,0,98.30000000000001
16695.0,193.15,2,185,2010-05-27 12:24:00,2010-05-27 12:36:00,0,96.575
16696.0,657.9,4,146,2011-05-04 15:20:00,2011-10-05 11:31:00,153,164.475
16697.0,112.75,1,27,2011-12-04 17:12:00,2011-12-04 17:12:00,0,112.75
16698.0,1998.0,2,840,2011-03-31 13:33:00,2011-04-27 10:52:00,26,999.0
16699.0,994.6,7,640,2009-04-12 13:31:00,2010-11-24 14:38:00,591,142.0857142857143
16700.0,9167.710000000001,25,6882,2009-02-12 10:51:00,2011-12-07 13:16:00,1028,366.70840000000004
16701.0,9916.73,26,11046,2009-01-12 19:19:00,2011-12-01 11:51:00,1052,381.4126923076923
16702.0,1110.83,4,692,2009-07-12 16:40:00,2010-10-20 14:10:00,464,277.7075
16704.0,695.66,2,455,2010-03-31 14:02:00,2010-05-02 14:14:00,32,347.83
16705.0,43264.531,41,22242,2009-09-12 13:34:00,2011-12-04 13:39:00,813,1055.2324634146341
16706.0,531.35,3,249,2011-02-09 13:41:00,2011-08-17 15:53:00,189,177.11666666666667
16707.0,551.11,4,402,2010-04-11 14:39:00,2010-09-06 16:56:00,148,137.7775
16708.0,656.63,1,285,2011-10-25 12:20:00,2011-10-25 12:20:00,0,656.63
16709.0,9087.460000000001,14,3276,2009-09-12 13:16:00,2011-09-16 10:56:00,733,649.1042857142858
16710.0,6349.09,22,4399,2009-04-12 13:41:00,2011-11-20 14:50:00,952,288.595
16711.0,2572.88,8,868,2009-02-12 13:22:00,2011-11-13 11:51:00,1003,321.61
16712.0,4266.99,13,2093,2010-03-11 15:45:00,2011-11-30 13:48:00,628,328.22999999999996
16713.0,14560.69,32,8683,2009-12-15 12:49:00,2011-12-04 12:56:00,719,455.0215625
16714.0,1529.8,4,849,2010-07-02 11:17:00,2011-05-05 11:09:00,306,382.45
16715.0,625.52,2,1174,2010-05-26 12:35:00,2011-09-22 18:15:00,484,312.76
16716.0,2149.6800000000003,3,912,2010-03-19 11:05:00,2011-03-18 10:03:00,363,716.5600000000001
16717.0,6986.2300000000005,14,3226,2009-07-12 15:55:00,2011-11-16 12:16:00,856,499.0164285714286
16718.0,3647.53,5,2343,2009-06-12 13:07:00,2010-11-03 17:41:00,509,729.5060000000001
16719.0,3973.3,14,2536,2009-12-13 10:59:00,2011-11-25 09:27:00,711,283.8071428571429
16720.0,795.48,3,479,2009-12-17 17:54:00,2011-11-13 16:22:00,695,265.16
16721.0,292.47,1,172,2011-03-22 16:08:00,2011-03-22 16:08:00,0,292.47
16722.0,8989.08,22,8580,2009-03-12 19:23:00,2011-11-22 13:28:00,984,408.5945454545454
16723.0,1301.63,4,1002,2009-04-12 13:23:00,2011-09-09 13:01:00,879,325.4075
16724.0,147.35,1,69,2010-10-31 11:40:00,2010-10-31 11:40:00,0,147.35
16725.0,1882.11,14,784,2009-12-13 15:54:00,2011-10-02 16:52:00,658,134.43642857142856
16726.0,2088.41,7,1356,2010-10-24 16:09:00,2011-11-13 14:53:00,384,298.3442857142857
16727.0,1437.42,4,1109,2010-01-20 10:48:00,2010-12-11 14:05:00,325,359.355
16728.0,1054.67,4,677,2011-03-20 13:28:00,2011-10-24 14:36:00,218,263.6675
16729.0,7239.92,21,5783,2011-01-09 16:18:00,2011-12-04 14:22:00,328,344.7580952380952
16730.0,743.11,3,994,2011-01-24 14:01:00,2011-10-18 14:11:00,267,247.70333333333335
16731.0,174.05,1,127,2010-01-03 15:05:00,2010-01-03 15:05:00,0,174.05
16732.0,4387.64,4,2414,2009-08-12 13:04:00,2011-08-11 09:54:00,728,1096.91
16733.0,259.68,1,112,2010-06-28 10:12:00,2010-06-28 10:12:00,0,259.68
16734.0,650.51,3,346,2011-08-17 15:00:00,2011-10-18 13:44:00,61,216.83666666666667
16735.0,6270.56,14,4281,2009-08-12 09:24:00,2011-09-22 11:49:00,771,447.8971428571429
16736.0,2956.56,5,1050,2009-03-12 16:12:00,2010-07-22 10:09:00,496,591.312
16737.0,835.2,2,576,2010-11-05 09:53:00,2011-10-17 13:03:00,346,417.6
16738.0,3.75,1,3,2011-02-15 09:46:00,2011-02-15 09:46:00,0,3.75
16739.0,786.4300000000001,2,391,2010-06-21 09:38:00,2011-06-16 09:17:00,359,393.21500000000003
16740.0,236.81,1,116,2010-09-11 13:34:00,2010-09-11 13:34:00,0,236.81
16741.0,173.06,1,81,2010-03-24 15:15:00,2010-03-24 15:15:00,0,173.06
16742.0,2852.61,14,2600,2009-12-16 17:22:00,2011-10-24 12:02:00,676,203.75785714285715
16743.0,4253.26,14,3738,2010-01-07 13:43:00,2011-12-05 12:57:00,696,303.80428571428575
16744.0,1304.76,7,805,2011-04-09 12:10:00,2011-11-28 13:06:00,233,186.3942857142857
16745.0,7194.3,17,6735,2011-01-02 11:31:00,2011-12-08 16:10:00,340,423.1941176470588
16746.0,17616.48,41,11252,2009-04-12 13:00:00,2011-12-08 13:40:00,970,429.67024390243904
16747.0,836.0600000000001,2,583,2011-02-11 11:37:00,2011-03-10 10:18:00,26,418.03000000000003
16748.0,3637.33,14,2127,2009-10-12 12:28:00,2011-11-22 10:17:00,770,259.8092857142857
16749.0,4387.08,2,2078,2009-12-15 14:05:00,2010-04-27 13:06:00,132,2193.54
16750.0,623.93,5,214,2011-04-21 16:53:00,2011-10-26 12:48:00,187,124.78599999999999
16751.0,1764.72,1,1031,2011-09-11 10:48:00,2011-09-11 10:48:00,0,1764.72
16752.0,415.0,1,108,2010-02-12 12:18:00,2010-02-12 12:18:00,0,415.0
16753.0,223.92000000000002,1,189,2011-12-10 13:14:00,2011-12-10 13:14:00,0,223.92000000000002
16754.0,67502.47,29,67831,2010-02-12 17:38:00,2010-12-04 07:07:00,294,2327.671379310345
16755.0,2900.58,7,1999,2009-09-12 14:25:00,2011-08-17 13:21:00,703,414.36857142857144
16756.0,1312.3700000000001,7,707,2010-04-26 12:02:00,2011-09-05 09:33:00,496,187.48142857142858
16757.0,270.48,2,180,2010-10-26 15:09:00,2011-01-25 11:59:00,90,135.24
16758.0,369.34000000000003,1,203,2011-05-10 14:47:00,2011-05-10 14:47:00,0,369.34000000000003
16759.0,789.79,3,609,2011-02-12 12:42:00,2011-09-11 09:07:00,210,263.2633333333333
16760.0,228.0,1,168,2010-05-10 15:55:00,2010-05-10 15:55:00,0,228.0
16761.0,316.62,1,341,2011-04-09 11:15:00,2011-04-09 11:15:00,0,316.62
16762.0,1501.38,3,618,2011-07-18 12:52:00,2011-11-20 11:43:00,124,500.46000000000004
16763.0,964.6999999999999,2,492,2009-01-12 15:26:00,2011-05-25 11:52:00,862,482.34999999999997
16764.0,2596.38,12,1163,2011-01-09 16:46:00,2011-11-30 11:30:00,324,216.365
16765.0,454.75,2,311,2010-11-22 13:42:00,2011-02-18 15:41:00,88,227.375
16766.0,1145.6,2,536,2011-11-03 13:34:00,2011-11-03 15:22:00,0,572.8
16767.0,8073.8,15,7121,2010-03-08 14:01:00,2011-10-06 10:49:00,576,538.2533333333333
16768.0,1708.1200000000001,9,777,2009-07-12 11:47:00,2011-10-23 10:38:00,832,189.79111111111112
16769.0,1141.75,4,301,2009-12-14 11:10:00,2011-03-24 13:41:00,465,285.4375
16770.0,1932.13,9,1120,2010-02-12 15:49:00,2011-10-13 12:21:00,607,214.68111111111114
16771.0,3967.6,10,2314,2009-09-12 11:52:00,2011-09-25 14:52:00,743,396.76
16772.0,3723.55,3,689,2009-12-18 10:50:00,2010-12-10 13:19:00,357,1241.1833333333334
16773.0,421.24,3,252,2009-06-12 15:01:00,2011-10-13 14:37:00,852,140.41333333333333
16774.0,1594.45,8,785,2010-02-16 16:53:00,2011-08-15 12:57:00,544,199.30625
16775.0,3056.89,16,1020,2010-03-11 16:05:00,2011-11-29 15:22:00,627,191.055625
16776.0,619.85,2,450,2010-10-20 12:13:00,2011-10-10 13:04:00,355,309.925
16777.0,1307.76,5,475,2010-03-17 12:42:00,2011-09-20 13:41:00,552,261.552
16778.0,245.94,2,194,2011-09-26 13:48:00,2011-10-03 15:21:00,7,122.97
16779.0,32311.18,51,19234,2009-03-12 13:03:00,2011-12-01 10:20:00,993,633.5525490196078
16780.0,605.55,3,355,2010-10-28 19:41:00,2011-08-31 16:09:00,306,201.85
16781.0,934.25,2,305,2010-02-12 14:26:00,2010-08-02 13:56:00,170,467.125
16782.0,10438.41,38,4285,2009-09-12 11:58:00,2011-11-29 13:20:00,808,274.695
16783.0,391.95,1,163,2010-09-29 11:53:00,2010-09-29 11:53:00,0,391.95
16784.0,896.53,5,496,2010-03-08 09:14:00,2011-11-20 12:20:00,622,179.30599999999998
16785.0,533.78,1,313,2010-10-26 10:36:00,2010-10-26 10:36:00,0,533.78
16786.0,51.84,1,72,2010-11-11 08:25:00,2010-11-11 08:25:00,0,51.84
16787.0,1035.43,4,474,2010-03-28 11:30:00,2010-12-09 10:49:00,255,258.8575
16788.0,1950.3,5,985,2010-07-02 12:40:00,2011-08-08 14:53:00,402,390.06
16789.0,80.80000000000001,1,32,2011-01-12 15:12:00,2011-01-12 15:12:00,0,80.80000000000001
16790.0,1366.1200000000001,5,772,2011-02-11 11:23:00,2011-11-23 14:37:00,285,273.22400000000005
16791.0,4038.69,15,1874,2009-03-12 18:08:00,2011-11-01 15:42:00,963,269.246
16792.0,623.46,5,324,2010-04-01 13:47:00,2011-02-03 14:41:00,308,124.69200000000001
16793.0,243.84,1,146,2011-10-13 15:08:00,2011-10-13 15:08:00,0,243.84
16794.0,1990.25,14,1538,2010-03-25 15:17:00,2011-12-06 14:15:00,620,142.16071428571428
16795.0,2492.39,3,1459,2010-01-25 13:14:00,2010-10-19 15:33:00,267,830.7966666666666
16796.0,305.62,1,186,2011-11-09 14:01:00,2011-11-09 14:01:00,0,305.62
16797.0,1827.77,5,909,2009-02-12 13:33:00,2010-11-11 19:14:00,637,365.554
16798.0,848.71,3,209,2009-10-12 19:35:00,2010-07-03 12:06:00,263,282.90333333333336
16799.0,495.98,2,176,2010-03-10 14:28:00,2010-12-09 12:46:00,273,247.99
16800.0,1201.49,1,540,2011-11-28 14:06:00,2011-11-28 14:06:00,0,1201.49
16801.0,1619.73,4,499,2011-05-22 12:12:00,2011-11-03 13:56:00,165,404.9325
16802.0,582.61,2,369,2009-09-12 13:00:00,2010-01-29 13:44:00,139,291.305
16803.0,332.3,1,245,2011-05-10 14:28:00,2011-05-10 14:28:00,0,332.3
16804.0,536.99,3,246,2011-03-14 15:48:00,2011-11-16 16:43:00,247,178.99666666666667
16805.0,1097.24,5,1122,2009-08-12 14:29:00,2011-06-19 11:23:00,675,219.448
16806.0,801.49,4,378,2011-03-05 15:15:00,2011-08-28 15:27:00,176,200.3725
16807.0,2123.88,6,1433,2010-03-26 14:38:00,2011-08-05 11:34:00,496,353.98
16808.0,288.42,2,196,2011-01-09 19:34:00,2011-10-03 19:05:00,266,144.21
16809.0,1727.43,9,1093,2010-01-07 13:42:00,2011-11-16 15:45:00,678,191.93666666666667
16810.0,842.04,2,372,2010-10-15 15:32:00,2011-05-31 15:32:00,228,421.02
16811.0,314.77,1,393,2011-11-22 17:19:00,2011-11-22 17:19:00,0,314.77
16812.0,2392.0,4,1116,2010-11-22 14:36:00,2010-12-14 12:35:00,21,598.0
16813.0,1692.98,10,1525,2011-01-06 12:11:00,2011-10-20 15:20:00,287,169.298
16814.0,12499.710000000001,36,5066,2010-02-08 15:25:00,2011-12-04 13:32:00,663,347.2141666666667
16815.0,410.97,2,238,2010-06-21 12:05:00,2010-12-09 10:59:00,170,205.485
16816.0,417.06,4,274,2010-12-16 17:01:00,2011-08-28 14:16:00,254,104.265
16817.0,2587.57,12,1412,2010-04-10 09:06:00,2011-11-03 10:30:00,572,215.63083333333336
16818.0,3349.57,11,2164,2011-01-06 12:19:00,2011-11-29 10:41:00,326,304.50636363636363
16819.0,182.59,2,253,2010-08-31 17:31:00,2010-08-31 17:37:00,0,91.295
16820.0,497.61,1,307,2011-05-09 12:06:00,2011-05-09 12:06:00,0,497.61
16821.0,113.35,1,13,2010-11-23 10:04:00,2010-11-23 10:04:00,0,113.35
16822.0,181.39,1,171,2010-01-22 14:22:00,2010-01-22 14:22:00,0,181.39
16823.0,2260.09,7,1168,2009-02-12 09:57:00,2011-04-26 15:00:00,803,322.87
16824.0,686.24,3,390,2010-11-11 12:21:00,2011-11-24 12:38:00,378,228.74666666666667
16825.0,1826.89,5,1297,2010-06-23 13:14:00,2011-07-06 09:44:00,377,365.37800000000004
16826.0,341.7,1,158,2011-10-19 14:05:00,2011-10-19 14:05:00,0,341.7
16827.0,392.13,5,125,2010-04-29 19:07:00,2010-11-11 14:04:00,195,78.426
16828.0,128.5,2,59,2011-07-09 15:10:00,2011-08-19 13:24:00,40,64.25
16829.0,513.32,2,215,2010-11-16 18:11:00,2011-06-07 10:48:00,202,256.66
16830.0,1207.5,4,699,2009-12-13 12:11:00,2011-01-11 11:35:00,393,301.875
16831.0,91.8,1,48,2010-05-24 09:08:00,2010-05-24 09:08:00,0,91.8
16832.0,417.61,5,179,2010-07-09 12:35:00,2011-08-06 15:36:00,393,83.522
16833.0,1973.8,5,744,2010-03-26 15:31:00,2011-09-01 13:02:00,523,394.76
16834.0,898.96,2,760,2010-03-02 14:24:00,2011-04-26 09:37:00,419,449.48
16835.0,1538.41,6,515,2010-01-12 17:15:00,2011-03-08 13:50:00,419,256.4016666666667
16836.0,782.37,4,539,2010-05-14 12:52:00,2011-10-31 10:05:00,534,195.5925
16837.0,3170.98,11,1563,2011-03-05 12:04:00,2011-11-10 11:49:00,249,288.2709090909091
16838.0,1159.6100000000001,4,509,2010-02-14 15:27:00,2011-05-26 13:13:00,465,289.90250000000003
16839.0,22310.49,44,11527,2010-04-20 16:06:00,2011-12-09 14:54:00,597,507.05659090909097
16840.0,139.85,2,117,2010-03-02 12:42:00,2010-04-15 15:48:00,44,69.925
16841.0,4006.06,12,3478,2010-04-28 10:58:00,2011-10-05 10:20:00,524,333.8383333333333
16842.0,1264.19,3,693,2011-07-07 17:35:00,2011-10-02 14:51:00,86,421.3966666666667
16843.0,19571.43,35,18502,2009-10-12 11:40:00,2011-12-04 11:34:00,782,559.1837142857142
16844.0,614.34,2,281,2010-05-26 10:29:00,2010-06-05 09:16:00,9,307.17
16845.0,253.88,1,167,2010-03-31 13:09:00,2010-03-31 13:09:00,0,253.88
16846.0,842.41,3,517,2010-10-03 12:03:00,2011-10-20 13:55:00,382,280.80333333333334
16847.0,614.89,2,255,2010-03-31 13:32:00,2011-10-27 13:29:00,574,307.445
16848.0,1411.62,4,780,2010-03-10 11:01:00,2011-10-18 08:42:00,586,352.905
16849.0,124.57,1,33,2011-06-06 09:16:00,2011-06-06 09:16:00,0,124.57
16850.0,332.41,1,249,2011-10-01 11:09:00,2011-10-01 11:09:00,0,332.41
16851.0,239.46,2,190,2011-10-19 09:48:00,2011-10-28 12:33:00,9,119.73
16852.0,144.91,2,56,2011-06-16 15:49:00,2011-11-29 13:22:00,165,72.455
16854.0,1408.96,2,997,2010-09-03 14:32:00,2010-10-18 16:31:00,45,704.48
16855.0,328.40000000000003,2,164,2011-10-27 16:31:00,2011-11-16 12:03:00,19,164.20000000000002
16856.0,358.49,3,171,2010-09-23 13:11:00,2011-11-25 08:59:00,427,119.49666666666667
16857.0,352.8,1,168,2010-09-23 10:49:00,2010-09-23 10:49:00,0,352.8
16858.0,4668.28,10,1514,2009-12-15 11:09:00,2010-12-02 11:50:00,352,466.828
16859.0,1932.41,7,1899,2010-04-03 12:37:00,2011-07-18 12:19:00,470,276.05857142857144
16860.0,1610.62,3,625,2010-02-15 13:46:00,2010-09-13 10:05:00,209,536.8733333333333
16861.0,946.59,5,616,2010-04-11 16:50:00,2011-11-10 09:05:00,577,189.318
16862.0,662.33,4,513,2010-04-20 12:30:00,2010-10-06 13:05:00,169,165.5825
16863.0,998.52,3,745,2010-08-12 08:58:00,2011-08-11 15:26:00,364,332.84
16864.0,409.25,2,283,2010-01-10 16:16:00,2010-04-20 11:56:00,99,204.625
16865.0,130.95,1,157,2010-03-11 11:34:00,2010-03-11 11:34:00,0,130.95
16866.0,207.74,3,60,2011-01-07 12:34:00,2011-10-07 10:14:00,272,69.24666666666667
16867.0,76.74000000000001,1,58,2010-01-19 09:11:00,2010-01-19 09:11:00,0,76.74000000000001
16868.0,393.39,3,116,2010-03-10 11:26:00,2010-10-11 13:17:00,215,131.13
16869.0,825.4200000000001,4,585,2011-06-17 13:01:00,2011-11-17 12:02:00,152,206.35500000000002
16870.0,450.16,1,278,2010-08-27 13:53:00,2010-08-27 13:53:00,0,450.16
16871.0,2812.34,6,1253,2011-03-14 10:31:00,2011-11-17 19:27:00,248,468.72333333333336
16872.0,1213.13,6,1079,2010-02-09 17:36:00,2011-09-23 16:05:00,590,202.18833333333336
16873.0,12762.56,11,7596,2010-05-30 11:49:00,2011-09-10 12:20:00,468,1160.2327272727273
16874.0,217.74,1,81,2010-11-25 13:08:00,2010-11-25 13:08:00,0,217.74
16875.0,4234.53,11,2099,2010-03-17 12:25:00,2011-07-18 11:41:00,487,384.9572727272727
16876.0,136.01,1,181,2010-01-11 11:59:00,2010-01-11 11:59:00,0,136.01
16877.0,853.72,6,463,2011-05-15 16:13:00,2011-11-27 13:47:00,195,142.28666666666666
16878.0,13.3,1,12,2011-09-16 17:39:00,2011-09-16 17:39:00,0,13.3
16880.0,1840.86,8,911,2010-03-08 13:54:00,2011-10-07 12:25:00,577,230.1075
16881.0,432.0,1,600,2011-04-10 10:33:00,2011-04-10 10:33:00,0,432.0
16882.0,705.12,3,424,2011-01-26 17:43:00,2011-04-14 14:36:00,77,235.04
16883.0,2396.59,19,1080,2009-04-12 12:07:00,2011-05-06 12:51:00,754,126.1363157894737
16884.0,1073.92,4,521,2010-01-06 12:45:00,2011-02-11 11:52:00,400,268.48
16885.0,710.74,4,376,2010-11-19 12:51:00,2011-11-24 13:40:00,370,177.685
16886.0,134.0,1,48,2010-09-09 15:08:00,2010-09-09 15:08:00,0,134.0
16887.0,660.72,3,424,2009-01-12 13:41:00,2011-04-11 14:07:00,819,220.24
16888.0,437.15,3,147,2010-01-02 17:21:00,2010-07-01 13:07:00,179,145.71666666666667
16889.0,2530.9,6,1616,2010-05-23 10:46:00,2011-10-04 11:24:00,499,421.81666666666666
16890.0,285.41,3,243,2010-05-24 12:03:00,2010-08-20 11:23:00,87,95.13666666666667
16891.0,1940.8700000000001,10,746,2009-04-12 12:37:00,2011-07-21 12:14:00,829,194.08700000000002
16892.0,627.18,5,331,2009-08-12 14:20:00,2011-11-24 13:06:00,833,125.43599999999999
16893.0,401.77,2,182,2010-08-12 12:06:00,2010-11-28 15:14:00,108,200.885
16894.0,1324.06,3,507,2010-06-22 14:21:00,2010-07-25 15:43:00,33,441.3533333333333
16895.0,1121.42,5,433,2010-03-22 11:01:00,2011-06-10 12:15:00,445,224.28400000000002
16896.0,103.95,1,18,2010-02-06 15:40:00,2010-02-06 15:40:00,0,103.95
16897.0,289.78,2,73,2011-01-30 11:52:00,2011-02-13 15:02:00,14,144.89
16898.0,1016.37,5,805,2010-06-12 12:23:00,2011-11-13 15:44:00,519,203.274
16899.0,1721.02,8,818,2010-07-11 15:00:00,2011-11-20 14:31:00,496,215.1275
16900.0,887.11,3,833,2011-07-10 13:17:00,2011-11-23 10:32:00,135,295.7033333333333
16901.0,204.26,1,42,2009-10-12 16:30:00,2009-10-12 16:30:00,0,204.26
16902.0,1706.88,1,629,2011-08-15 14:17:00,2011-08-15 14:17:00,0,1706.88
16903.0,1062.28,3,747,2010-10-20 14:42:00,2011-10-11 15:32:00,356,354.0933333333333
16904.0,4783.35,20,2570,2010-07-11 12:03:00,2011-10-11 13:46:00,457,239.16750000000002
16905.0,4699.45,16,1900,2009-10-12 20:04:00,2011-11-20 13:37:00,768,293.715625
16906.0,1448.8,7,613,2010-05-13 13:23:00,2011-09-19 11:49:00,493,206.97142857142856
16907.0,1707.9,9,532,2010-01-07 17:30:00,2011-10-11 18:04:00,642,189.76666666666668
16908.0,252.59,1,61,2009-12-17 13:35:00,2009-12-17 13:35:00,0,252.59
16909.0,379.14,1,436,2011-09-28 16:45:00,2011-09-28 16:45:00,0,379.14
16910.0,1323.26,7,739,2011-07-10 13:16:00,2011-11-30 14:33:00,143,189.03714285714287
16911.0,255.25,2,161,2010-02-16 16:12:00,2010-03-14 12:18:00,25,127.625
16912.0,4480.31,15,1693,2009-09-12 12:32:00,2011-11-11 12:18:00,789,298.68733333333336
16913.0,423.91,3,229,2010-02-26 12:06:00,2011-02-22 12:56:00,361,141.30333333333334
16914.0,208.46,1,121,2011-03-11 15:27:00,2011-03-11 15:27:00,0,208.46
16915.0,1543.18,11,190,2010-02-09 12:26:00,2011-11-30 16:39:00,659,140.2890909090909
16916.0,1123.4,4,764,2010-01-11 13:41:00,2011-11-16 12:08:00,673,280.85
16917.0,1857.83,2,793,2010-03-17 15:24:00,2011-08-03 11:55:00,503,928.915
16918.0,3213.29,16,2069,2009-03-12 12:27:00,2011-10-21 12:50:00,953,200.830625
16919.0,5125.91,24,2425,2010-02-09 12:22:00,2011-12-04 15:23:00,663,213.57958333333332
16920.0,355.45,1,81,2010-10-24 14:07:00,2010-10-24 14:07:00,0,355.45
16921.0,446.67,3,299,2010-04-18 15:34:00,2011-09-10 16:22:00,510,148.89000000000001
16922.0,611.08,1,281,2010-05-16 11:24:00,2010-05-16 11:24:00,0,611.08
16923.0,13378.36,32,6269,2010-01-31 11:14:00,2011-11-27 13:00:00,665,418.07375
16924.0,846.75,3,493,2011-06-10 11:41:00,2011-11-18 12:53:00,161,282.25
16925.0,125.65,1,123,2010-06-17 15:03:00,2010-06-17 15:03:00,0,125.65
16926.0,1421.35,5,237,2010-01-07 12:57:00,2010-10-08 14:07:00,274,284.27
16927.0,543.05,3,993,2010-12-13 11:57:00,2011-08-16 11:10:00,245,181.01666666666665
16928.0,4113.23,29,2755,2010-01-12 15:21:00,2011-11-08 14:48:00,664,141.8355172413793
16929.0,1089.45,6,723,2011-03-11 12:21:00,2011-11-22 15:36:00,256,181.57500000000002
16930.0,380.55,3,341,2011-02-10 14:25:00,2011-11-13 16:13:00,276,126.85000000000001
16931.0,4839.56,23,3136,2010-05-12 11:40:00,2011-11-20 14:43:00,557,210.41565217391306
16932.0,440.71,3,229,2010-05-17 14:15:00,2011-10-17 14:12:00,517,146.90333333333334
16933.0,2842.75,8,1386,2009-09-12 15:03:00,2011-04-14 13:33:00,578,355.34375
16934.0,2110.9900000000002,6,939,2010-03-28 12:43:00,2011-10-16 12:40:00,566,351.8316666666667
16935.0,535.1,3,278,2010-10-14 13:09:00,2010-11-23 09:16:00,39,178.36666666666667
16936.0,551.17,2,342,2010-11-19 11:54:00,2011-11-14 11:04:00,359,275.585
16937.0,202.1,1,126,2010-07-28 17:56:00,2010-07-28 17:56:00,0,202.1
16938.0,7043.18,9,5084,2010-02-17 14:47:00,2011-12-06 13:17:00,656,782.5755555555556
16939.0,449.0,3,232,2010-02-28 13:33:00,2010-08-08 12:24:00,160,149.66666666666666
16940.0,6427.66,8,4503,2009-08-12 13:08:00,2011-10-18 13:15:00,797,803.4575
16941.0,33.0,1,12,2010-07-04 11:13:00,2010-07-04 11:13:00,0,33.0
16942.0,1920.59,9,811,2011-03-06 13:43:00,2011-11-27 12:40:00,265,213.39888888888888
16943.0,1299.49,5,147,2010-03-25 13:34:00,2011-12-05 11:57:00,619,259.898
16944.0,101.36,1,27,2010-09-04 11:03:00,2010-09-04 11:03:00,0,101.36
16945.0,8548.16,33,5889,2009-09-12 11:33:00,2011-12-10 15:42:00,819,259.0351515151515
16946.0,1222.04,5,509,2010-02-03 10:49:00,2010-11-21 14:06:00,291,244.408
16947.0,955.21,5,655,2010-03-03 10:54:00,2011-04-18 09:38:00,410,191.042
16948.0,868.77,7,2091,2010-02-21 13:48:00,2011-07-24 12:46:00,517,124.11
16949.0,1204.23,5,699,2011-01-27 12:11:00,2011-10-30 11:55:00,275,240.846
16950.0,3784.37,10,2492,2010-01-24 11:26:00,2011-10-14 09:06:00,627,378.437
16951.0,1277.75,3,1318,2011-07-26 11:38:00,2011-08-02 14:58:00,7,425.9166666666667
16952.0,798.78,5,344,2009-11-12 13:52:00,2011-08-22 13:03:00,647,159.756
16953.0,20.8,1,10,2011-09-11 15:54:00,2011-09-11 15:54:00,0,20.8
16954.0,5910.28,19,4014,2010-01-18 14:49:00,2011-11-23 11:42:00,673,311.0673684210526
16955.0,1309.41,6,823,2010-01-12 13:31:00,2011-08-06 10:36:00,570,218.235
16956.0,308.74,1,114,2011-11-22 08:56:00,2011-11-22 08:56:00,0,308.74
16957.0,416.64,2,172,2011-03-03 09:25:00,2011-04-14 13:56:00,42,208.32
16958.0,809.44,1,561,2010-09-30 14:25:00,2010-09-30 14:25:00,0,809.44
16959.0,117.35000000000001,1,49,2011-09-13 15:03:00,2011-09-13 15:03:00,0,117.35000000000001
16960.0,2043.43,8,1515,2010-01-06 11:27:00,2011-10-10 11:47:00,642,255.42875
16961.0,794.56,3,482,2010-06-25 14:36:00,2011-08-15 13:46:00,415,264.8533333333333
16962.0,251.04,1,158,2010-10-26 11:36:00,2010-10-26 11:36:00,0,251.04
16963.0,110.55000000000001,1,35,2011-05-06 13:48:00,2011-05-06 13:48:00,0,110.55000000000001
16964.0,207.85,2,49,2009-06-12 12:51:00,2009-06-12 12:53:00,0,103.925
16965.0,201.19,1,291,2011-04-27 12:08:00,2011-04-27 12:08:00,0,201.19
16966.0,2154.97,7,1981,2011-01-12 13:40:00,2011-11-24 09:13:00,315,307.8528571428571
16967.0,319.02,1,333,2011-03-06 14:24:00,2011-03-06 14:24:00,0,319.02
16968.0,253.31,1,98,2011-08-24 10:51:00,2011-08-24 10:51:00,0,253.31
16969.0,650.41,3,816,2011-01-06 12:10:00,2011-10-31 13:12:00,298,216.8033333333333
16970.0,71.4,1,12,2010-03-23 13:50:00,2010-03-23 13:50:00,0,71.4
16971.0,357.21,1,72,2011-01-11 15:06:00,2011-01-11 15:06:00,0,357.21
16972.0,786.25,2,190,2010-09-09 11:20:00,2010-11-22 10:59:00,73,393.125
16973.0,127.0,1,60,2010-11-18 13:56:00,2010-11-18 13:56:00,0,127.0
16974.0,365.5,2,70,2010-05-07 10:18:00,2010-05-24 10:43:00,17,182.75
16975.0,926.12,3,586,2010-07-22 11:38:00,2010-12-10 17:53:00,141,308.70666666666665
16976.0,251.51999999999998,1,88,2011-03-17 16:33:00,2011-03-17 16:33:00,0,251.51999999999998
16977.0,496.0,4,142,2010-02-05 10:38:00,2010-09-11 13:17:00,218,124.0
16978.0,768.88,3,285,2010-11-02 16:27:00,2011-09-23 12:50:00,324,256.29333333333335
16979.0,2628.0,8,1393,2010-09-15 14:30:00,2011-11-22 13:20:00,432,328.5
16980.0,1473.33,3,1039,2010-07-10 14:05:00,2011-03-29 16:36:00,262,491.10999999999996
16982.0,384.06,1,182,2011-10-10 12:28:00,2011-10-10 12:28:00,0,384.06
16983.0,3710.2200000000003,11,2508,2010-05-12 12:34:00,2011-12-06 12:50:00,573,337.2927272727273
16984.0,10754.8,9,5330,2010-03-24 15:36:00,2011-12-09 13:43:00,624,1194.9777777777776
16985.0,10923.16,23,3103,2009-10-12 13:34:00,2011-12-09 13:38:00,788,474.92
16986.0,4888.75,11,2539,2010-04-02 14:46:00,2011-10-11 11:55:00,556,444.4318181818182
16987.0,2303.97,10,604,2009-02-12 14:34:00,2011-10-28 17:26:00,988,230.397
16988.0,256.55,1,115,2010-11-25 09:22:00,2010-11-25 09:22:00,0,256.55
16989.0,1133.25,6,1233,2011-02-09 13:55:00,2011-12-07 09:11:00,300,188.875
16990.0,344.0,2,200,2010-10-13 11:42:00,2011-05-05 08:30:00,203,172.0
16991.0,1041.21,1,793,2010-10-14 14:08:00,2010-10-14 14:08:00,0,1041.21
16992.0,5476.5,13,2061,2010-06-21 13:28:00,2011-11-29 11:50:00,525,421.2692307692308
16993.0,1950.95,2,285,2010-02-09 12:16:00,2010-12-05 13:55:00,299,975.475
16996.0,2123.61,9,919,2010-03-11 12:36:00,2011-10-08 14:34:00,576,235.95666666666668
16997.0,702.0,3,360,2011-01-18 11:51:00,2011-03-02 15:17:00,43,234.0
16998.0,402.0,5,104,2010-09-21 14:39:00,2011-08-02 15:42:00,315,80.4
16999.0,484.82,2,294,2011-09-26 15:43:00,2011-11-16 13:53:00,50,242.41
17000.0,406.3,2,305,2010-08-11 13:35:00,2010-10-27 14:16:00,77,203.15
17001.0,6233.12,18,3564,2010-03-25 12:41:00,2011-11-17 15:24:00,602,346.28444444444443
17002.0,2571.55,7,1265,2010-06-05 09:58:00,2011-09-15 12:40:00,467,367.36428571428576
17003.0,830.16,4,495,2010-02-11 13:07:00,2010-12-10 16:08:00,302,207.54
17004.0,2425.16,4,1281,2010-11-10 15:43:00,2011-10-24 14:25:00,347,606.29
17005.0,742.36,2,787,2010-04-30 10:55:00,2010-08-26 10:57:00,118,371.18
17006.0,1389.26,7,488,2010-05-03 13:33:00,2011-11-21 13:44:00,567,198.46571428571428
17007.0,1120.1000000000001,7,717,2010-09-28 13:51:00,2011-10-20 10:47:00,386,160.01428571428573
17008.0,81.36,1,24,2010-06-10 15:19:00,2010-06-10 15:19:00,0,81.36
17009.0,242.06,1,336,2010-06-06 16:01:00,2010-06-06 16:01:00,0,242.06
17010.0,195.36,1,118,2011-11-21 14:49:00,2011-11-21 14:49:00,0,195.36
17011.0,671.7,3,792,2010-02-03 13:50:00,2011-09-11 13:30:00,584,223.9
17012.0,384.16,1,268,2009-12-14 17:34:00,2009-12-14 17:34:00,0,384.16
17014.0,586.33,3,245,2011-01-12 14:09:00,2011-07-11 14:51:00,180,195.44333333333336
17015.0,1842.56,3,1981,2011-07-06 13:19:00,2011-11-11 10:45:00,127,614.1866666666666
17016.0,552.4,1,309,2010-12-05 12:32:00,2010-12-05 12:32:00,0,552.4
17017.0,13480.01,28,10167,2009-03-12 13:22:00,2011-11-30 09:18:00,992,481.42892857142857
17018.0,2287.7,6,456,2009-05-12 10:27:00,2011-10-30 11:42:00,901,381.2833333333333
17019.0,4012.2,11,2643,2009-02-12 11:52:00,2011-11-28 13:06:00,1019,364.74545454545455
17020.0,935.62,2,860,2010-03-03 12:27:00,2010-06-15 13:06:00,104,467.81
17021.0,1182.22,6,992,2010-04-07 10:30:00,2010-12-09 15:38:00,246,197.03666666666666
17022.0,260.0,2,180,2010-03-10 10:27:00,2011-08-11 17:09:00,519,130.0
17023.0,800.1800000000001,3,530,2010-10-08 10:22:00,2010-11-01 15:09:00,24,266.7266666666667
17024.0,95.85,3,69,2011-01-09 15:21:00,2011-10-25 13:47:00,288,31.95
17025.0,1510.64,5,1024,2010-01-12 15:45:00,2011-10-10 09:06:00,635,302.12800000000004
17026.0,208.98000000000002,3,132,2010-05-12 12:47:00,2011-07-06 14:28:00,420,69.66000000000001
17027.0,1327.11,9,653,2009-10-12 12:10:00,2011-09-22 12:24:00,710,147.45666666666665
17028.0,1593.83,3,856,2009-12-18 14:28:00,2010-07-05 15:33:00,199,531.2766666666666
17029.0,2137.3,7,1265,2010-01-07 08:39:00,2011-08-21 11:06:00,591,305.3285714285715
17030.0,146.87,1,146,2011-07-10 08:49:00,2011-07-10 08:49:00,0,146.87
17031.0,2773.85,6,1595,2010-07-05 14:52:00,2011-11-28 10:23:00,510,462.30833333333334
17032.0,3004.6,8,1695,2009-10-12 15:36:00,2010-10-06 12:16:00,358,375.575
17033.0,1332.79,4,871,2010-07-11 12:55:00,2011-09-14 14:34:00,430,333.1975
17034.0,1283.92,5,700,2010-07-14 12:55:00,2011-11-23 15:14:00,497,256.784
17035.0,613.59,4,327,2009-03-12 10:37:00,2011-08-04 11:23:00,875,153.3975
17036.0,176.9,1,76,2010-11-21 14:26:00,2010-11-21 14:26:00,0,176.9
17037.0,1267.32,1,656,2011-09-13 12:49:00,2011-09-13 12:49:00,0,1267.32
17038.0,743.17,2,535,2010-10-20 16:04:00,2011-09-11 13:50:00,325,371.585
17039.0,1954.99,1,689,2010-04-14 12:56:00,2010-04-14 12:56:00,0,1954.99
17040.0,463.25,2,189,2010-07-06 15:08:00,2011-07-25 10:19:00,383,231.625
17041.0,1686.28,6,1337,2010-04-18 14:25:00,2011-11-13 11:21:00,573,281.0466666666667
17042.0,922.8199999999999,4,892,2011-05-27 10:15:00,2011-10-08 13:19:00,134,230.70499999999998
17043.0,2616.55,8,1624,2009-09-12 15:20:00,2011-10-19 10:56:00,766,327.06875
17044.0,11962.300000000001,12,5722,2009-07-12 12:25:00,2011-11-14 14:28:00,855,996.8583333333335
17045.0,827.6800000000001,5,294,2010-06-10 14:52:00,2011-08-18 17:09:00,434,165.536
17046.0,1906.07,5,1636,2010-03-29 13:46:00,2011-05-07 14:24:00,404,381.214
17047.0,2289.23,6,1184,2009-08-12 08:48:00,2011-09-15 13:27:00,764,381.53833333333336
17048.0,2071.68,7,1068,2010-01-18 13:55:00,2011-12-01 16:51:00,682,295.9542857142857
17049.0,9551.48,18,4042,2010-02-08 09:14:00,2011-11-18 13:18:00,648,530.6377777777777
17050.0,4691.79,11,2451,2010-01-26 14:54:00,2011-06-03 14:15:00,492,426.5263636363636
17051.0,714.39,4,513,2010-02-05 15:31:00,2011-05-29 14:13:00,477,178.5975
17052.0,413.75,1,261,2011-11-11 14:50:00,2011-11-11 14:50:00,0,413.75
17053.0,498.48,1,122,2011-01-08 10:23:00,2011-01-08 10:23:00,0,498.48
17054.0,1356.33,5,804,2011-04-18 14:32:00,2011-11-11 12:56:00,206,271.26599999999996
17055.0,239.55,1,87,2010-09-20 12:21:00,2010-09-20 12:21:00,0,239.55
17056.0,128.60000000000002,1,26,2009-01-12 12:55:00,2009-01-12 12:55:00,0,128.60000000000002
17057.0,294.74,1,129,2010-04-22 19:21:00,2010-04-22 19:21:00,0,294.74
17058.0,1179.89,3,592,2011-04-14 09:18:00,2011-09-19 10:13:00,158,393.2966666666667
17059.0,5602.53,9,3584,2010-01-26 14:43:00,2011-10-11 12:27:00,622,622.5033333333333
17060.0,234.24,1,216,2011-03-18 13:27:00,2011-03-18 13:27:00,0,234.24
17061.0,5232.2300000000005,11,1526,2011-04-21 13:29:00,2011-09-27 11:24:00,158,475.65727272727275
17062.0,1208.22,6,922,2010-05-12 11:59:00,2011-01-30 11:01:00,262,201.37
17063.0,3638.53,13,1899,2009-01-12 12:36:00,2011-11-18 16:19:00,1040,279.8869230769231
17064.0,859.35,3,318,2011-01-16 16:10:00,2011-12-10 10:18:00,327,286.45
17065.0,194.7,2,82,2010-12-03 11:40:00,2010-12-03 11:41:00,0,97.35
17066.0,228.34,1,93,2009-12-13 13:24:00,2009-12-13 13:24:00,0,228.34
17067.0,454.54,3,322,2009-08-12 12:03:00,2009-12-15 08:39:00,124,151.51333333333335
17068.0,9161.08,47,4435,2010-01-11 11:48:00,2011-11-27 13:14:00,685,194.91659574468085
17069.0,5794.28,14,3333,2009-03-12 12:27:00,2011-11-11 17:13:00,974,413.8771428571428
17070.0,445.32,2,234,2010-10-25 15:57:00,2011-08-17 17:01:00,296,222.66
17071.0,3801.2000000000003,13,1935,2010-01-24 13:05:00,2011-12-09 15:31:00,684,292.40000000000003
17072.0,282.05,1,218,2010-03-24 16:33:00,2010-03-24 16:33:00,0,282.05
17073.0,1446.09,4,759,2011-08-22 14:37:00,2011-11-22 11:47:00,91,361.5225
17074.0,203.05,1,19,2010-05-26 12:04:00,2010-05-26 12:04:00,0,203.05
17075.0,2241.73,10,787,2009-12-14 11:24:00,2011-11-22 11:58:00,708,224.173
17076.0,1242.75,6,514,2009-04-12 12:12:00,2011-11-03 08:59:00,934,207.125
17077.0,306.0,1,36,2010-10-05 16:36:00,2010-10-05 16:36:00,0,306.0
17078.0,378.2,2,788,2011-03-11 18:49:00,2011-03-11 19:17:00,0,189.1
17079.0,118.80000000000001,1,24,2011-09-22 15:34:00,2011-09-22 15:34:00,0,118.80000000000001
17080.0,957.53,7,569,2010-01-07 16:03:00,2011-11-17 12:59:00,678,136.79
17081.0,964.39,6,389,2010-02-22 13:19:00,2011-11-14 12:56:00,629,160.73166666666665
17082.0,4732.03,6,2526,2009-12-15 11:25:00,2011-06-11 15:17:00,543,788.6716666666666
17083.0,4049.79,9,1955,2010-01-07 10:41:00,2011-09-02 11:38:00,603,449.9766666666667
17084.0,5202.97,3,3292,2010-08-11 14:20:00,2011-04-11 14:54:00,243,1734.3233333333335
17085.0,7891.41,28,3603,2009-06-12 12:16:00,2011-08-08 14:15:00,787,281.8360714285714
17086.0,2050.08,6,1859,2011-02-12 13:54:00,2011-11-15 13:07:00,275,341.68
17087.0,221.53,1,113,2009-02-12 10:41:00,2009-02-12 10:41:00,0,221.53
17088.0,1991.01,4,868,2011-03-31 09:48:00,2011-11-11 14:23:00,225,497.7525
17089.0,128.45,1,35,2010-11-18 15:33:00,2010-11-18 15:33:00,0,128.45
17090.0,2925.44,12,1240,2010-07-19 16:02:00,2011-12-09 15:01:00,507,243.78666666666666
17091.0,7360.3,18,3665,2009-12-16 15:45:00,2011-08-11 10:17:00,602,408.90555555555557
17092.0,5594.96,11,3801,2010-02-02 16:42:00,2011-10-20 19:51:00,625,508.63272727272727
17093.0,235.88,1,114,2010-04-26 10:22:00,2010-04-26 10:22:00,0,235.88
17094.0,402.20000000000005,2,212,2010-12-10 10:48:00,2011-01-21 13:09:00,42,201.10000000000002
17095.0,2572.25,7,1695,2009-12-15 12:32:00,2011-11-17 12:21:00,701,367.4642857142857
17096.0,3759.1800000000003,11,1571,2010-02-06 14:48:00,2011-12-10 15:49:00,672,341.74363636363637
17097.0,1196.3,8,568,2010-05-10 14:09:00,2011-11-29 16:23:00,568,149.5375
17098.0,591.07,3,125,2010-06-17 10:30:00,2010-11-23 12:13:00,159,197.02333333333334
17099.0,582.17,1,317,2010-06-24 16:25:00,2010-06-24 16:25:00,0,582.17
17100.0,971.74,2,800,2011-11-21 16:36:00,2011-11-21 16:36:00,0,485.87
17101.0,2507.05,7,1175,2010-07-06 15:12:00,2011-11-29 13:57:00,510,358.15000000000003
17102.0,25.5,1,2,2011-03-23 10:08:00,2011-03-23 10:08:00,0,25.5
17103.0,424.3,1,471,2009-12-17 14:08:00,2009-12-17 14:08:00,0,424.3
17104.0,474.03000000000003,1,149,2010-12-10 12:21:00,2010-12-10 12:21:00,0,474.03000000000003
17105.0,665.78,2,693,2011-03-07 15:53:00,2011-06-02 14:46:00,86,332.89
17106.0,491.23,1,156,2010-11-15 14:11:00,2010-11-15 14:11:00,0,491.23
17107.0,16075.42,10,7544,2010-01-31 15:47:00,2011-09-25 14:37:00,601,1607.542
17108.0,174.95,1,31,2010-02-14 12:22:00,2010-02-14 12:22:00,0,174.95
17109.0,1295.46,8,789,2010-07-30 12:42:00,2011-10-26 13:31:00,453,161.9325
17110.0,510.7,3,142,2010-07-07 12:21:00,2011-06-27 12:58:00,355,170.23333333333332
17111.0,476.58,2,601,2010-10-10 15:21:00,2011-10-23 15:59:00,378,238.29
17112.0,205.17000000000002,1,134,2010-07-25 11:14:00,2010-07-25 11:14:00,0,205.17000000000002
17113.0,2322.59,6,915,2010-03-24 09:46:00,2010-11-04 13:07:00,225,387.09833333333336
17114.0,808.62,8,219,2011-02-15 13:50:00,2011-09-01 11:39:00,197,101.0775
17115.0,2761.4900000000002,7,885,2009-05-12 12:13:00,2011-10-06 08:54:00,876,394.49857142857144
17116.0,389.78,1,392,2010-01-03 16:29:00,2010-01-03 16:29:00,0,389.78
17117.0,116.2,1,68,2011-02-24 13:54:00,2011-02-24 13:54:00,0,116.2
17118.0,157.02,1,154,2011-01-26 12:19:00,2011-01-26 12:19:00,0,157.02
17119.0,547.25,1,306,2011-11-10 11:03:00,2011-11-10 11:03:00,0,547.25
17120.0,307.46,1,120,2011-04-20 15:21:00,2011-04-20 15:21:00,0,307.46
17121.0,314.74,1,106,2010-02-11 11:47:00,2010-02-11 11:47:00,0,314.74
17122.0,570.5,4,368,2010-07-28 09:34:00,2011-12-08 14:33:00,498,142.625
17123.0,977.1700000000001,3,676,2010-05-16 11:52:00,2011-01-07 10:47:00,235,325.72333333333336
17124.0,298.89,1,130,2011-07-06 14:02:00,2011-07-06 14:02:00,0,298.89
17125.0,259.35,1,291,2011-10-20 14:41:00,2011-10-20 14:41:00,0,259.35
17126.0,2070.44,9,1468,2010-03-10 13:47:00,2011-10-07 13:52:00,576,230.04888888888888
17127.0,1155.0300000000002,5,340,2009-04-12 15:18:00,2010-09-21 16:14:00,527,231.00600000000003
17128.0,157.09,1,76,2011-09-01 12:02:00,2011-09-01 12:02:00,0,157.09
17129.0,31.85,1,5,2010-07-07 13:46:00,2010-07-07 13:46:00,0,31.85
17131.0,2463.17,5,983,2011-04-12 12:52:00,2011-10-23 15:09:00,194,492.634
17132.0,1272.8,2,980,2010-08-08 13:49:00,2010-09-13 16:31:00,36,636.4
17133.0,14622.33,12,10107,2010-03-21 12:31:00,2011-11-24 12:27:00,612,1218.5275
17134.0,637.1,3,148,2010-09-23 18:32:00,2011-08-25 09:53:00,335,212.36666666666667
17135.0,1954.16,10,1922,2010-03-12 09:31:00,2011-11-23 16:48:00,621,195.416
17136.0,231.68,1,256,2010-02-15 13:13:00,2010-02-15 13:13:00,0,231.68
17137.0,1133.63,6,697,2010-01-31 12:27:00,2010-10-19 14:51:00,261,188.93833333333336
17138.0,4417.27,7,2024,2010-03-22 14:34:00,2011-09-03 11:54:00,529,631.0385714285715
17139.0,19584.46,25,9859,2010-02-19 13:15:00,2011-12-09 13:16:00,658,783.3783999999999
17140.0,465.32,1,302,2011-06-04 13:33:00,2011-06-04 13:33:00,0,465.32
17141.0,754.33,4,436,2010-01-24 14:19:00,2010-10-17 14:54:00,266,188.5825
17142.0,1283.75,4,323,2010-01-24 15:23:00,2011-04-14 18:22:00,445,320.9375
17143.0,924.11,2,330,2010-10-18 15:27:00,2010-12-07 13:26:00,49,462.055
17144.0,595.89,1,351,2011-09-16 12:50:00,2011-09-16 12:50:00,0,595.89
17145.0,3120.91,4,2591,2010-02-19 12:07:00,2010-07-15 09:02:00,145,780.2275
17146.0,5860.24,13,2192,2010-01-07 09:36:00,2011-08-26 12:44:00,596,450.7876923076923
17147.0,3199.95,9,1308,2010-03-23 13:52:00,2011-11-17 12:32:00,603,355.54999999999995
17148.0,124.88,1,82,2011-10-19 09:59:00,2011-10-19 09:59:00,0,124.88
17149.0,143.10000000000002,1,18,2010-09-14 14:56:00,2010-09-14 14:56:00,0,143.10000000000002
17150.0,1375.65,6,403,2009-06-12 10:51:00,2010-11-28 11:27:00,534,229.275
17151.0,231.90000000000003,1,42,2009-04-12 14:56:00,2009-04-12 14:56:00,0,231.90000000000003
17152.0,2016.5,4,577,2010-10-10 12:40:00,2011-05-29 12:19:00,230,504.125
17153.0,213.78,1,104,2011-11-15 13:42:00,2011-11-15 13:42:00,0,213.78
17154.0,329.34,1,490,2011-09-25 13:42:00,2011-09-25 13:42:00,0,329.34
17155.0,892.46,7,987,2009-03-12 11:34:00,2011-11-22 12:38:00,985,127.49428571428572
17156.0,591.87,1,391,2010-05-08 11:30:00,2010-05-08 11:30:00,0,591.87
17157.0,5151.900000000001,19,2092,2009-04-12 13:00:00,2011-06-16 15:08:00,795,271.1526315789474
17158.0,1980.0,5,1147,2010-07-03 15:50:00,2011-07-11 15:15:00,372,396.0
17159.0,2099.59,5,1348,2010-04-03 14:53:00,2011-11-18 10:52:00,593,419.918
17160.0,10209.16,17,8390,2009-04-12 10:57:00,2011-12-04 12:00:00,966,600.5388235294117
17161.0,856.01,1,537,2010-09-21 16:44:00,2010-09-21 16:44:00,0,856.01
17162.0,1715.46,10,1001,2011-02-06 09:02:00,2011-11-11 11:34:00,278,171.546
17163.0,699.78,4,531,2010-02-02 10:39:00,2011-11-18 08:57:00,653,174.945
17164.0,2467.35,7,1501,2011-07-11 09:12:00,2011-11-07 12:47:00,119,352.4785714285714
17165.0,1794.32,6,788,2009-11-12 09:18:00,2011-02-28 16:39:00,473,299.05333333333334
17166.0,206.34,2,78,2011-01-11 09:46:00,2011-05-20 08:18:00,128,103.17
17167.0,867.11,3,429,2010-09-20 14:02:00,2010-11-25 10:05:00,65,289.0366666666667
17168.0,400.2,1,220,2010-07-29 12:33:00,2010-07-29 12:33:00,0,400.2
17169.0,1156.73,3,671,2010-10-05 13:00:00,2011-10-13 10:25:00,372,385.57666666666665
17170.0,178.68,2,152,2010-11-15 16:23:00,2010-11-30 15:55:00,14,89.34
17171.0,384.59000000000003,2,225,2010-02-16 12:02:00,2011-02-23 16:37:00,372,192.29500000000002
17172.0,956.5699999999999,3,1215,2009-12-13 11:46:00,2011-09-22 09:36:00,647,318.8566666666666
17173.0,3209.4,7,922,2011-07-31 15:26:00,2011-12-10 12:51:00,131,458.4857142857143
17174.0,59.9,1,41,2011-06-05 11:47:00,2011-06-05 11:47:00,0,59.9
17175.0,1443.69,4,866,2011-02-16 14:56:00,2011-12-06 12:08:00,292,360.9225
17176.0,902.3199999999999,3,576,2010-01-07 12:11:00,2011-05-22 12:41:00,500,300.7733333333333
17177.0,119.5,1,40,2010-07-22 14:53:00,2010-07-22 14:53:00,0,119.5
17178.0,436.71000000000004,1,101,2009-08-12 16:20:00,2009-08-12 16:20:00,0,436.71000000000004
17179.0,1507.26,6,625,2010-05-26 11:22:00,2011-06-14 16:48:00,384,251.21
17180.0,2256.98,11,1828,2010-01-21 17:43:00,2011-12-04 16:20:00,681,205.18
17181.0,465.37,3,484,2010-01-12 12:38:00,2011-10-13 14:48:00,639,155.12333333333333
17182.0,321.3,2,54,2009-12-21 15:22:00,2010-10-13 10:09:00,295,160.65
17183.0,3347.31,6,1296,2011-02-12 10:07:00,2011-11-17 14:41:00,278,557.885
17184.0,198.41000000000003,2,73,2009-09-12 14:17:00,2010-05-19 14:24:00,249,99.20500000000001
17185.0,229.46,3,119,2010-04-20 13:49:00,2010-04-27 12:15:00,6,76.48666666666666
17186.0,144.0,2,200,2011-10-10 12:52:00,2011-10-24 10:20:00,13,72.0
17187.0,467.71,2,426,2010-01-07 14:38:00,2011-04-27 12:39:00,474,233.855
17188.0,4592.93,13,2569,2009-08-12 19:16:00,2011-11-28 13:53:00,837,353.3023076923077
17189.0,957.63,5,604,2009-02-12 11:45:00,2011-08-25 19:39:00,924,191.526
17190.0,1743.04,7,2225,2010-01-11 14:11:00,2011-12-10 11:33:00,697,249.00571428571428
17191.0,4836.05,15,2536,2009-01-12 16:34:00,2011-11-11 16:58:00,1033,322.40333333333336
17192.0,77.83,1,46,2010-06-21 16:07:00,2010-06-21 16:07:00,0,77.83
17193.0,2310.04,9,1668,2009-02-12 10:02:00,2011-12-10 12:16:00,1031,256.6711111111111
17194.0,812.5,3,420,2010-06-27 13:16:00,2011-11-03 12:05:00,493,270.8333333333333
17195.0,562.98,1,486,2010-02-22 13:05:00,2010-02-22 13:05:00,0,562.98
17196.0,352.9,1,168,2010-08-10 11:31:00,2010-08-10 11:31:00,0,352.9
17197.0,1013.01,1,191,2011-10-11 10:32:00,2011-10-11 10:32:00,0,1013.01
17198.0,1213.88,3,599,2010-03-12 14:54:00,2011-11-16 10:39:00,613,404.6266666666667
17199.0,145.12,1,304,2010-06-05 13:53:00,2010-06-05 13:53:00,0,145.12
17200.0,356.71,4,367,2010-02-25 13:23:00,2010-11-17 13:04:00,264,89.1775
17201.0,1242.04,4,1075,2010-04-07 11:40:00,2011-10-17 11:55:00,558,310.51
17202.0,160.65,1,55,2010-10-15 11:25:00,2010-10-15 11:25:00,0,160.65
17203.0,5575.88,10,4606,2010-11-16 12:52:00,2011-10-18 12:07:00,335,557.588
17204.0,5504.6900000000005,9,2651,2010-09-27 12:21:00,2011-12-04 15:32:00,433,611.6322222222223
17205.0,999.35,3,2214,2010-05-24 15:36:00,2011-10-17 12:46:00,510,333.1166666666667
17206.0,204.24,1,76,2011-10-17 13:25:00,2011-10-17 13:25:00,0,204.24
17207.0,303.21999999999997,1,241,2010-02-25 19:08:00,2010-02-25 19:08:00,0,303.21999999999997
17208.0,115.35,1,103,2010-09-11 12:50:00,2010-09-11 12:50:00,0,115.35
17209.0,611.6,3,731,2009-03-12 11:10:00,2010-02-28 16:01:00,353,203.86666666666667
17210.0,253.37,1,243,2010-12-11 12:15:00,2010-12-11 12:15:00,0,253.37
17211.0,4046.65,13,2345,2009-12-13 13:17:00,2011-12-06 13:21:00,723,311.28076923076924
17212.0,794.41,3,727,2010-07-09 15:46:00,2011-03-31 19:42:00,265,264.80333333333334
17213.0,5182.3,13,2179,2009-12-15 10:28:00,2011-10-30 14:53:00,684,398.63846153846157
17214.0,1069.1200000000001,6,276,2010-12-15 15:14:00,2011-10-10 13:17:00,298,178.1866666666667
17215.0,186.15,1,104,2010-01-09 13:39:00,2010-01-09 13:39:00,0,186.15
17216.0,65.05,1,22,2010-03-06 13:03:00,2010-03-06 13:03:00,0,65.05
17217.0,218.0,2,95,2010-03-30 13:35:00,2011-04-19 17:19:00,385,109.0
17218.0,4083.99,17,2147,2010-01-04 19:54:00,2011-11-28 13:27:00,692,240.23470588235293
17219.0,259.13,2,188,2010-10-19 11:29:00,2011-08-11 11:25:00,295,129.565
17220.0,4481.75,21,2699,2010-01-20 11:57:00,2011-11-15 13:47:00,664,213.41666666666666
17221.0,978.52,5,715,2010-04-27 10:27:00,2011-03-11 17:39:00,318,195.704
17222.0,1605.01,6,863,2010-01-03 16:35:00,2011-05-10 13:58:00,491,267.50166666666667
17223.0,873.53,3,222,2010-06-12 14:08:00,2011-02-02 15:57:00,235,291.1766666666667
17224.0,100.86000000000001,1,65,2010-07-26 13:30:00,2010-07-26 13:30:00,0,100.86000000000001
17225.0,131.15,1,36,2010-07-05 11:38:00,2010-07-05 11:38:00,0,131.15
17226.0,900.12,3,855,2010-09-21 10:10:00,2011-04-02 11:52:00,193,300.04
17227.0,2022.03,12,1774,2010-01-07 15:08:00,2011-11-21 10:51:00,682,168.5025
17228.0,3177.24,13,2568,2010-02-05 14:28:00,2011-11-24 10:24:00,656,244.4030769230769
17229.0,318.76,2,185,2011-04-09 13:56:00,2011-07-20 12:38:00,101,159.38
17230.0,9924.95,18,3903,2009-08-12 13:41:00,2011-03-20 16:12:00,585,551.3861111111112
17231.0,7197.04,25,3738,2009-07-12 16:38:00,2011-11-27 15:18:00,867,287.8816
17232.0,208.04000000000002,1,110,2011-11-25 12:24:00,2011-11-25 12:24:00,0,208.04000000000002
17233.0,560.86,3,298,2009-12-15 12:03:00,2011-04-11 14:06:00,482,186.95333333333335
17234.0,149.89,1,55,2011-10-06 11:20:00,2011-10-06 11:20:00,0,149.89
17235.0,1904.88,8,971,2010-02-12 13:38:00,2011-11-14 15:51:00,640,238.11
17236.0,1929.26,12,804,2010-02-07 11:27:00,2011-11-27 12:00:00,658,160.77166666666668
17237.0,1002.08,4,415,2010-11-23 11:45:00,2011-11-28 15:02:00,370,250.52
17238.0,7644.43,31,3642,2009-01-12 10:59:00,2011-11-22 12:09:00,1044,246.59451612903226
17239.0,1189.45,4,515,2010-01-07 10:53:00,2011-01-31 09:41:00,388,297.3625
17240.0,130.60000000000002,1,108,2010-04-22 15:44:00,2010-04-22 15:44:00,0,130.60000000000002
17241.0,2744.14,12,865,2010-01-03 10:36:00,2010-12-07 13:15:00,338,228.6783333333333
17242.0,2889.2799999999997,5,1459,2010-01-24 10:27:00,2011-12-06 13:04:00,681,577.856
17243.0,20285.56,68,8076,2009-01-12 15:36:00,2011-11-25 12:29:00,1046,298.3170588235294
17244.0,1826.04,5,1419,2009-06-12 11:27:00,2011-10-17 15:19:00,857,365.20799999999997
17245.0,371.63,2,307,2010-01-19 15:39:00,2011-05-19 10:43:00,484,185.815
17246.0,38.92,2,36,2009-01-12 17:45:00,2010-11-06 12:36:00,662,19.46
17247.0,282.19,1,106,2011-11-24 15:21:00,2011-11-24 15:21:00,0,282.19
17248.0,546.16,2,292,2010-08-15 11:55:00,2011-11-08 13:34:00,450,273.08
17249.0,68.03,1,79,2010-07-10 11:33:00,2010-07-10 11:33:00,0,68.03
17250.0,162.65,1,70,2011-03-23 16:45:00,2011-03-23 16:45:00,0,162.65
17251.0,812.4300000000001,3,379,2009-12-15 10:36:00,2010-12-12 11:06:00,362,270.81
17252.0,353.86,2,193,2011-06-06 16:41:00,2011-08-15 09:45:00,69,176.93
17253.0,178.26,1,43,2011-11-21 12:59:00,2011-11-21 12:59:00,0,178.26
17254.0,368.59999999999997,2,297,2010-03-11 14:00:00,2011-11-24 14:09:00,623,184.29999999999998
17255.0,799.13,4,594,2010-09-19 15:53:00,2011-10-30 12:18:00,405,199.7825
17256.0,498.93,5,299,2010-04-18 13:40:00,2011-08-24 13:30:00,492,99.786
17257.0,192.73,2,188,2010-09-29 12:49:00,2010-09-29 12:51:00,0,96.365
17258.0,417.3,2,188,2010-08-11 12:37:00,2010-12-02 15:51:00,113,208.65
17259.0,1889.34,6,1158,2010-02-22 13:38:00,2011-07-14 15:01:00,507,314.89
17260.0,120.95,1,23,2010-10-24 13:21:00,2010-10-24 13:21:00,0,120.95
17261.0,230.44,1,98,2010-07-18 11:49:00,2010-07-18 11:49:00,0,230.44
17262.0,2757.62,11,709,2009-12-15 11:26:00,2011-10-18 12:56:00,672,250.69272727272727
17263.0,63.440000000000005,1,36,2011-05-15 14:32:00,2011-05-15 14:32:00,0,63.440000000000005
17264.0,279.59,1,227,2010-11-10 12:52:00,2010-11-10 12:52:00,0,279.59
17265.0,562.9,2,394,2011-07-24 10:49:00,2011-12-06 12:00:00,135,281.45
17266.0,320.15,3,118,2010-07-28 16:39:00,2011-07-15 11:57:00,351,106.71666666666665
17267.0,317.62,2,159,2011-04-08 17:19:00,2011-04-08 17:22:00,0,158.81
17268.0,1733.8899999999999,11,1395,2009-08-12 11:46:00,2011-12-07 13:26:00,847,157.62636363636364
17269.0,537.46,1,336,2010-11-19 11:12:00,2010-11-19 11:12:00,0,537.46
17270.0,604.4,2,421,2009-07-12 17:18:00,2010-08-27 14:09:00,410,302.2
17271.0,210.39,1,117,2009-03-12 13:49:00,2009-03-12 13:49:00,0,210.39
17272.0,2148.63,4,1778,2011-03-22 12:05:00,2011-10-28 16:37:00,220,537.1575
17273.0,141.12,1,133,2010-11-10 15:57:00,2010-11-10 15:57:00,0,141.12
17274.0,577.38,2,273,2010-09-11 12:06:00,2011-04-11 13:16:00,212,288.69
17275.0,114.52,1,72,2010-11-21 13:26:00,2010-11-21 13:26:00,0,114.52
17276.0,508.39,1,189,2010-02-11 16:20:00,2010-02-11 16:20:00,0,508.39
17277.0,1065.3500000000001,2,430,2011-01-21 12:37:00,2011-04-26 12:47:00,95,532.6750000000001
17278.0,271.24,2,195,2010-05-23 13:49:00,2011-12-04 13:10:00,559,135.62
17279.0,187.82999999999998,1,48,2011-10-13 11:58:00,2011-10-13 11:58:00,0,187.82999999999998
17280.0,118.86,1,74,2010-09-27 16:46:00,2010-09-27 16:46:00,0,118.86
17281.0,797.85,6,295,2010-04-02 13:00:00,2010-11-30 18:05:00,242,132.975
17282.0,2339.66,5,2351,2010-09-06 12:07:00,2011-06-19 10:20:00,285,467.93199999999996
17283.0,188.46,1,179,2010-11-26 11:53:00,2010-11-26 11:53:00,0,188.46
17284.0,2793.16,8,2071,2010-09-20 16:18:00,2011-11-08 12:00:00,413,349.145
17285.0,428.34,2,140,2010-02-14 14:10:00,2010-03-21 13:38:00,34,214.17
17286.0,395.48,3,371,2010-04-11 13:43:00,2011-11-18 12:47:00,585,131.82666666666668
17287.0,4111.96,21,2101,2009-03-12 12:45:00,2011-11-13 13:27:00,976,195.80761904761906
17288.0,2499.98,11,1706,2010-10-11 14:44:00,2011-11-30 16:09:00,415,227.2709090909091
17289.0,2079.39,9,1260,2010-08-03 12:52:00,2011-12-06 13:51:00,490,231.04333333333332
17290.0,1329.23,7,1019,2009-12-13 13:28:00,2011-11-23 15:53:00,710,189.89000000000001
17291.0,550.8000000000001,1,72,2011-04-02 13:04:00,2011-04-02 13:04:00,0,550.8000000000001
17292.0,271.75,2,131,2010-08-24 17:14:00,2010-09-05 14:52:00,11,135.875
17293.0,3774.23,17,2234,2009-03-12 15:09:00,2011-12-10 14:22:00,1002,222.0135294117647
17294.0,467.79,2,297,2010-08-02 14:21:00,2010-08-02 16:12:00,0,233.895
17295.0,556.95,3,294,2011-06-10 12:22:00,2011-11-11 10:49:00,153,185.65
17296.0,338.13,1,216,2009-09-12 14:01:00,2009-09-12 14:01:00,0,338.13
17297.0,131.78,1,67,2011-11-22 14:43:00,2011-11-22 14:43:00,0,131.78
17298.0,957.5600000000001,5,854,2010-03-08 12:51:00,2011-08-30 16:43:00,540,191.512
17299.0,1016.08,6,934,2010-08-15 16:00:00,2011-11-28 12:01:00,469,169.34666666666666
17300.0,393.64,2,467,2010-08-15 11:02:00,2010-11-14 10:56:00,90,196.82
17301.0,330.43,2,229,2010-03-25 13:16:00,2011-11-18 13:43:00,603,165.215
17302.0,1135.63,5,575,2011-05-15 11:29:00,2011-11-25 09:36:00,193,227.12600000000003
17303.0,250.04,1,144,2010-12-13 13:32:00,2010-12-13 13:32:00,0,250.04
17304.0,111.5,1,73,2010-06-23 16:23:00,2010-06-23 16:23:00,0,111.5
17305.0,2135.46,1,1006,2010-01-03 12:47:00,2010-01-03 12:47:00,0,2135.46
17306.0,9782.35,21,13747,2010-01-11 11:38:00,2011-11-29 12:14:00,687,465.8261904761905
17307.0,3999.8900000000003,11,3667,2010-01-19 16:38:00,2010-11-10 12:31:00,294,363.6263636363637
17308.0,4511.76,2,5148,2010-09-13 09:35:00,2010-11-11 13:19:00,59,2255.88
17309.0,330.59,3,193,2010-04-02 15:49:00,2011-05-09 15:20:00,401,110.19666666666666
17310.0,1025.1,2,402,2010-06-23 11:38:00,2010-11-17 16:00:00,147,512.55
17311.0,3566.56,6,2755,2010-03-02 12:38:00,2011-09-22 14:11:00,569,594.4266666666666
17312.0,644.3,3,372,2011-03-07 13:12:00,2011-07-24 11:52:00,138,214.76666666666665
17313.0,2328.84,1,1402,2011-08-11 15:45:00,2011-08-11 15:45:00,0,2328.84
17314.0,4904.43,17,3663,2009-03-12 11:25:00,2011-12-10 14:56:00,1003,288.4958823529412
17315.0,9460.42,42,4993,2010-01-11 13:26:00,2011-12-05 16:52:00,693,225.24809523809523
17316.0,124.45,1,44,2010-10-15 14:35:00,2010-10-15 14:35:00,0,124.45
17317.0,2600.34,3,1146,2011-10-18 09:07:00,2011-11-09 12:45:00,22,866.7800000000001
17318.0,164.28,1,60,2009-12-14 13:11:00,2009-12-14 13:11:00,0,164.28
17319.0,29.099999999999998,1,14,2010-08-02 15:47:00,2010-08-02 15:47:00,0,29.099999999999998
17320.0,2895.77,6,1392,2010-01-21 16:29:00,2011-08-31 13:31:00,586,482.62833333333333
17321.0,1741.18,6,817,2010-02-06 13:12:00,2011-03-10 11:34:00,396,290.19666666666666
17322.0,922.59,5,631,2009-03-12 11:46:00,2010-11-28 14:41:00,626,184.518
17323.0,1565.59,12,1442,2010-02-25 19:39:00,2011-11-24 17:29:00,636,130.46583333333334
17324.0,2301.87,12,1537,2009-12-18 15:29:00,2011-12-01 11:21:00,712,191.8225
17325.0,609.5699999999999,3,465,2010-08-03 11:31:00,2011-04-03 13:09:00,243,203.18999999999997
17326.0,321.95,2,140,2010-06-28 14:05:00,2010-10-27 15:38:00,121,160.975
17327.0,152.35,2,59,2010-05-26 11:20:00,2010-10-26 09:54:00,152,76.175
17328.0,104.7,1,86,2010-04-02 17:11:00,2010-04-02 17:11:00,0,104.7
17329.0,1004.4300000000001,5,432,2009-03-12 16:09:00,2011-11-25 14:24:00,987,200.88600000000002
17330.0,423.8,4,122,2010-02-03 09:20:00,2011-11-17 08:56:00,651,105.95
17331.0,175.2,1,16,2011-08-08 11:55:00,2011-08-08 11:55:00,0,175.2
17332.0,838.27,5,794,2010-02-21 14:41:00,2010-09-05 12:05:00,195,167.654
17333.0,494.25,1,375,2011-09-15 10:11:00,2011-09-15 10:11:00,0,494.25
17334.0,635.1500000000001,3,566,2010-10-29 12:16:00,2011-10-02 14:59:00,338,211.7166666666667
17335.0,508.0,2,216,2010-01-24 11:15:00,2010-11-21 10:17:00,300,254.0
17336.0,81.12,1,48,2010-08-24 15:37:00,2010-08-24 15:37:00,0,81.12
17337.0,2027.8700000000001,4,1269,2011-02-02 17:06:00,2011-12-05 20:13:00,306,506.96750000000003
17338.0,12142.57,17,5879,2010-05-24 14:17:00,2011-12-01 13:40:00,555,714.2688235294117
17339.0,362.36,3,188,2010-07-18 13:08:00,2011-06-09 13:29:00,326,120.78666666666668
17340.0,22404.82,18,11210,2010-02-14 14:54:00,2011-11-08 12:58:00,631,1244.7122222222222
17341.0,1889.83,5,1169,2010-06-17 18:17:00,2011-06-07 12:33:00,354,377.966
17342.0,1227.54,4,521,2010-02-16 16:50:00,2010-11-25 11:07:00,281,306.885
17343.0,1259.94,6,454,2009-03-12 18:30:00,2010-12-19 15:07:00,646,209.99
17344.0,468.11,2,213,2009-11-12 12:31:00,2011-10-24 12:56:00,711,234.055
17345.0,1604.68,10,2013,2009-01-12 16:17:00,2011-11-24 15:03:00,1045,160.46800000000002
17346.0,5185.91,25,3587,2010-01-12 14:34:00,2011-12-10 11:58:00,696,207.4364
17347.0,228.96,1,216,2011-09-14 13:12:00,2011-09-14 13:12:00,0,228.96
17348.0,2476.41,9,2793,2010-04-27 10:48:00,2011-11-25 11:25:00,577,275.15666666666664
17349.0,852.25,5,840,2010-03-18 14:26:00,2011-06-13 14:29:00,452,170.45
17350.0,1906.041,7,1216,2010-01-02 15:38:00,2011-10-25 12:06:00,660,272.29157142857144
17351.0,1988.23,12,383,2009-10-12 18:43:00,2011-11-03 16:05:00,751,165.68583333333333
17352.0,36.25,1,15,2010-12-01 16:13:00,2010-12-01 16:13:00,0,36.25
17353.0,3242.0,4,2168,2010-03-25 12:52:00,2011-08-07 16:17:00,500,810.5
17354.0,3143.46,4,2535,2010-07-10 13:22:00,2011-10-20 10:34:00,466,785.865
17355.0,285.11,1,257,2010-11-18 13:18:00,2010-11-18 13:18:00,0,285.11
17356.0,946.47,5,925,2010-01-20 12:14:00,2011-01-02 11:07:00,346,189.294
17357.0,388.14,2,153,2011-11-15 16:29:00,2011-11-15 16:30:00,0,194.07
17358.0,866.05,5,442,2010-02-24 16:42:00,2011-09-02 16:57:00,555,173.20999999999998
17359.0,284.46,2,237,2010-01-03 14:48:00,2011-11-28 14:37:00,693,142.23
17360.0,1231.3799999999999,6,636,2010-01-10 12:07:00,2011-11-22 13:11:00,681,205.23
17361.0,880.64,5,383,2010-01-02 14:30:00,2011-10-21 15:43:00,657,176.128
17362.0,1024.04,7,549,2010-01-02 12:25:00,2011-04-14 14:43:00,467,146.29142857142855
17363.0,940.86,3,523,2010-02-11 17:25:00,2010-09-11 17:11:00,211,313.62
17364.0,11649.9,26,7277,2009-07-12 15:28:00,2011-12-01 16:57:00,872,448.0730769230769
17365.0,8224.98,15,8056,2010-01-02 11:56:00,2011-11-27 12:13:00,694,548.332
17366.0,1096.24,2,510,2010-03-10 16:04:00,2010-09-09 19:46:00,183,548.12
17367.0,168.4,1,150,2011-04-15 14:21:00,2011-04-15 14:21:00,0,168.4
17368.0,2826.14,14,2343,2009-12-15 17:45:00,2011-11-16 15:26:00,700,201.86714285714285
17369.0,979.2,1,1152,2010-10-09 09:49:00,2010-10-09 09:49:00,0,979.2
17370.0,446.18,4,540,2011-06-23 11:50:00,2011-09-28 10:14:00,96,111.545
17371.0,662.55,6,283,2009-08-12 12:25:00,2011-11-22 13:30:00,832,110.425
17372.0,4377.56,28,1876,2009-03-12 18:41:00,2011-10-30 11:37:00,961,156.3414285714286
17373.0,1167.5,7,738,2010-02-28 14:17:00,2011-10-30 15:28:00,609,166.78571428571428
17374.0,727.11,3,155,2010-09-11 17:14:00,2011-05-05 09:05:00,235,242.37
17375.0,660.55,4,480,2010-04-10 09:14:00,2011-05-24 15:45:00,409,165.1375
17376.0,453.64,4,244,2010-05-07 11:11:00,2011-09-30 12:36:00,511,113.41
17377.0,18319.41,78,7589,2009-02-12 12:39:00,2011-11-16 11:17:00,1006,234.86423076923077
17378.0,10.95,1,1,2010-11-30 18:46:00,2010-11-30 18:46:00,0,10.95
17379.0,404.66,1,663,2011-11-28 13:56:00,2011-11-28 13:56:00,0,404.66
17380.0,645.0,3,252,2010-01-10 16:42:00,2010-07-27 10:34:00,197,215.0
17381.0,40002.37,38,45767,2010-02-12 12:58:00,2011-12-08 13:27:00,664,1052.693947368421
17382.0,902.28,8,457,2010-01-07 10:35:00,2011-05-10 13:05:00,488,112.785
17383.0,110.7,1,12,2010-12-09 14:54:00,2010-12-09 14:54:00,0,110.7
17384.0,507.55,3,121,2010-08-29 16:01:00,2011-11-20 15:48:00,447,169.18333333333334
17385.0,261.11,1,201,2011-11-25 11:02:00,2011-11-25 11:02:00,0,261.11
17386.0,2812.77,7,1955,2010-11-19 13:40:00,2011-08-18 12:23:00,271,401.82428571428574
17387.0,784.11,2,542,2011-06-11 11:25:00,2011-11-20 11:00:00,161,392.055
17388.0,2691.57,11,2567,2009-10-12 11:45:00,2011-12-05 13:41:00,784,244.68818181818185
17389.0,51347.9,58,16512,2009-04-12 12:06:00,2011-12-01 15:48:00,963,885.3086206896552
17390.0,149.3,1,49,2010-10-15 11:29:00,2010-10-15 11:29:00,0,149.3
17391.0,508.8,2,480,2011-06-28 12:21:00,2011-06-29 09:58:00,0,254.4
17392.0,626.56,3,493,2010-09-15 16:17:00,2011-06-02 12:48:00,259,208.85333333333332
17393.0,381.15000000000003,2,238,2010-08-08 15:53:00,2010-10-25 11:10:00,77,190.57500000000002
17394.0,203.86999999999998,1,241,2011-04-05 13:22:00,2011-04-05 13:22:00,0,203.86999999999998
17395.0,97.5,1,66,2010-07-19 15:34:00,2010-07-19 15:34:00,0,97.5
17396.0,8807.1,14,2419,2010-03-12 09:45:00,2011-10-31 14:12:00,598,629.0785714285714
17397.0,1233.18,3,697,2010-10-19 13:20:00,2011-11-17 14:08:00,394,411.06
17398.0,653.38,3,310,2011-03-29 13:04:00,2011-08-17 09:48:00,140,217.79333333333332
17400.0,4677.05,8,2199,2009-12-17 15:41:00,2011-05-13 17:34:00,512,584.63125
17401.0,114.85,1,34,2010-06-16 16:54:00,2010-06-16 16:54:00,0,114.85
17402.0,4809.38,22,1483,2009-12-16 17:40:00,2011-10-20 12:40:00,672,218.60818181818183
17403.0,400.57,2,194,2010-09-15 12:29:00,2011-03-11 15:18:00,177,200.285
17404.0,47543.12,22,50639,2010-01-20 08:27:00,2011-12-05 12:36:00,684,2161.050909090909
17405.0,883.01,2,562,2011-09-28 10:27:00,2011-12-07 14:17:00,70,441.505
17406.0,4905.05,13,2124,2009-06-12 13:45:00,2011-10-01 15:07:00,841,377.3115384615385
17407.0,552.9,1,426,2010-10-24 11:57:00,2010-10-24 11:57:00,0,552.9
17408.0,316.09000000000003,3,163,2010-07-13 14:02:00,2011-06-29 12:53:00,350,105.36333333333334
17409.0,7793.51,10,4089,2009-11-12 12:17:00,2011-08-06 10:36:00,631,779.351
17410.0,1214.72,5,616,2011-02-11 12:23:00,2011-12-10 13:55:00,302,242.94400000000002
17411.0,1425.38,5,608,2009-03-12 12:02:00,2011-11-27 14:25:00,990,285.076
17412.0,4231.12,15,2518,2009-02-12 13:51:00,2011-11-16 12:21:00,1006,282.07466666666664
17413.0,560.14,2,302,2010-05-19 11:11:00,2010-10-31 12:33:00,165,280.07
17414.0,2249.52,6,6256,2009-03-12 16:49:00,2011-10-27 12:13:00,958,374.92
17415.0,507.84,1,114,2011-09-21 12:50:00,2011-09-21 12:50:00,0,507.84
17416.0,17298.45,22,8769,2009-12-14 16:29:00,2011-10-11 12:47:00,665,786.2931818181819
17417.0,164.18,1,76,2010-09-06 10:00:00,2010-09-06 10:00:00,0,164.18
17418.0,670.0600000000001,3,521,2010-11-17 13:42:00,2011-10-28 13:00:00,344,223.35333333333335
17419.0,6500.52,18,3087,2010-01-25 13:19:00,2011-11-28 13:47:00,672,361.14000000000004
17420.0,1084.43,6,499,2010-01-12 09:56:00,2011-10-20 14:52:00,646,180.73833333333334
17421.0,1059.41,3,807,2009-04-12 15:43:00,2010-11-18 16:57:00,585,353.1366666666667
17422.0,3594.76,11,3538,2010-02-08 12:30:00,2011-12-06 13:22:00,666,326.79636363636365
17423.0,1118.95,3,790,2010-11-11 12:26:00,2011-10-24 13:36:00,347,372.98333333333335
17425.0,759.1700000000001,2,407,2011-10-10 11:37:00,2011-11-20 15:30:00,41,379.58500000000004
17426.0,8077.77,13,5187,2010-02-17 13:39:00,2011-09-09 15:51:00,569,621.3669230769231
17427.0,100.8,1,34,2011-09-29 11:29:00,2011-09-29 11:29:00,0,100.8
17428.0,31404.16,44,17448,2009-01-12 17:28:00,2011-12-04 10:42:00,1055,713.7309090909091
17429.0,1357.46,5,1286,2010-06-10 12:30:00,2011-07-06 13:38:00,391,271.492
17430.0,735.17,4,515,2010-08-17 11:52:00,2011-07-11 09:24:00,327,183.7925
17431.0,403.3,1,292,2011-01-30 14:36:00,2011-01-30 14:36:00,0,403.3
17432.0,1751.39,9,1016,2009-03-12 19:13:00,2011-11-21 17:33:00,983,194.5988888888889
17433.0,569.96,2,305,2010-11-19 13:37:00,2011-12-09 14:24:00,385,284.98
17434.0,2052.48,6,1447,2011-02-11 14:35:00,2011-11-30 15:58:00,292,342.08
17435.0,331.35,1,195,2010-10-24 13:55:00,2010-10-24 13:55:00,0,331.35
17436.0,440.16,4,136,2009-07-12 12:31:00,2011-04-27 11:33:00,653,110.04
17437.0,373.17,1,284,2010-06-28 11:11:00,2010-06-28 11:11:00,0,373.17
17438.0,1422.77,5,553,2010-04-06 08:50:00,2011-03-31 10:26:00,359,284.554
17439.0,325.74,1,370,2010-02-22 12:48:00,2010-02-22 12:48:00,0,325.74
17440.0,323.58,4,282,2010-08-06 14:40:00,2011-06-07 11:54:00,304,80.895
17441.0,293.35,1,245,2009-07-12 13:32:00,2009-07-12 13:32:00,0,293.35
17442.0,4620.3,15,3134,2010-02-15 15:54:00,2011-10-08 12:25:00,599,308.02000000000004
17443.0,534.24,1,504,2011-04-05 10:47:00,2011-04-05 10:47:00,0,534.24
17444.0,2940.04,3,2119,2011-06-20 09:04:00,2011-11-07 10:33:00,140,980.0133333333333
17446.0,120.89999999999999,2,198,2011-02-02 14:40:00,2011-06-16 10:42:00,133,60.449999999999996
17447.0,541.53,2,443,2011-09-29 10:10:00,2011-10-30 14:18:00,31,270.765
17448.0,14556.970000000001,46,11548,2010-03-15 09:46:00,2010-12-03 14:31:00,263,316.4558695652174
17449.0,4525.46,12,2388,2009-09-12 14:16:00,2011-10-25 17:22:00,773,377.12166666666667
17450.0,246973.09,51,84720,2010-07-12 09:23:00,2011-12-07 09:04:00,512,4842.609607843137
17451.0,1427.22,6,1049,2011-08-26 11:54:00,2011-11-24 11:19:00,89,237.87
17453.0,486.72,2,219,2011-06-10 17:02:00,2011-11-22 09:42:00,164,243.36
17454.0,1547.94,10,727,2010-01-15 15:40:00,2011-05-31 13:58:00,500,154.794
17455.0,131.7,1,66,2011-05-20 12:31:00,2011-05-20 12:31:00,0,131.7
17456.0,1225.42,2,730,2010-09-09 15:28:00,2010-09-12 15:23:00,2,612.71
17457.0,5984.81,14,2695,2009-07-12 14:52:00,2011-05-19 10:32:00,675,427.4864285714286
17458.0,529.58,2,282,2010-11-23 11:43:00,2011-11-24 13:01:00,366,264.79
17459.0,657.3,2,537,2011-10-10 17:00:00,2011-10-27 13:25:00,16,328.65
17460.0,2228.27,16,980,2010-01-12 16:24:00,2011-06-09 15:04:00,512,139.266875
17461.0,757.46,3,799,2011-10-11 12:01:00,2011-11-17 10:21:00,36,252.48666666666668
17462.0,675.69,2,227,2011-02-28 17:01:00,2011-10-10 13:56:00,223,337.845
17463.0,2557.91,7,1490,2010-04-29 17:57:00,2011-11-23 13:40:00,572,365.4157142857143
17464.0,1000.94,3,652,2010-03-30 13:15:00,2011-04-07 13:19:00,373,333.6466666666667
17465.0,2542.79,7,1477,2009-03-12 13:25:00,2010-10-10 11:56:00,576,363.2557142857143
17466.0,763.28,2,306,2011-09-22 09:16:00,2011-11-29 13:15:00,68,381.64
17467.0,102.6,1,20,2010-09-11 12:58:00,2010-09-11 12:58:00,0,102.6
17468.0,194.8,3,184,2010-11-29 17:25:00,2011-11-29 15:33:00,364,64.93333333333334
17469.0,5051.25,17,2304,2009-12-16 15:06:00,2011-11-23 13:15:00,706,297.13235294117646
17470.0,2804.87,11,2843,2010-07-12 09:57:00,2011-10-26 12:42:00,471,254.9881818181818
17471.0,321.65000000000003,1,153,2010-08-22 11:53:00,2010-08-22 11:53:00,0,321.65000000000003
17472.0,935.1,4,558,2010-03-21 13:27:00,2011-02-24 18:26:00,340,233.775
17473.0,607.0,2,270,2010-09-09 19:03:00,2010-10-27 11:45:00,47,303.5
17474.0,1047.0,1,200,2010-04-19 10:43:00,2010-04-19 10:43:00,0,1047.0
17475.0,194.37,1,178,2011-09-21 14:55:00,2011-09-21 14:55:00,0,194.37
17476.0,489.86,2,224,2009-02-12 12:09:00,2010-09-11 10:21:00,575,244.93
17477.0,1144.3,2,225,2010-02-03 11:53:00,2010-06-04 10:06:00,120,572.15
17478.0,1272.8000000000002,2,516,2010-03-16 14:19:00,2010-10-27 15:01:00,225,636.4000000000001
17479.0,389.26000000000005,1,266,2010-03-17 09:26:00,2010-03-17 09:26:00,0,389.26000000000005
17480.0,902.03,2,593,2010-09-21 12:31:00,2011-09-23 11:39:00,366,451.015
17481.0,1083.19,3,903,2011-03-11 16:37:00,2011-11-24 09:06:00,257,361.06333333333333
17482.0,778.19,2,241,2010-09-08 15:33:00,2010-10-05 14:10:00,26,389.095
17483.0,591.73,4,265,2010-10-21 12:43:00,2011-09-06 19:40:00,320,147.9325
17484.0,209.57,2,339,2010-03-25 16:17:00,2010-12-05 15:41:00,254,104.785
17486.0,396.87,1,191,2011-03-23 14:00:00,2011-03-23 14:00:00,0,396.87
17487.0,160.55,1,37,2009-11-12 15:06:00,2009-11-12 15:06:00,0,160.55
17488.0,336.5,1,136,2010-08-03 14:07:00,2010-08-03 14:07:00,0,336.5
17489.0,376.64,2,428,2011-11-05 11:34:00,2011-12-10 08:56:00,34,188.32
17490.0,1979.4,6,1037,2010-05-19 12:40:00,2011-09-27 11:52:00,495,329.90000000000003
17491.0,5538.17,16,3352,2010-04-28 11:57:00,2011-11-25 13:10:00,576,346.135625
17492.0,1122.42,3,450,2010-08-18 15:10:00,2011-05-04 15:21:00,259,374.14000000000004
17493.0,100.91,1,62,2010-11-19 16:57:00,2010-11-19 16:57:00,0,100.91
17494.0,54.7,1,26,2010-07-26 10:06:00,2010-07-26 10:06:00,0,54.7
17495.0,806.72,3,367,2010-11-14 11:50:00,2011-02-12 12:08:00,90,268.9066666666667
17496.0,1412.89,4,675,2010-01-14 13:36:00,2010-12-16 08:39:00,335,353.2225
17497.0,287.25,2,59,2010-08-04 08:01:00,2010-11-14 14:17:00,102,143.625
17498.0,272.21999999999997,1,394,2011-09-25 12:25:00,2011-09-25 12:25:00,0,272.21999999999997
17499.0,1341.3899999999999,2,1086,2010-05-27 09:59:00,2011-02-23 09:14:00,271,670.6949999999999
17500.0,1138.0,3,17,2011-10-11 09:08:00,2011-11-22 14:25:00,42,379.3333333333333
17501.0,288.6,2,160,2011-03-05 09:46:00,2011-03-05 09:47:00,0,144.3
17502.0,689.1,4,376,2011-10-11 16:39:00,2011-11-30 13:13:00,49,172.275
17503.0,340.43,1,213,2011-01-11 11:12:00,2011-01-11 11:12:00,0,340.43
17504.0,9565.12,18,5517,2010-03-28 15:33:00,2011-06-05 10:34:00,433,531.3955555555556
17505.0,2435.48,5,1242,2010-04-13 16:33:00,2011-05-18 09:01:00,399,487.096
17506.0,302.2,1,139,2011-09-25 11:39:00,2011-09-25 11:39:00,0,302.2
17507.0,605.58,2,359,2011-03-02 18:08:00,2011-03-23 11:48:00,20,302.79
17508.0,4579.23,8,2891,2009-07-12 11:46:00,2011-04-03 08:10:00,629,572.40375
17509.0,6115.14,8,3534,2011-07-10 13:14:00,2011-10-13 10:26:00,94,764.3925
17510.0,514.56,2,422,2010-10-15 10:20:00,2011-11-15 10:00:00,395,257.28
17511.0,168224.23,58,112441,2009-02-12 10:52:00,2011-12-04 13:24:00,1025,2900.4177586206897
17512.0,5467.820000000001,18,5434,2009-10-12 19:35:00,2011-11-11 12:11:00,759,303.76777777777784
17513.0,1158.8,3,440,2010-08-17 15:08:00,2011-09-28 16:42:00,407,386.26666666666665
17514.0,542.83,2,295,2010-08-02 14:00:00,2011-03-08 15:45:00,218,271.415
17515.0,1617.46,9,528,2010-07-06 13:29:00,2011-08-11 14:04:00,401,179.71777777777777
17516.0,957.55,6,527,2010-11-26 12:50:00,2011-12-08 14:50:00,377,159.59166666666667
17517.0,153.94,1,102,2011-04-02 11:48:00,2011-04-02 11:48:00,0,153.94
17518.0,329.42,2,267,2010-03-28 13:31:00,2010-10-10 12:40:00,195,164.71
17519.0,5109.47,15,3414,2009-01-12 09:57:00,2011-11-22 16:43:00,1044,340.6313333333334
17520.0,546.81,1,365,2011-10-17 12:04:00,2011-10-17 12:04:00,0,546.81
17521.0,1278.06,5,806,2010-01-10 11:49:00,2011-10-11 11:22:00,638,255.612
17522.0,912.25,4,932,2011-05-05 16:31:00,2011-09-06 14:23:00,123,228.0625
17523.0,652.74,4,872,2011-11-20 13:40:00,2011-11-28 13:20:00,7,163.185
17524.0,539.14,3,362,2010-09-27 16:20:00,2010-12-13 14:32:00,76,179.71333333333334
17525.0,1161.9,3,338,2010-07-10 09:12:00,2010-12-15 12:05:00,158,387.3
17526.0,3842.9399999999996,11,1312,2009-12-17 16:18:00,2011-02-22 09:10:00,431,349.3581818181818
17527.0,939.37,4,488,2011-05-05 13:43:00,2011-10-17 12:32:00,164,234.8425
17528.0,3428.0,7,1940,2011-09-11 14:44:00,2011-12-10 15:35:00,90,489.7142857142857
17529.0,1240.25,2,790,2010-08-04 17:51:00,2010-11-01 12:29:00,88,620.125
17530.0,2925.7,11,1795,2009-06-12 16:17:00,2011-11-23 17:32:00,894,265.97272727272724
17531.0,1266.82,3,472,2010-03-31 12:57:00,2011-02-06 19:17:00,312,422.2733333333333
17532.0,65.34,1,30,2010-11-19 08:13:00,2010-11-19 08:13:00,0,65.34
17533.0,34.8,1,24,2010-01-10 09:14:00,2010-01-10 09:14:00,0,34.8
17534.0,1668.83,5,860,2010-02-25 16:55:00,2011-10-17 12:47:00,598,333.76599999999996
17535.0,164.4,1,136,2011-04-03 15:20:00,2011-04-03 15:20:00,0,164.4
17536.0,364.83,3,201,2010-01-26 12:00:00,2011-06-15 13:23:00,505,121.61
17537.0,897.62,2,700,2011-09-02 13:37:00,2011-10-11 10:56:00,38,448.81
17538.0,98.42,1,134,2011-11-14 12:12:00,2011-11-14 12:12:00,0,98.42
17539.0,1226.57,4,747,2009-12-13 12:36:00,2010-10-01 11:08:00,291,306.6425
17540.0,1590.6000000000001,6,588,2010-03-08 10:33:00,2011-11-15 11:56:00,617,265.1
17541.0,124.46,1,46,2010-07-18 11:36:00,2010-07-18 11:36:00,0,124.46
17542.0,341.7,3,324,2010-08-03 12:08:00,2011-03-15 11:45:00,223,113.89999999999999
17543.0,120.05,1,62,2010-08-06 12:41:00,2010-08-06 12:41:00,0,120.05
17544.0,960.69,3,439,2010-11-14 14:47:00,2010-11-14 15:08:00,0,320.23
17545.0,1448.54,6,733,2010-11-05 10:04:00,2011-10-27 14:04:00,356,241.42333333333332
17547.0,727.85,2,223,2010-11-29 09:41:00,2010-12-02 14:34:00,3,363.925
17548.0,731.26,4,494,2010-08-11 16:19:00,2011-04-20 12:01:00,251,182.815
17549.0,148.86,2,210,2011-10-19 10:05:00,2011-11-16 09:59:00,27,74.43
17550.0,2547.64,9,989,2010-04-25 13:28:00,2011-10-04 15:19:00,527,283.0711111111111
17551.0,306.84,1,150,2010-12-15 14:12:00,2010-12-15 14:12:00,0,306.84
17552.0,3085.29,12,2095,2010-02-12 18:45:00,2011-10-10 17:00:00,604,257.1075
17553.0,3757.6,4,2288,2010-03-08 09:44:00,2011-02-08 10:00:00,337,939.4
17554.0,1714.15,4,1685,2011-07-14 20:01:00,2011-11-23 08:42:00,131,428.5375
17555.0,1057.74,5,747,2010-01-10 14:07:00,2011-11-20 12:22:00,678,211.548
17556.0,300.67,2,184,2010-11-25 17:00:00,2011-05-18 10:48:00,173,150.335
17557.0,575.46,4,310,2009-07-12 10:15:00,2011-11-25 12:57:00,866,143.865
17558.0,259.17,1,54,2010-11-11 14:36:00,2010-11-11 14:36:00,0,259.17
17559.0,167.62,1,270,2010-07-15 12:02:00,2010-07-15 12:02:00,0,167.62
17560.0,1895.8,8,1588,2010-02-17 12:11:00,2011-07-07 15:06:00,505,236.975
17561.0,722.34,4,396,2009-06-12 13:29:00,2011-11-20 12:53:00,890,180.585
17562.0,1122.38,7,817,2011-06-07 10:59:00,2011-11-25 14:21:00,171,160.34
17563.0,392.38,2,256,2010-07-04 10:02:00,2010-10-05 14:54:00,93,196.19
17564.0,454.01,3,146,2011-09-20 14:00:00,2011-11-15 13:27:00,55,151.33666666666667
17565.0,131.83,1,67,2010-02-05 11:54:00,2010-02-05 11:54:00,0,131.83
17566.0,901.21,2,518,2011-01-12 19:54:00,2011-11-14 13:42:00,305,450.605
17567.0,5356.03,9,3152,2010-02-12 15:18:00,2011-10-13 12:52:00,607,595.1144444444444
17568.0,382.79,1,283,2010-03-16 16:45:00,2010-03-16 16:45:00,0,382.79
17569.0,344.14,1,159,2011-11-01 14:15:00,2011-11-01 14:15:00,0,344.14
17570.0,100.0,1,1,2010-11-23 11:56:00,2010-11-23 11:56:00,0,100.0
17571.0,1703.75,5,1020,2010-06-15 12:50:00,2011-10-20 15:57:00,492,340.75
17572.0,723.0100000000001,10,351,2009-12-15 10:00:00,2011-09-29 17:53:00,653,72.30100000000002
17573.0,380.6,3,308,2011-07-09 10:36:00,2011-10-11 13:01:00,94,126.86666666666667
17574.0,185.65,1,77,2011-11-04 09:47:00,2011-11-04 09:47:00,0,185.65
17575.0,171.7,1,72,2010-10-02 13:48:00,2010-10-02 13:48:00,0,171.7
17576.0,9056.81,41,4740,2009-03-12 16:54:00,2011-12-07 17:23:00,1000,220.89780487804876
17577.0,348.75,2,179,2010-04-03 13:01:00,2010-09-02 10:10:00,151,174.375
17578.0,1047.33,7,529,2010-06-28 11:55:00,2011-05-05 18:38:00,311,149.6185714285714
17579.0,575.24,3,247,2010-10-05 14:28:00,2011-07-25 09:50:00,292,191.74666666666667
17580.0,545.27,5,224,2010-10-13 14:28:00,2011-01-31 14:07:00,109,109.054
17581.0,17773.07,40,9456,2009-03-12 12:34:00,2011-10-05 13:40:00,937,444.32675
17582.0,1450.7,5,606,2010-03-26 12:23:00,2011-04-17 13:18:00,387,290.14
17583.0,135.95,1,55,2010-05-28 14:24:00,2010-05-28 14:24:00,0,135.95
17584.0,5309.42,6,2464,2010-01-25 08:17:00,2011-04-08 14:12:00,438,884.9033333333333
17585.0,2093.3,7,2539,2010-06-09 13:26:00,2011-08-22 13:30:00,439,299.04285714285714
17586.0,167.4,1,68,2010-03-30 13:12:00,2010-03-30 13:12:00,0,167.4
17587.0,181.66,1,68,2010-03-21 14:16:00,2010-03-21 14:16:00,0,181.66
17588.0,2939.55,7,1379,2010-07-06 15:57:00,2011-08-31 13:37:00,420,419.9357142857143
17589.0,14049.87,18,8788,2010-01-07 16:48:00,2011-11-07 17:07:00,669,780.5483333333334
17590.0,1158.29,2,684,2011-10-30 14:05:00,2011-11-22 16:06:00,23,579.145
17591.0,2776.67,8,1173,2010-01-17 16:09:00,2011-09-27 13:42:00,617,347.08375
17592.0,148.3,1,38,2009-01-12 10:49:00,2009-01-12 10:49:00,0,148.3
17593.0,7417.6,10,4767,2009-04-12 14:35:00,2011-09-09 09:52:00,879,741.76
17594.0,2497.88,4,1368,2010-04-14 08:53:00,2011-09-15 16:34:00,519,624.47
17595.0,388.79,2,229,2011-02-11 16:19:00,2011-11-27 16:08:00,288,194.395
17596.0,4920.67,13,7619,2009-12-15 13:21:00,2011-11-16 14:11:00,701,378.51307692307694
17597.0,3484.09,5,2215,2010-05-05 15:33:00,2011-10-05 11:54:00,517,696.818
17598.0,409.98,1,126,2010-11-23 17:43:00,2010-11-23 17:43:00,0,409.98
17599.0,52.05,1,11,2010-08-19 12:50:00,2010-08-19 12:50:00,0,52.05
17600.0,161.67000000000002,1,144,2011-11-22 09:43:00,2011-11-22 09:43:00,0,161.67000000000002
17601.0,421.48,2,299,2010-11-24 14:29:00,2011-04-14 18:02:00,141,210.74
17602.0,6362.4400000000005,13,5034,2010-03-30 17:25:00,2011-11-16 15:58:00,595,489.4184615384616
17603.0,1793.48,4,640,2009-10-12 09:44:00,2011-09-22 14:18:00,710,448.37
17604.0,945.9300000000001,6,616,2010-01-27 12:19:00,2011-06-05 13:43:00,494,157.655
17605.0,160.75,1,71,2010-04-28 14:45:00,2010-04-28 14:45:00,0,160.75
17606.0,87.30000000000001,1,42,2009-02-12 13:32:00,2009-02-12 13:32:00,0,87.30000000000001
17607.0,333.81,1,269,2010-11-28 13:11:00,2010-11-28 13:11:00,0,333.81
17608.0,498.53,4,539,2010-09-16 16:15:00,2011-06-11 13:06:00,267,124.6325
17609.0,1894.34,11,1325,2010-02-11 10:00:00,2011-10-30 12:28:00,626,172.21272727272728
17610.0,1529.49,5,902,2009-06-12 16:07:00,2010-06-17 16:34:00,370,305.898
17611.0,8371.98,28,5356,2009-01-12 13:29:00,2011-11-04 14:11:00,1026,298.9992857142857
17612.0,5394.86,18,3521,2009-12-17 11:59:00,2011-10-17 14:59:00,669,299.71444444444444
17613.0,4559.150000000001,14,2496,2011-01-04 09:06:00,2011-11-17 10:51:00,317,325.65357142857147
17614.0,390.07,1,238,2011-10-13 16:01:00,2011-10-13 16:01:00,0,390.07
17615.0,733.2,6,386,2010-09-14 12:37:00,2011-05-20 08:30:00,247,122.2
17616.0,1060.8,4,416,2010-07-12 10:04:00,2011-06-19 10:11:00,342,265.2
17617.0,395.33,1,255,2010-05-30 12:48:00,2010-05-30 12:48:00,0,395.33
17618.0,4073.2400000000002,11,1820,2010-01-08 13:48:00,2011-05-04 13:07:00,480,370.29454545454547
17619.0,218.52,1,127,2011-01-31 14:18:00,2011-01-31 14:18:00,0,218.52
17620.0,81.44,1,60,2011-11-10 12:08:00,2011-11-10 12:08:00,0,81.44
17621.0,3175.12,6,1110,2010-04-10 09:37:00,2011-11-18 17:11:00,587,529.1866666666666
17622.0,1130.21,2,379,2010-04-20 13:38:00,2010-04-21 12:36:00,0,565.105
17623.0,2383.67,7,801,2009-12-14 14:36:00,2011-07-11 11:32:00,573,340.5242857142857
17624.0,1568.63,4,958,2009-12-20 12:35:00,2011-11-25 10:52:00,704,392.1575
17625.0,6067.8,8,3551,2009-12-15 11:49:00,2011-11-21 13:36:00,706,758.475
17626.0,254.0,1,202,2010-04-16 12:15:00,2010-04-16 12:15:00,0,254.0
17627.0,296.36,1,676,2010-08-18 11:27:00,2010-08-18 11:27:00,0,296.36
17628.0,75.75,1,79,2011-09-19 15:21:00,2011-09-19 15:21:00,0,75.75
17629.0,2455.52,10,1903,2010-10-14 13:35:00,2011-11-21 17:04:00,403,245.552
17630.0,503.6,2,158,2011-04-21 14:03:00,2011-06-23 11:58:00,62,251.8
17631.0,886.66,6,442,2009-09-12 14:15:00,2011-07-25 13:37:00,680,147.77666666666667
17633.0,2057.39,7,899,2010-11-15 14:55:00,2011-11-08 15:43:00,358,293.91285714285715
17634.0,2361.9700000000003,9,840,2011-03-11 13:09:00,2011-11-05 08:34:00,238,262.4411111111111
17635.0,1265.58,3,770,2010-01-07 16:50:00,2010-11-10 15:12:00,306,421.85999999999996
17636.0,285.56,1,182,2011-11-20 14:40:00,2011-11-20 14:40:00,0,285.56
17637.0,547.0600000000001,2,280,2011-08-11 12:51:00,2011-08-16 13:25:00,5,273.53000000000003
17638.0,842.4000000000001,2,432,2009-12-18 09:58:00,2010-02-03 14:32:00,47,421.20000000000005
17639.0,615.17,6,576,2010-08-13 11:59:00,2011-08-03 15:22:00,355,102.52833333333332
17640.0,3168.94,6,1692,2010-03-23 09:15:00,2011-09-14 09:13:00,539,528.1566666666666
17642.0,1824.49,5,1475,2009-05-12 16:01:00,2011-12-08 09:11:00,939,364.898
17643.0,541.25,2,297,2010-01-12 14:38:00,2010-07-22 13:07:00,190,270.625
17644.0,5695.84,19,3213,2010-02-07 13:24:00,2011-11-08 14:53:00,639,299.781052631579
17646.0,4149.79,12,1418,2009-12-16 09:37:00,2011-04-05 13:17:00,475,345.81583333333333
17647.0,331.65999999999997,3,82,2010-08-02 14:39:00,2011-05-10 15:38:00,281,110.55333333333333
17648.0,2216.37,5,954,2010-11-19 16:41:00,2011-10-10 09:41:00,324,443.274
17649.0,1578.89,3,723,2010-08-24 13:01:00,2011-07-24 15:53:00,334,526.2966666666667
17650.0,166.07999999999998,1,150,2011-11-18 14:52:00,2011-11-18 14:52:00,0,166.07999999999998
17651.0,5703.52,16,4086,2010-01-07 12:17:00,2011-11-28 10:29:00,689,356.47
17652.0,4867.72,12,2509,2011-02-06 12:08:00,2011-11-14 12:55:00,281,405.6433333333334
17653.0,1207.56,4,1409,2011-01-09 12:17:00,2011-11-08 15:24:00,303,301.89
17654.0,117.55,1,41,2011-07-03 13:17:00,2011-07-03 13:17:00,0,117.55
17655.0,3652.48,9,1542,2010-08-12 16:45:00,2011-11-29 11:34:00,473,405.8311111111111
17656.0,1674.69,5,1399,2011-03-08 10:45:00,2011-12-09 15:14:00,276,334.938
17657.0,126.0,1,60,2010-05-10 14:52:00,2010-05-10 14:52:00,0,126.0
17658.0,595.42,2,616,2011-11-14 12:07:00,2011-12-05 15:23:00,21,297.71
17659.0,3834.79,14,1816,2010-02-12 16:46:00,2011-11-22 13:29:00,647,273.9135714285714
17660.0,359.47,2,268,2009-02-12 16:02:00,2011-07-21 13:37:00,888,179.735
17662.0,412.92,2,184,2009-12-17 09:54:00,2010-02-16 09:38:00,60,206.46
17663.0,5175.83,17,2297,2010-04-03 11:42:00,2011-11-14 08:56:00,589,304.4605882352941
17664.0,1166.23,4,1058,2010-03-29 17:17:00,2011-11-21 11:29:00,601,291.5575
17665.0,563.1,1,690,2010-03-08 13:12:00,2010-03-08 13:12:00,0,563.1
17666.0,1728.7199999999998,4,1312,2010-02-08 15:10:00,2011-05-10 11:06:00,455,432.17999999999995
17667.0,3950.7,9,2192,2010-02-23 09:57:00,2011-12-05 15:21:00,650,438.96666666666664
17668.0,161.85,1,31,2011-01-11 14:45:00,2011-01-11 14:45:00,0,161.85
17669.0,6142.35,10,3505,2010-01-04 18:48:00,2011-10-28 08:53:00,661,614.235
17670.0,205.7,1,110,2011-04-26 09:12:00,2011-04-26 09:12:00,0,205.7
17671.0,2403.34,5,1177,2010-09-12 14:27:00,2011-12-05 18:13:00,449,480.668
17672.0,5778.63,7,2758,2010-01-26 17:20:00,2011-10-20 14:18:00,631,825.5185714285715
17673.0,4121.11,12,3245,2010-03-08 11:32:00,2011-06-30 14:38:00,479,343.4258333333333
17674.0,851.7,2,1021,2010-06-12 10:20:00,2011-09-26 13:35:00,471,425.85
17675.0,37530.68,69,16092,2009-10-12 16:10:00,2011-12-07 12:24:00,785,543.9228985507247
17676.0,2418.2400000000002,9,1716,2010-03-30 10:49:00,2011-12-10 14:21:00,620,268.6933333333334
17677.0,35988.75,52,21480,2009-12-16 11:23:00,2011-11-11 12:53:00,695,692.0913461538462
17678.0,599.76,2,368,2010-04-15 13:54:00,2011-03-21 11:52:00,339,299.88
17679.0,3577.61,7,1755,2009-03-12 17:32:00,2011-10-18 07:43:00,949,511.08714285714285
17680.0,497.45000000000005,3,155,2010-07-16 16:07:00,2011-11-16 12:42:00,487,165.8166666666667
17681.0,731.2,5,450,2010-01-15 11:53:00,2010-04-21 17:22:00,96,146.24
17682.0,4456.78,11,2491,2010-04-14 12:28:00,2011-11-29 15:59:00,594,405.16181818181815
17683.0,819.01,3,781,2010-03-06 17:15:00,2010-11-19 10:11:00,257,273.00333333333333
17684.0,239.41,1,145,2011-10-27 11:10:00,2011-10-27 11:10:00,0,239.41
17685.0,5943.17,12,3854,2010-02-12 14:42:00,2011-12-09 12:27:00,664,495.26416666666665
17686.0,8296.81,9,3583,2010-06-24 09:49:00,2011-11-08 11:44:00,502,921.8677777777777
17687.0,432.68,1,210,2010-10-15 12:30:00,2010-10-15 12:30:00,0,432.68
17688.0,304.2,1,114,2010-11-11 10:41:00,2010-11-11 10:41:00,0,304.2
17689.0,317.08,2,300,2010-08-22 13:54:00,2010-11-16 13:22:00,85,158.54
17690.0,7448.1,20,3126,2010-01-12 16:15:00,2011-10-25 12:29:00,650,372.40500000000003
17691.0,780.0500000000001,4,373,2010-05-11 13:18:00,2010-12-16 17:20:00,219,195.01250000000002
17692.0,2975.8,12,2338,2010-06-17 11:14:00,2011-07-02 12:22:00,380,247.98333333333335
17693.0,200.47,1,231,2011-07-25 15:48:00,2011-07-25 15:48:00,0,200.47
17694.0,1695.97,3,1493,2010-05-26 08:27:00,2011-07-21 12:00:00,421,565.3233333333334
17695.0,1746.04,5,1809,2010-01-28 09:27:00,2011-07-31 10:40:00,549,349.20799999999997
17696.0,7679.59,27,5891,2009-10-12 17:09:00,2011-08-23 13:59:00,679,284.42925925925925
17697.0,338.95,1,93,2011-04-17 15:40:00,2011-04-17 15:40:00,0,338.95
17698.0,154.95,1,93,2011-03-24 11:34:00,2011-03-24 11:34:00,0,154.95
17699.0,442.0,2,208,2010-05-27 11:53:00,2010-08-20 09:39:00,84,221.0
17700.0,6679.97,14,3469,2009-01-12 11:37:00,2011-11-23 11:51:00,1045,477.1407142857143
17701.0,417.95,1,109,2011-01-04 12:25:00,2011-01-04 12:25:00,0,417.95
17702.0,3144.04,6,2153,2010-04-11 12:09:00,2011-09-11 16:03:00,518,524.0066666666667
17703.0,1094.84,4,897,2010-10-17 16:16:00,2011-08-22 15:05:00,308,273.71
17704.0,885.19,2,343,2011-04-14 09:28:00,2011-06-24 09:40:00,71,442.595
17705.0,1865.9,10,1227,2010-10-09 14:43:00,2011-11-02 10:57:00,388,186.59
17706.0,19974.14,30,7727,2010-01-10 13:50:00,2011-10-26 13:31:00,653,665.8046666666667
17707.0,609.3,8,546,2009-07-12 12:19:00,2011-07-06 15:03:00,724,76.1625
17708.0,887.9300000000001,4,388,2010-02-11 08:57:00,2011-05-06 10:12:00,449,221.98250000000002
17709.0,671.01,5,295,2010-04-15 14:48:00,2011-06-23 11:55:00,433,134.202
17710.0,293.5,1,158,2010-12-10 07:49:00,2010-12-10 07:49:00,0,293.5
17711.0,385.1,2,246,2011-02-23 11:32:00,2011-11-29 11:40:00,279,192.55
17712.0,522.91,1,215,2011-10-26 12:28:00,2011-10-26 12:28:00,0,522.91
17713.0,1198.09,4,989,2010-08-17 13:49:00,2010-11-22 16:50:00,97,299.5225
17714.0,1410.18,5,608,2010-07-14 10:41:00,2011-01-23 10:32:00,192,282.036
17715.0,489.59999999999997,2,576,2010-04-26 12:17:00,2011-05-23 12:32:00,392,244.79999999999998
17716.0,15956.970000000001,24,8819,2009-02-12 17:18:00,2011-11-17 12:00:00,1007,664.8737500000001
17717.0,376.92,1,344,2010-10-14 12:54:00,2010-10-14 12:54:00,0,376.92
17718.0,439.18,2,274,2010-05-03 08:01:00,2011-04-21 13:39:00,353,219.59
17719.0,5396.04,15,2466,2011-02-06 15:48:00,2011-12-09 15:23:00,305,359.736
17720.0,2768.91,10,1613,2010-07-12 10:43:00,2011-11-13 15:04:00,489,276.89099999999996
17721.0,307.21000000000004,1,107,2010-02-18 15:18:00,2010-02-18 15:18:00,0,307.21000000000004
17722.0,4430.36,5,2937,2010-08-12 12:41:00,2011-04-09 15:22:00,240,886.0719999999999
17723.0,3378.4000000000005,7,912,2010-11-29 10:35:00,2011-09-05 14:44:00,280,482.6285714285715
17724.0,1033.0,3,300,2011-07-24 13:26:00,2011-09-29 15:26:00,67,344.3333333333333
17725.0,3439.08,11,2162,2011-03-17 19:47:00,2011-11-23 16:34:00,250,312.64363636363635
17726.0,1092.06,7,444,2010-01-26 14:58:00,2010-09-21 08:49:00,237,156.00857142857143
17727.0,1060.25,1,645,2011-11-24 17:06:00,2011-11-24 17:06:00,0,1060.25
17728.0,3650.91,4,1825,2010-10-31 15:50:00,2011-09-14 11:39:00,317,912.7275
17729.0,438.65000000000003,1,247,2010-04-22 15:03:00,2010-04-22 15:03:00,0,438.65000000000003
17730.0,7111.1,19,4839,2010-03-06 08:50:00,2011-11-11 11:02:00,615,374.2684210526316
17731.0,1708.99,6,707,2010-03-28 12:43:00,2011-09-21 15:02:00,542,284.83166666666665
17732.0,2470.39,8,1151,2010-02-12 09:29:00,2010-11-18 09:22:00,278,308.79875
17733.0,692.19,2,463,2011-01-11 08:16:00,2011-03-23 09:54:00,71,346.095
17734.0,1442.32,6,741,2010-02-07 10:01:00,2011-10-17 12:33:00,617,240.38666666666666
17735.0,16351.33,25,9885,2010-02-09 10:18:00,2011-08-23 13:50:00,560,654.0532
17736.0,377.44,3,238,2011-08-18 14:33:00,2011-11-30 15:36:00,104,125.81333333333333
17737.0,168.24,2,108,2011-11-30 15:16:00,2011-12-10 14:42:00,9,84.12
17738.0,4183.56,13,2776,2010-03-19 10:07:00,2011-11-20 15:05:00,611,321.81230769230774
17739.0,7730.59,18,2335,2009-07-12 10:48:00,2011-11-28 09:12:00,868,429.4772222222222
17740.0,426.90000000000003,6,222,2010-03-31 11:31:00,2010-11-15 16:33:00,229,71.15
17741.0,101.1,2,114,2010-05-28 12:11:00,2010-10-29 11:59:00,153,50.55
17742.0,2098.48,11,653,2009-01-12 13:16:00,2011-11-01 10:04:00,1022,190.7709090909091
17743.0,229.2,1,96,2010-09-17 14:54:00,2010-09-17 14:54:00,0,229.2
17744.0,1918.76,6,2674,2010-11-24 09:34:00,2011-11-14 09:05:00,354,319.79333333333335
17745.0,600.34,2,164,2010-02-06 09:03:00,2010-08-19 12:30:00,194,300.17
17746.0,904.1800000000001,4,688,2010-08-04 12:54:00,2011-04-13 14:31:00,252,226.04500000000002
17747.0,71.4,1,12,2011-08-19 08:13:00,2011-08-19 08:13:00,0,71.4
17748.0,358.15,1,111,2010-06-30 13:49:00,2010-06-30 13:49:00,0,358.15
17749.0,1026.18,3,446,2010-11-06 14:56:00,2011-06-14 15:45:00,220,342.06
17750.0,1684.25,8,3689,2011-01-09 17:09:00,2011-10-14 15:59:00,277,210.53125
17751.0,157.85999999999999,1,147,2010-10-14 13:57:00,2010-10-14 13:57:00,0,157.85999999999999
17752.0,80.64,1,192,2010-12-15 16:19:00,2010-12-15 16:19:00,0,80.64
17753.0,390.56,4,128,2010-01-09 15:49:00,2010-08-17 13:45:00,219,97.64
17754.0,4376.54,12,4036,2009-11-12 15:52:00,2011-07-20 15:56:00,615,364.71166666666664
17756.0,733.7,3,400,2010-10-11 12:54:00,2010-11-29 12:20:00,48,244.5666666666667
17757.0,9005.9,54,4966,2010-01-13 15:56:00,2011-11-25 17:27:00,681,166.77592592592592
17758.0,5012.53,12,3236,2010-05-10 14:29:00,2011-11-20 14:45:00,559,417.7108333333333
17759.0,1276.91,5,976,2010-05-05 11:40:00,2011-11-22 16:02:00,566,255.382
17760.0,918.93,6,696,2010-01-12 15:08:00,2011-11-18 10:56:00,674,153.155
17761.0,712.78,1,398,2011-07-11 10:23:00,2011-07-11 10:23:00,0,712.78
17762.0,129.75,1,129,2010-09-09 17:40:00,2010-09-09 17:40:00,0,129.75
17763.0,86.15,4,41,2010-02-18 14:32:00,2011-03-21 14:25:00,395,21.5375
17764.0,1623.64,5,729,2009-03-12 14:28:00,2011-12-05 16:11:00,998,324.728
17765.0,530.8,4,197,2010-09-17 12:45:00,2011-05-13 12:34:00,237,132.7
17766.0,299.61,2,155,2010-11-23 14:17:00,2010-11-23 14:29:00,0,149.805
17767.0,413.05,2,198,2010-10-25 16:22:00,2011-11-24 14:42:00,394,206.525
17768.0,3509.51,7,2433,2009-02-12 12:26:00,2011-06-26 13:46:00,864,501.35857142857145
17769.0,7103.08,17,3176,2010-01-19 11:33:00,2011-11-27 11:18:00,676,417.82823529411763
17770.0,1143.27,5,365,2011-02-03 13:35:00,2011-11-05 12:48:00,274,228.654
17771.0,387.41,4,373,2010-04-29 13:21:00,2011-10-14 11:43:00,532,96.8525
17772.0,384.77,3,122,2010-12-11 11:31:00,2011-11-29 11:05:00,352,128.25666666666666
17773.0,585.27,2,260,2010-01-18 14:32:00,2010-07-13 14:07:00,175,292.635
17774.0,3328.05,9,1609,2010-03-16 12:00:00,2011-07-17 12:32:00,488,369.78333333333336
17775.0,56.4,1,72,2011-03-30 10:50:00,2011-03-30 10:50:00,0,56.4
17776.0,338.56,2,277,2009-12-16 14:59:00,2010-11-18 12:14:00,336,169.28
17777.0,665.86,3,507,2011-08-31 14:35:00,2011-11-15 12:02:00,75,221.95333333333335
17778.0,197.70000000000002,1,214,2010-02-16 12:44:00,2010-02-16 12:44:00,0,197.70000000000002
17779.0,658.57,3,397,2011-07-19 12:19:00,2011-11-18 14:15:00,122,219.52333333333334
17780.0,352.91,3,158,2010-01-24 11:21:00,2010-10-02 13:43:00,251,117.63666666666667
17781.0,188.02,2,34,2011-03-07 16:00:00,2011-03-31 19:54:00,24,94.01
17782.0,679.02,2,538,2010-11-22 10:03:00,2010-11-22 11:15:00,0,339.51
17783.0,379.91,3,439,2010-07-15 12:50:00,2011-09-28 16:07:00,440,126.63666666666667
17784.0,112.86,1,72,2010-07-06 16:08:00,2010-07-06 16:08:00,0,112.86
17785.0,403.38,3,227,2010-05-23 13:01:00,2011-10-17 13:43:00,512,134.46
17786.0,278.74,2,200,2011-01-26 14:35:00,2011-09-15 12:51:00,231,139.37
17787.0,2601.4700000000003,4,1266,2010-03-12 13:43:00,2011-10-07 11:24:00,573,650.3675000000001
17788.0,1117.9,2,211,2011-02-08 10:38:00,2011-09-27 10:09:00,230,558.95
17789.0,397.15,2,199,2010-02-16 13:16:00,2011-03-03 13:14:00,379,198.575
17790.0,2783.61,20,1389,2010-05-11 11:43:00,2011-12-07 11:15:00,574,139.1805
17791.0,106.1,1,46,2011-10-11 12:09:00,2011-10-11 12:09:00,0,106.1
17792.0,370.05,2,151,2010-08-18 13:08:00,2010-08-29 14:30:00,11,185.025
17793.0,323.04,1,232,2011-11-14 14:24:00,2011-11-14 14:24:00,0,323.04
17794.0,147.3,2,46,2010-01-20 12:17:00,2010-01-22 10:18:00,1,73.65
17795.0,350.39,2,341,2011-03-20 12:02:00,2011-06-13 12:36:00,85,175.195
17796.0,1361.99,7,379,2010-05-12 12:23:00,2011-10-30 15:38:00,536,194.57
17797.0,1985.8700000000001,8,1090,2009-12-15 14:30:00,2011-11-17 13:21:00,701,248.23375000000001
17798.0,183.09,1,142,2010-07-05 11:42:00,2010-07-05 11:42:00,0,183.09
17799.0,6341.89,20,3707,2009-12-13 16:03:00,2011-11-17 15:16:00,703,317.09450000000004
17800.0,1199.01,9,736,2011-01-07 10:58:00,2011-11-03 14:06:00,300,133.22333333333333
17801.0,798.33,3,838,2010-01-17 11:31:00,2010-09-14 14:32:00,240,266.11
17802.0,5053.12,10,2786,2009-12-13 13:39:00,2011-12-06 14:57:00,723,505.312
17803.0,184.66,1,98,2010-12-11 13:53:00,2010-12-11 13:53:00,0,184.66
17804.0,385.23,3,195,2009-01-12 12:22:00,2010-11-28 14:01:00,685,128.41
17805.0,927.03,2,1126,2010-08-04 14:36:00,2011-09-27 11:49:00,418,463.515
17806.0,546.04,1,727,2011-11-28 14:12:00,2011-11-28 14:12:00,0,546.04
17807.0,437.87,3,262,2010-04-01 14:00:00,2010-09-11 16:21:00,163,145.95666666666668
17808.0,262.64,4,143,2010-05-30 14:45:00,2010-09-06 10:44:00,98,65.66
17809.0,11337.39,20,3353,2009-02-12 14:52:00,2011-11-23 12:59:00,1013,566.8695
17810.0,374.81,2,119,2010-01-25 10:26:00,2010-09-02 10:47:00,220,187.405
17811.0,9453.7,46,5246,2010-09-11 10:59:00,2011-12-09 16:23:00,454,205.51521739130436
17812.0,1165.89,7,612,2010-06-12 15:27:00,2011-11-27 11:47:00,532,166.5557142857143
17813.0,1770.88,5,790,2011-01-11 15:26:00,2011-11-25 16:13:00,318,354.17600000000004
17814.0,1617.32,2,1440,2010-10-13 14:03:00,2010-11-29 14:21:00,47,808.66
17815.0,591.96,1,612,2010-11-11 14:39:00,2010-11-11 14:39:00,0,591.96
17816.0,112.32,6,96,2009-12-15 15:27:00,2011-05-10 14:16:00,510,18.72
17817.0,689.87,5,324,2010-10-13 15:07:00,2011-07-03 17:42:00,263,137.974
17818.0,130.18,1,90,2009-02-12 11:34:00,2009-02-12 11:34:00,0,130.18
17819.0,6612.52,12,1849,2009-12-13 15:24:00,2011-10-06 10:59:00,661,551.0433333333334
17820.0,183.56,1,112,2010-11-30 17:43:00,2010-11-30 17:43:00,0,183.56
17821.0,334.62,1,162,2010-10-29 13:20:00,2010-10-29 13:20:00,0,334.62
17822.0,2188.5,5,1389,2010-05-28 12:15:00,2010-10-15 13:47:00,140,437.7
17823.0,494.25,2,262,2010-10-14 16:14:00,2010-10-14 16:24:00,0,247.125
17824.0,298.4,1,408,2011-10-19 14:14:00,2011-10-19 14:14:00,0,298.4
17825.0,731.96,4,540,2009-12-14 12:09:00,2010-04-20 12:01:00,126,182.99
17826.0,134.59,1,85,2010-11-30 13:23:00,2010-11-30 13:23:00,0,134.59
17827.0,1976.4,5,1306,2010-03-28 12:20:00,2011-11-04 16:56:00,586,395.28000000000003
17828.0,1820.09,4,667,2011-06-22 09:02:00,2011-11-17 08:41:00,147,455.0225
17829.0,4756.74,5,3009,2010-02-22 15:39:00,2011-02-14 12:46:00,356,951.348
17830.0,287.65000000000003,2,65,2011-02-24 10:15:00,2011-03-23 11:44:00,27,143.82500000000002
17831.0,35.400000000000006,1,12,2011-06-11 15:09:00,2011-06-11 15:09:00,0,35.400000000000006
17832.0,155.37,1,208,2011-10-21 11:43:00,2011-10-21 11:43:00,0,155.37
17833.0,342.36,1,145,2009-12-16 13:40:00,2009-12-16 13:40:00,0,342.36
17834.0,730.47,2,687,2010-09-20 15:32:00,2010-10-21 12:09:00,30,365.235
17835.0,236.5,2,283,2011-11-16 16:30:00,2011-11-30 11:17:00,13,118.25
17836.0,110.21000000000001,1,88,2011-10-23 16:13:00,2011-10-23 16:13:00,0,110.21000000000001
17837.0,1593.38,8,518,2011-05-10 15:18:00,2011-11-10 14:34:00,183,199.1725
17838.0,6722.900000000001,13,4149,2010-02-12 15:55:00,2011-11-13 11:20:00,638,517.1461538461539
17839.0,338.8,1,285,2011-10-28 17:27:00,2011-10-28 17:27:00,0,338.8
17840.0,185.72,1,138,2010-09-22 12:24:00,2010-09-22 12:24:00,0,185.72
17841.0,69074.93000000001,209,36381,2009-02-12 15:41:00,2011-12-10 12:47:00,1030,330.502057416268
17842.0,430.69,1,89,2010-04-16 14:23:00,2010-04-16 14:23:00,0,430.69
17843.0,326.23,2,276,2010-10-24 10:56:00,2011-09-02 15:33:00,313,163.115
17844.0,51.559999999999995,1,52,2011-08-25 11:27:00,2011-08-25 11:27:00,0,51.559999999999995
17845.0,598.19,4,196,2010-02-06 15:20:00,2010-12-05 13:24:00,301,149.5475
17846.0,2033.1,1,1,2011-09-15 15:20:00,2011-09-15 15:20:00,0,2033.1
17847.0,129.69,2,29,2010-04-03 12:57:00,2010-12-07 10:00:00,247,64.845
17848.0,3650.9,30,1438,2009-06-12 13:19:00,2011-09-19 16:49:00,829,121.69666666666667
17849.0,1063.76,8,224,2010-03-14 15:17:00,2011-10-01 11:59:00,565,132.97
17850.0,56600.08,155,22785,2009-05-12 12:28:00,2010-09-27 14:12:00,503,365.1618064516129
17851.0,1563.34,6,938,2009-03-12 17:46:00,2010-10-13 15:13:00,579,260.5566666666667
17852.0,663.21,5,376,2009-08-12 12:51:00,2011-11-28 12:36:00,837,132.642
17853.0,1608.19,3,627,2009-03-12 15:09:00,2010-10-28 15:29:00,595,536.0633333333334
17854.0,1071.45,6,610,2009-08-12 11:13:00,2011-07-06 16:21:00,693,178.57500000000002
17855.0,417.94,1,394,2010-02-12 09:44:00,2010-02-12 09:44:00,0,417.94
17856.0,1142.63,3,577,2011-03-03 11:40:00,2011-04-20 13:13:00,48,380.8766666666667
17857.0,25702.64,22,19581,2010-08-03 12:09:00,2011-11-22 15:22:00,476,1168.3018181818181
17858.0,12797.65,30,5483,2009-06-12 15:41:00,2011-12-08 16:36:00,909,426.5883333333333
17859.0,148.21,1,127,2011-08-02 10:32:00,2011-08-02 10:32:00,0,148.21
17860.0,1015.54,4,817,2009-11-12 16:48:00,2010-07-10 13:09:00,239,253.885
17861.0,4689.11,17,4122,2009-10-12 11:27:00,2011-11-15 13:01:00,764,275.83
17862.0,1279.09,4,443,2010-05-25 17:22:00,2011-01-20 12:23:00,239,319.7725
17863.0,5745.2,12,4952,2010-02-25 12:01:00,2011-11-10 13:45:00,623,478.76666666666665
17864.0,924.32,5,1121,2010-08-10 11:49:00,2011-11-27 11:15:00,473,184.864
17865.0,26374.39,46,12985,2009-01-12 10:49:00,2011-12-09 14:24:00,1061,573.356304347826
17866.0,1134.95,3,535,2009-12-14 16:01:00,2011-07-20 11:07:00,582,378.31666666666666
17867.0,1621.2800000000002,15,672,2009-02-12 13:39:00,2011-09-11 14:15:00,941,108.08533333333335
17868.0,234.65,1,91,2010-11-18 18:55:00,2010-11-18 18:55:00,0,234.65
17869.0,1036.16,7,560,2010-06-12 17:16:00,2011-08-24 16:16:00,437,148.02285714285716
17870.0,2843.24,12,1598,2010-08-12 08:12:00,2011-11-25 11:20:00,470,236.93666666666664
17871.0,1118.99,5,713,2010-01-15 14:48:00,2011-05-19 11:32:00,488,223.798
17872.0,235.87,1,176,2010-11-23 12:02:00,2010-11-23 12:02:00,0,235.87
17873.0,6515.88,18,4312,2009-12-16 15:11:00,2011-09-20 16:41:00,643,361.99333333333334
17874.0,683.46,6,221,2011-03-29 11:25:00,2011-07-06 12:54:00,99,113.91000000000001
17875.0,167.1,1,98,2010-01-20 15:30:00,2010-01-20 15:30:00,0,167.1
17876.0,3424.02,3,1958,2010-02-02 13:00:00,2010-05-11 10:52:00,97,1141.34
17877.0,237.61,1,98,2011-06-22 13:00:00,2011-06-22 13:00:00,0,237.61
17878.0,1412.33,3,1038,2010-09-11 13:50:00,2011-10-27 11:24:00,410,470.77666666666664
17879.0,178.52,1,45,2011-06-19 12:36:00,2011-06-19 12:36:00,0,178.52
17880.0,824.9200000000001,3,466,2009-09-12 16:13:00,2010-10-12 10:21:00,394,274.97333333333336
17881.0,133.35,1,32,2011-08-02 17:16:00,2011-08-02 17:16:00,0,133.35
17882.0,313.46,2,134,2010-11-25 14:35:00,2010-11-25 14:40:00,0,156.73
17883.0,810.98,6,304,2010-02-25 20:07:00,2011-11-25 14:02:00,637,135.16333333333333
17884.0,2958.28,19,2789,2009-04-12 16:23:00,2011-01-02 11:08:00,629,155.69894736842107
17885.0,190.19,1,167,2011-11-27 14:40:00,2011-11-27 14:40:00,0,190.19
17886.0,1608.38,6,725,2010-04-29 11:10:00,2011-08-11 10:09:00,468,268.06333333333333
17887.0,111.35,1,30,2011-02-08 17:29:00,2011-02-08 17:29:00,0,111.35
17888.0,1820.44,25,1544,2009-12-21 16:34:00,2011-11-18 13:45:00,696,72.8176
17889.0,774.87,7,417,2010-03-31 10:54:00,2011-11-05 16:26:00,584,110.69571428571429
17890.0,602.09,2,416,2010-12-13 15:12:00,2011-01-21 11:19:00,38,301.045
17891.0,203.85999999999999,1,393,2011-06-30 20:08:00,2011-06-30 20:08:00,0,203.85999999999999
17892.0,244.1,3,109,2011-07-07 12:56:00,2011-10-14 16:49:00,99,81.36666666666666
17893.0,112.25,1,161,2011-04-28 13:50:00,2011-04-28 13:50:00,0,112.25
17894.0,2453.38,18,1020,2010-03-11 10:28:00,2011-09-29 09:23:00,566,136.29888888888888
17895.0,98.0,1,130,2011-10-26 17:00:00,2011-10-26 17:00:00,0,98.0
17896.0,256.32,1,288,2011-11-16 13:59:00,2011-11-16 13:59:00,0,256.32
17897.0,2585.0,9,1043,2010-01-12 12:31:00,2011-06-20 11:23:00,523,287.22222222222223
17898.0,299.18,4,251,2010-05-21 17:22:00,2011-09-15 14:56:00,481,74.795
17899.0,155.8,1,171,2011-03-07 14:58:00,2011-03-07 14:58:00,0,155.8
17900.0,112.19999999999999,2,73,2011-02-06 14:28:00,2011-02-06 14:38:00,0,56.099999999999994
17901.0,260.08,3,38,2010-06-07 10:54:00,2011-10-11 17:29:00,491,86.69333333333333
17902.0,216.4,1,526,2010-11-06 12:25:00,2010-11-06 12:25:00,0,216.4
17903.0,381.09000000000003,1,142,2010-10-11 15:39:00,2010-10-11 15:39:00,0,381.09000000000003
17904.0,191.67000000000002,1,63,2011-11-18 12:57:00,2011-11-18 12:57:00,0,191.67000000000002
17905.0,2383.52,13,1373,2010-01-02 15:32:00,2011-09-29 17:33:00,635,183.3476923076923
17906.0,72.9,1,26,2011-06-04 17:25:00,2011-06-04 17:25:00,0,72.9
17907.0,291.76,1,1046,2010-09-03 12:33:00,2010-09-03 12:33:00,0,291.76
17908.0,1411.54,5,856,2009-12-14 12:24:00,2010-07-23 12:29:00,221,282.308
17909.0,132.55,1,41,2009-02-12 13:10:00,2009-02-12 13:10:00,0,132.55
17910.0,261.7,1,121,2009-12-13 16:04:00,2009-12-13 16:04:00,0,261.7
17911.0,366.23,1,223,2011-11-30 14:52:00,2011-11-30 14:52:00,0,366.23
17912.0,375.5,6,216,2010-10-12 11:11:00,2011-02-02 14:25:00,113,62.583333333333336
17913.0,3479.64,14,1745,2009-03-12 13:02:00,2011-12-10 10:45:00,1002,248.54571428571427
17915.0,242.13,1,191,2010-06-06 13:22:00,2010-06-06 13:22:00,0,242.13
17916.0,43.87,2,90,2009-06-12 14:10:00,2010-03-21 12:26:00,281,21.935
17917.0,341.28,3,187,2010-12-12 12:08:00,2011-10-25 13:20:00,317,113.75999999999999
17918.0,396.39,3,352,2010-07-22 14:20:00,2010-07-27 11:51:00,4,132.13
17919.0,1840.3200000000002,2,1452,2010-09-27 10:40:00,2011-12-09 13:41:00,438,920.1600000000001
17920.0,24213.170000000002,53,12430,2009-06-12 10:37:00,2011-11-28 10:46:00,899,456.8522641509434
17921.0,2423.5,10,1002,2010-05-08 18:42:00,2011-07-14 18:56:00,432,242.35
17922.0,170.4,1,49,2010-06-14 16:32:00,2010-06-14 16:32:00,0,170.4
17923.0,497.0,3,140,2010-06-13 13:58:00,2011-02-03 15:15:00,235,165.66666666666666
17924.0,3536.7000000000003,8,1268,2010-01-12 10:51:00,2011-11-28 09:11:00,684,442.08750000000003
17925.0,488.16,1,144,2010-02-12 10:10:00,2010-02-12 10:10:00,0,488.16
17926.0,1035.49,5,572,2010-01-09 13:44:00,2011-07-29 14:39:00,566,207.098
17927.0,294.0,1,108,2009-12-18 11:03:00,2009-12-18 11:03:00,0,294.0
17928.0,341.24,3,222,2010-05-17 15:30:00,2011-10-25 13:52:00,525,113.74666666666667
17929.0,3082.1,12,434,2009-09-12 11:40:00,2011-11-28 16:01:00,807,256.84166666666664
17930.0,4275.22,13,3795,2010-03-19 10:11:00,2011-09-29 12:11:00,559,328.86307692307696
17931.0,3437.29,14,1937,2010-01-08 12:02:00,2011-07-28 18:33:00,566,245.5207142857143
17932.0,1331.57,3,789,2011-06-19 10:39:00,2011-12-05 13:58:00,169,443.8566666666666
17933.0,114.69,1,63,2010-03-17 15:11:00,2010-03-17 15:11:00,0,114.69
17934.0,1049.15,3,628,2010-10-29 12:23:00,2011-12-10 10:50:00,406,349.7166666666667
17935.0,686.14,7,244,2009-04-12 14:33:00,2011-07-24 13:18:00,832,98.02
17937.0,4301.22,7,1754,2010-12-12 14:43:00,2011-08-17 12:10:00,247,614.46
17938.0,144.29,1,53,2010-10-15 14:27:00,2010-10-15 14:27:00,0,144.29
17939.0,99.14,1,40,2011-03-07 12:27:00,2011-03-07 12:27:00,0,99.14
17940.0,30393.19,16,85580,2009-03-12 12:31:00,2011-10-21 13:27:00,953,1899.574375
17941.0,1433.28,4,1108,2010-02-18 19:11:00,2011-01-08 08:30:00,323,358.32
17942.0,77.50000000000001,1,38,2011-02-12 10:45:00,2011-02-12 10:45:00,0,77.50000000000001
17944.0,75.41,1,85,2010-12-10 16:25:00,2010-12-10 16:25:00,0,75.41
17945.0,360.35,3,244,2010-12-01 11:33:00,2010-12-01 11:40:00,0,120.11666666666667
17946.0,149.57999999999998,2,75,2011-03-25 14:34:00,2011-04-20 17:00:00,26,74.78999999999999
17947.0,176.68,1,168,2011-02-11 13:05:00,2011-02-11 13:05:00,0,176.68
17948.0,358.56000000000006,1,144,2011-07-15 12:58:00,2011-07-15 12:58:00,0,358.56000000000006
17949.0,116684.08,116,57958,2009-02-12 11:07:00,2011-12-07 12:43:00,1028,1005.8972413793103
17950.0,1432.81,7,847,2010-04-01 17:39:00,2011-09-28 15:18:00,544,204.68714285714285
17951.0,1636.0800000000002,4,898,2010-01-12 12:40:00,2011-10-31 12:30:00,656,409.02000000000004
17952.0,819.61,4,504,2010-06-16 11:54:00,2010-11-26 13:54:00,163,204.9025
17953.0,160.82,1,99,2010-06-17 15:08:00,2010-06-17 15:08:00,0,160.82
17954.0,3673.09,18,2985,2009-09-12 13:22:00,2011-08-08 13:46:00,695,204.06055555555557
17955.0,949.9,6,681,2010-02-22 11:22:00,2011-05-25 12:00:00,457,158.31666666666666
17956.0,12.75,1,1,2011-04-04 13:47:00,2011-04-04 13:47:00,0,12.75
17957.0,111.68,1,287,2011-04-10 14:58:00,2011-04-10 14:58:00,0,111.68
17958.0,973.88,2,284,2009-11-12 15:37:00,2011-08-15 12:19:00,640,486.94
17959.0,140.75,1,49,2010-04-26 14:12:00,2010-04-26 14:12:00,0,140.75
17960.0,135.08,3,60,2010-05-07 09:56:00,2011-06-21 14:15:00,410,45.02666666666667
17961.0,2995.54,100,1537,2009-01-12 14:48:00,2011-12-09 11:44:00,1060,29.9554
17962.0,687.42,4,651,2010-01-13 15:24:00,2011-07-20 14:16:00,552,171.855
17963.0,651.51,4,344,2010-01-19 17:25:00,2010-11-06 15:54:00,290,162.8775
17964.0,733.46,2,496,2010-02-12 13:32:00,2011-08-11 10:44:00,544,366.73
17965.0,7240.9800000000005,29,4525,2009-12-14 13:19:00,2011-12-01 10:58:00,716,249.6889655172414
17966.0,1974.42,10,3943,2010-01-18 13:24:00,2011-11-07 15:28:00,658,197.442
17967.0,357.29,2,198,2010-03-12 11:19:00,2010-10-19 13:19:00,221,178.645
17968.0,888.04,4,525,2010-01-12 12:23:00,2010-11-16 11:36:00,307,222.01
17969.0,2369.94,20,1017,2009-06-12 13:53:00,2011-06-26 13:00:00,743,118.497
17970.0,582.59,1,525,2011-12-05 20:03:00,2011-12-05 20:03:00,0,582.59
17971.0,161.94,1,62,2010-09-06 14:04:00,2010-09-06 14:04:00,0,161.94
17972.0,136.04,1,37,2011-12-04 12:16:00,2011-12-04 12:16:00,0,136.04
17973.0,337.04,1,176,2011-10-19 10:34:00,2011-10-19 10:34:00,0,337.04
17974.0,1858.06,6,1243,2010-10-11 12:09:00,2011-11-15 11:37:00,399,309.6766666666667
17975.0,7028.83,24,2271,2010-01-11 10:52:00,2011-11-24 13:27:00,682,292.86791666666664
17976.0,706.38,1,212,2010-02-12 13:49:00,2010-02-12 13:49:00,0,706.38
17977.0,1565.63,2,2062,2010-04-11 14:26:00,2011-10-11 13:28:00,547,782.815
17978.0,1461.76,4,1797,2009-08-12 13:27:00,2010-11-01 13:51:00,446,365.44
17979.0,757.71,4,397,2011-03-25 11:34:00,2011-06-24 10:44:00,90,189.4275
17980.0,1033.42,4,782,2010-11-11 14:42:00,2011-06-27 12:01:00,227,258.355
17981.0,239.12,1,260,2010-10-25 10:40:00,2010-10-25 10:40:00,0,239.12
17982.0,138.18,1,117,2010-01-28 09:38:00,2010-01-28 09:38:00,0,138.18
17983.0,171.71,1,108,2010-09-11 13:23:00,2010-09-11 13:24:00,0,171.71
17984.0,1191.27,5,973,2009-01-12 11:51:00,2011-07-17 15:59:00,916,238.254
17985.0,634.95,1,183,2011-11-17 14:24:00,2011-11-17 14:24:00,0,634.95
17986.0,20.8,1,10,2011-10-14 14:22:00,2011-10-14 14:22:00,0,20.8
17987.0,1003.64,5,1015,2010-04-11 11:37:00,2011-07-06 14:22:00,451,200.728
17988.0,489.54,14,186,2009-07-12 13:35:00,2011-11-28 11:00:00,868,34.96714285714286
17989.0,228.83,1,329,2010-11-25 13:49:00,2010-11-25 13:49:00,0,228.83
17990.0,1527.6100000000001,6,777,2009-07-12 15:19:00,2011-04-17 11:44:00,643,254.6016666666667
17991.0,320.55,3,100,2010-04-27 12:46:00,2011-04-28 15:58:00,366,106.85000000000001
17992.0,254.13,1,131,2010-11-15 13:04:00,2010-11-15 13:04:00,0,254.13
17993.0,235.19,1,112,2010-01-04 14:23:00,2010-01-04 14:23:00,0,235.19
17994.0,2313.32,11,2194,2010-03-29 10:37:00,2011-11-03 15:14:00,584,210.3018181818182
17995.0,495.48,3,263,2010-11-17 17:01:00,2011-03-03 12:30:00,105,165.16
17996.0,482.33,3,587,2010-11-06 11:48:00,2010-11-25 11:00:00,18,160.77666666666667
17997.0,1970.67,8,2298,2011-02-09 15:48:00,2011-10-07 15:17:00,239,246.33375
17998.0,639.24,3,561,2009-01-12 13:07:00,2010-11-24 15:31:00,681,213.08
17999.0,730.9,3,395,2010-08-12 15:17:00,2011-02-11 15:56:00,183,243.63333333333333
18000.0,124.25,1,109,2010-05-24 17:34:00,2010-05-24 17:34:00,0,124.25
18001.0,953.84,6,893,2009-02-12 15:38:00,2011-11-27 16:02:00,1018,158.97333333333333
18002.0,249.92,4,72,2009-08-12 11:07:00,2010-11-29 10:57:00,473,62.48
18003.0,358.61,1,299,2010-11-28 15:09:00,2010-11-28 15:09:00,0,358.61
18004.0,169.47,1,78,2010-12-12 13:47:00,2010-12-12 13:47:00,0,169.47
18005.0,139.97,1,49,2011-10-23 14:40:00,2011-10-23 14:40:00,0,139.97
18006.0,997.86,4,403,2009-12-17 12:27:00,2011-11-16 16:52:00,699,249.465
18007.0,220.32,1,252,2010-12-11 11:08:00,2010-12-11 11:08:00,0,220.32
18008.0,19787.13,23,7830,2010-01-27 11:40:00,2011-11-04 10:18:00,645,860.3100000000001
18009.0,2155.83,8,653,2010-01-04 10:33:00,2011-04-18 13:36:00,469,269.47875
18010.0,174.8,1,60,2011-03-28 12:27:00,2011-03-28 12:27:00,0,174.8
18011.0,527.03,2,198,2010-01-12 17:35:00,2010-05-21 13:28:00,128,263.515
18012.0,115.3,1,63,2009-12-16 13:16:00,2009-12-16 13:16:00,0,115.3
18013.0,187.29,2,285,2011-07-07 14:08:00,2011-07-07 14:11:00,0,93.645
18014.0,166.42,1,68,2011-11-11 15:28:00,2011-11-11 15:28:00,0,166.42
18016.0,1960.46,7,1209,2010-01-27 16:00:00,2011-09-26 14:06:00,606,280.0657142857143
18017.0,688.0,4,400,2010-04-10 15:11:00,2011-09-19 16:15:00,527,172.0
18018.0,297.99,4,186,2010-05-11 15:52:00,2011-08-23 17:37:00,469,74.4975
18019.0,38.45,1,7,2011-10-19 12:10:00,2011-10-19 12:10:00,0,38.45
18020.0,190.48000000000002,1,67,2010-06-14 12:31:00,2010-06-14 12:31:00,0,190.48000000000002
18021.0,227.06,2,169,2010-07-15 18:47:00,2010-07-18 10:52:00,2,113.53
18022.0,1651.79,5,1390,2010-10-22 12:02:00,2011-04-11 12:45:00,171,330.358
18024.0,389.78,2,184,2011-10-07 12:28:00,2011-10-07 12:40:00,0,194.89
18025.0,1177.72,6,1053,2010-03-30 17:33:00,2010-12-11 16:24:00,255,196.28666666666666
18026.0,2074.07,2,530,2010-07-22 16:21:00,2010-07-27 10:37:00,4,1037.035
18027.0,115.31,1,78,2011-02-09 10:38:00,2011-02-09 10:38:00,0,115.31
18028.0,192.05,1,133,2010-05-05 13:28:00,2010-05-05 13:28:00,0,192.05
18029.0,433.77,1,253,2010-07-03 15:30:00,2010-07-03 15:30:00,0,433.77
18030.0,121.1,1,46,2011-10-28 13:55:00,2011-10-28 13:55:00,0,121.1
18031.0,462.1,1,300,2010-11-26 11:00:00,2010-11-26 11:00:00,0,462.1
18032.0,73.5,1,42,2011-09-01 15:32:00,2011-09-01 15:32:00,0,73.5
18033.0,97.97,1,253,2011-05-10 17:28:00,2011-05-10 17:28:00,0,97.97
18034.0,793.7,3,992,2010-11-29 12:36:00,2011-11-18 12:22:00,353,264.56666666666666
18035.0,1276.74,5,1161,2010-11-19 13:42:00,2011-10-27 17:57:00,342,255.348
18036.0,1563.64,11,748,2009-12-18 12:04:00,2011-08-26 12:55:00,616,142.14909090909092
18037.0,167.42,15,37,2009-01-12 13:48:00,2011-08-07 13:39:00,936,11.161333333333333
18038.0,149.41,1,85,2010-01-06 15:59:00,2010-01-06 15:59:00,0,149.41
18039.0,579.17,4,570,2010-05-16 13:10:00,2010-11-30 13:07:00,197,144.7925
18040.0,357.20000000000005,2,148,2011-08-04 08:27:00,2011-11-20 14:20:00,108,178.60000000000002
18041.0,8752.38,38,7859,2010-01-14 10:04:00,2011-11-28 11:39:00,683,230.32578947368418
18042.0,281.15,2,69,2010-06-16 10:53:00,2011-10-17 11:49:00,488,140.575
18043.0,875.97,3,454,2010-08-12 12:35:00,2011-11-15 12:48:00,460,291.99
18044.0,3294.71,17,1501,2010-05-28 15:31:00,2011-09-13 11:52:00,472,193.8064705882353
18045.0,189.4,1,142,2011-10-25 13:07:00,2011-10-25 13:07:00,0,189.4
18046.0,189.63,1,44,2010-02-28 11:36:00,2010-02-28 11:36:00,0,189.63
18047.0,342.69,2,138,2010-11-23 12:57:00,2010-11-23 13:11:00,0,171.345
18048.0,401.73,3,258,2010-03-08 13:03:00,2011-05-20 14:58:00,438,133.91
18049.0,556.52,2,425,2010-04-28 13:24:00,2010-09-28 14:26:00,153,278.26
18050.0,412.06,2,250,2010-11-11 15:51:00,2010-12-15 14:25:00,33,206.03
18051.0,2282.28,7,1661,2009-09-12 12:17:00,2010-07-02 13:30:00,293,326.04
18052.0,10877.18,1,17766,2010-05-24 11:11:00,2010-05-24 11:11:00,0,10877.18
18053.0,571.07,3,409,2010-02-07 11:42:00,2011-09-30 09:05:00,599,190.35666666666668
18054.0,176.5,1,96,2010-12-11 08:18:00,2010-12-11 08:18:00,0,176.5
18055.0,11195.57,14,3839,2010-05-12 10:52:00,2011-10-31 12:02:00,537,799.6835714285714
18056.0,554.6,2,334,2010-03-31 12:29:00,2011-02-24 14:27:00,330,277.3
18057.0,1203.56,3,978,2010-01-18 12:42:00,2010-11-11 16:55:00,297,401.18666666666667
18058.0,774.06,3,394,2010-06-16 13:45:00,2011-11-30 08:38:00,531,258.02
18059.0,306.46,3,258,2011-03-10 09:30:00,2011-11-16 16:49:00,251,102.15333333333332
18060.0,1185.46,2,902,2010-05-24 08:34:00,2010-10-27 16:41:00,156,592.73
18061.0,6488.97,28,3607,2009-04-12 11:36:00,2011-11-18 11:20:00,949,231.7489285714286
18062.0,1632.67,6,831,2010-04-21 08:55:00,2011-06-19 14:47:00,424,272.1116666666667
18063.0,186.60000000000002,2,48,2010-03-16 13:05:00,2010-11-14 10:46:00,242,93.30000000000001
18064.0,4495.03,11,2709,2010-01-02 15:01:00,2011-07-29 16:39:00,573,408.6390909090909
18065.0,5866.63,29,2265,2009-09-12 16:00:00,2011-09-14 11:36:00,731,202.29758620689657
18066.0,1440.4,3,535,2010-10-20 11:42:00,2011-09-25 15:30:00,340,480.1333333333334
18067.0,396.33,1,189,2011-10-30 15:58:00,2011-10-30 15:58:00,0,396.33
18068.0,101.7,1,6,2011-02-23 14:50:00,2011-02-23 14:50:00,0,101.7
18069.0,4540.56,11,3227,2010-02-28 16:14:00,2011-12-09 16:14:00,649,412.77818181818185
18070.0,314.1,1,86,2010-08-02 13:28:00,2010-08-02 13:28:00,0,314.1
18071.0,1428.63,6,835,2009-05-12 10:31:00,2011-03-27 11:59:00,684,238.10500000000002
18072.0,247.44,1,288,2011-07-06 10:44:00,2011-07-06 10:44:00,0,247.44
18073.0,3877.5200000000004,12,3108,2011-03-08 14:33:00,2011-08-17 14:02:00,161,323.1266666666667
18074.0,1509.04,2,551,2010-01-12 09:53:00,2010-07-22 10:31:00,191,754.52
18075.0,5783.29,20,3281,2010-01-11 16:01:00,2011-11-16 15:21:00,673,289.1645
18076.0,151.49,1,164,2010-11-24 14:02:00,2010-11-24 14:02:00,0,151.49
18077.0,4338.56,18,3233,2009-07-12 11:40:00,2011-11-08 13:25:00,849,241.03111111111113
18078.0,844.6,4,431,2010-03-21 15:50:00,2011-06-05 14:32:00,440,211.15
18079.0,4242.75,5,8815,2010-05-08 12:19:00,2011-10-25 15:27:00,535,848.55
18080.0,1231.5,2,642,2011-11-04 10:10:00,2011-11-21 08:02:00,16,615.75
18081.0,343.45,3,195,2011-03-11 16:30:00,2011-08-19 12:23:00,160,114.48333333333333
18082.0,703.37,1,621,2011-11-14 12:45:00,2011-11-14 12:45:00,0,703.37
18083.0,470.73,1,270,2010-07-11 11:44:00,2010-07-11 11:44:00,0,470.73
18084.0,812.9300000000001,3,761,2010-11-16 08:09:00,2011-11-23 13:57:00,372,270.9766666666667
18085.0,1645.75,4,585,2010-01-12 12:08:00,2011-01-13 15:17:00,366,411.4375
18086.0,101.34,1,106,2011-10-03 13:34:00,2011-10-03 13:34:00,0,101.34
18087.0,14761.52,17,7775,2009-01-12 09:43:00,2011-02-22 10:43:00,771,868.324705882353
18088.0,167.67000000000002,1,109,2011-09-10 13:41:00,2011-09-10 13:41:00,0,167.67000000000002
18089.0,428.45,1,95,2010-09-19 11:57:00,2010-09-19 11:57:00,0,428.45
18090.0,349.4,1,321,2010-10-14 12:32:00,2010-10-14 12:32:00,0,349.4
18091.0,360.85,1,539,2010-04-25 13:18:00,2010-04-25 13:18:00,0,360.85
18092.0,15617.6,17,8678,2009-04-12 12:37:00,2011-12-08 12:37:00,970,918.6823529411765
18093.0,4452.71,8,3429,2010-03-31 10:27:00,2011-11-08 14:34:00,587,556.58875
18094.0,6391.52,13,4164,2010-05-27 12:27:00,2011-09-19 09:28:00,479,491.65538461538466
18095.0,2303.09,5,1623,2010-04-19 14:09:00,2011-11-01 12:37:00,560,460.61800000000005
18096.0,1805.28,6,1483,2010-07-14 14:30:00,2011-11-28 12:44:00,501,300.88
18097.0,4663.32,11,2740,2009-12-17 11:06:00,2011-05-18 13:56:00,517,423.9381818181818
18098.0,550.84,1,217,2010-08-11 16:31:00,2010-08-11 16:31:00,0,550.84
18099.0,168.31,1,149,2011-04-08 15:52:00,2011-04-08 15:52:00,0,168.31
18100.0,451.56,1,440,2010-07-06 14:19:00,2010-07-06 14:19:00,0,451.56
18101.0,629.16,5,250,2010-03-02 13:52:00,2011-11-28 13:37:00,635,125.832
18102.0,597336.11,142,185642,2009-01-12 09:24:00,2011-11-28 12:55:00,1050,4206.5923239436615
18103.0,105.8,1,23,2010-08-06 13:36:00,2010-08-06 13:36:00,0,105.8
18104.0,754.64,1,362,2011-02-11 14:07:00,2011-02-11 14:07:00,0,754.64
18105.0,113.48000000000002,1,46,2011-02-11 12:04:00,2011-02-11 12:04:00,0,113.48000000000002
18106.0,1461.46,6,512,2010-01-15 11:36:00,2011-01-14 12:23:00,364,243.57666666666668
18107.0,167.13,1,66,2010-09-23 13:03:00,2010-09-23 13:03:00,0,167.13
18108.0,848.8100000000001,3,261,2009-02-12 12:47:00,2011-03-30 13:56:00,776,282.93666666666667
18109.0,9201.29,37,4694,2010-01-07 12:13:00,2011-12-06 12:03:00,697,248.68351351351353
18110.0,435.43,2,186,2010-10-24 14:21:00,2011-11-20 12:34:00,391,217.715
18111.0,405.85,1,232,2010-04-29 12:58:00,2010-04-29 12:58:00,0,405.85
18112.0,775.96,4,447,2010-06-06 12:40:00,2011-11-27 14:43:00,539,193.99
18113.0,152.64000000000001,1,144,2010-06-12 12:31:00,2010-06-12 12:31:00,0,152.64000000000001
18114.0,220.1,1,55,2011-02-22 13:20:00,2011-02-22 13:20:00,0,220.1
18115.0,9.700000000000001,1,3,2010-11-01 11:57:00,2010-11-01 11:57:00,0,9.700000000000001
18116.0,2154.3,13,1281,2010-10-12 12:14:00,2011-04-19 16:14:00,189,165.71538461538464
18117.0,320.71999999999997,1,618,2011-11-14 12:47:00,2011-11-14 12:47:00,0,320.71999999999997
18118.0,6733.22,29,3417,2010-05-12 12:13:00,2011-11-29 11:32:00,565,232.18
18119.0,362.24,1,250,2010-07-12 11:59:00,2010-07-12 11:59:00,0,362.24
18120.0,111.15,1,31,2011-09-05 13:45:00,2011-09-05 13:45:00,0,111.15
18121.0,673.1,2,450,2011-07-13 12:53:00,2011-08-07 12:14:00,24,336.55
18122.0,1826.21,6,1234,2011-01-12 13:08:00,2011-12-07 11:37:00,328,304.36833333333334
18123.0,684.59,3,629,2010-07-14 12:47:00,2011-11-15 14:23:00,489,228.1966666666667
18124.0,111.53,1,51,2010-08-24 17:21:00,2010-08-24 17:21:00,0,111.53
18125.0,1142.99,4,804,2011-01-27 15:02:00,2011-10-11 12:29:00,256,285.7475
18126.0,206.83,1,144,2011-10-10 12:19:00,2011-10-10 12:19:00,0,206.83
18127.0,561.53,4,252,2010-01-11 13:56:00,2011-11-20 14:05:00,678,140.3825
18128.0,420.04,1,221,2010-06-20 13:19:00,2010-06-20 13:19:00,0,420.04
18129.0,112.55000000000001,1,48,2011-10-04 14:16:00,2011-10-04 14:16:00,0,112.55000000000001
18130.0,1059.39,3,824,2011-10-13 15:58:00,2011-11-24 14:40:00,41,353.13000000000005
18131.0,222.95999999999998,1,552,2010-03-18 08:48:00,2010-03-18 08:48:00,0,222.95999999999998
18132.0,226.9,1,216,2010-07-23 16:54:00,2010-07-23 16:54:00,0,226.9
18133.0,931.5,1,1350,2011-11-05 14:14:00,2011-11-05 14:14:00,0,931.5
18134.0,445.0,2,128,2010-01-14 11:59:00,2010-04-20 14:02:00,96,222.5
18135.0,1249.6200000000001,10,753,2010-03-15 13:55:00,2011-10-11 19:32:00,575,124.96200000000002
18136.0,1631.3600000000001,5,860,2010-09-14 15:50:00,2011-12-05 11:59:00,446,326.27200000000005
18137.0,145.99,2,59,2010-06-06 13:45:00,2010-06-06 14:18:00,0,72.995
18138.0,152.65,1,38,2011-02-17 14:51:00,2011-02-17 14:51:00,0,152.65
18139.0,8438.34,6,5557,2011-11-21 14:06:00,2011-11-22 10:44:00,0,1406.39
18140.0,536.41,1,395,2010-08-23 11:58:00,2010-08-23 11:58:00,0,536.41
18141.0,882.47,2,433,2010-03-11 11:44:00,2010-04-29 15:32:00,49,441.235
18142.0,1019.52,2,1276,2011-05-07 13:19:00,2011-08-05 12:31:00,89,509.76
18143.0,1000.16,2,570,2011-07-21 10:44:00,2011-08-15 12:07:00,25,500.08
18144.0,5058.0,19,2239,2009-12-16 15:57:00,2011-11-05 13:20:00,688,266.2105263157895
18145.0,5617.79,11,5107,2009-08-12 12:30:00,2011-11-27 11:22:00,836,510.7081818181818
18146.0,160.35,2,153,2011-03-05 16:35:00,2011-07-22 12:08:00,138,80.175
18147.0,179.34,2,203,2011-08-23 12:22:00,2011-10-25 11:46:00,62,89.67
18148.0,114.10000000000001,1,64,2010-03-03 11:40:00,2010-03-03 11:40:00,0,114.10000000000001
18149.0,1624.71,7,918,2010-03-14 12:41:00,2011-11-03 12:44:00,599,232.10142857142858
18150.0,566.58,3,332,2011-05-22 10:47:00,2011-07-22 15:43:00,61,188.86
18151.0,1879.44,6,986,2010-04-03 10:47:00,2011-07-28 11:35:00,481,313.24
18152.0,426.69,1,75,2010-03-03 15:26:00,2010-03-03 15:26:00,0,426.69
18153.0,246.22,1,200,2010-02-18 15:50:00,2010-02-18 15:50:00,0,246.22
18154.0,753.9,4,524,2010-06-08 09:18:00,2011-10-27 10:40:00,506,188.475
18155.0,371.62,3,266,2011-02-21 10:36:00,2011-09-25 13:32:00,216,123.87333333333333
18156.0,941.1700000000001,2,374,2010-05-12 12:29:00,2011-11-27 12:24:00,563,470.58500000000004
18157.0,215.35,1,146,2010-05-17 14:09:00,2010-05-17 14:09:00,0,215.35
18158.0,453.4,2,354,2011-11-30 16:19:00,2011-12-09 09:03:00,8,226.7
18159.0,530.15,1,139,2011-11-02 14:26:00,2011-11-02 14:26:00,0,530.15
18160.0,1003.88,3,519,2010-11-18 16:33:00,2011-10-13 15:50:00,328,334.62666666666667
18161.0,1803.1000000000001,6,965,2010-11-25 15:55:00,2011-11-24 16:40:00,364,300.5166666666667
18162.0,379.15999999999997,1,335,2009-07-12 13:24:00,2009-07-12 13:24:00,0,379.15999999999997
18163.0,728.84,1,452,2010-04-05 14:51:00,2010-04-05 14:51:00,0,728.84
18164.0,399.65,1,184,2011-02-11 12:56:00,2011-02-11 12:56:00,0,399.65
18165.0,302.46,1,254,2011-06-15 13:23:00,2011-06-15 13:23:00,0,302.46
18166.0,175.5,1,90,2010-03-26 12:26:00,2010-03-26 12:26:00,0,175.5
18167.0,1384.8600000000001,3,382,2011-04-11 13:51:00,2011-11-16 15:56:00,219,461.62000000000006
18168.0,3770.27,16,2177,2009-03-12 17:29:00,2011-10-02 13:19:00,933,235.641875
18169.0,202.65,1,61,2011-10-10 12:18:00,2011-10-10 12:18:00,0,202.65
18170.0,2878.0,9,1184,2010-02-11 14:01:00,2011-08-19 16:04:00,554,319.77777777777777
18171.0,2437.31,9,991,2010-03-18 15:11:00,2011-12-10 09:13:00,631,270.8122222222222
18172.0,17479.84,52,7413,2009-11-12 09:58:00,2011-12-05 19:23:00,753,336.15076923076924
18173.0,2696.36,5,1730,2010-06-04 10:43:00,2011-10-03 11:56:00,486,539.272
18174.0,162.5,2,80,2010-04-15 12:17:00,2011-02-12 16:56:00,303,81.25
18175.0,176.10000000000002,1,70,2010-02-02 10:25:00,2010-02-02 10:25:00,0,176.10000000000002
18176.0,476.35,1,283,2010-12-16 15:45:00,2010-12-16 15:45:00,0,476.35
18177.0,2216.87,9,1239,2009-12-15 18:57:00,2011-08-11 14:44:00,603,246.31888888888886
18178.0,6103.74,11,3850,2010-02-11 17:24:00,2011-04-05 10:15:00,417,554.8854545454545
18179.0,2547.55,8,1811,2010-02-14 15:51:00,2011-11-30 16:23:00,654,318.44375
18180.0,1533.02,5,1454,2011-07-20 08:59:00,2011-12-09 14:39:00,142,306.604
18181.0,1205.94,5,524,2009-04-12 15:30:00,2011-11-15 15:08:00,946,241.18800000000002
18182.0,291.13,1,167,2010-02-09 14:25:00,2010-02-09 14:25:00,0,291.13
18183.0,632.07,2,371,2011-04-26 15:26:00,2011-10-03 10:08:00,159,316.035
18184.0,49.8,1,60,2011-11-24 15:28:00,2011-11-24 15:28:00,0,49.8
18185.0,304.25,1,183,2011-04-04 13:42:00,2011-04-04 13:42:00,0,304.25
18186.0,329.58000000000004,1,338,2009-12-17 10:22:00,2009-12-17 10:22:00,0,329.58000000000004
18187.0,724.89,1,310,2010-03-18 09:49:00,2010-03-18 09:49:00,0,724.89
18188.0,3280.59,6,1888,2010-03-26 11:37:00,2011-11-24 16:46:00,608,546.765
18189.0,1403.73,3,836,2010-03-24 09:57:00,2011-09-23 12:40:00,548,467.91
18190.0,745.62,5,490,2009-12-22 12:05:00,2011-05-31 14:48:00,525,149.124
18191.0,529.4,2,332,2010-08-19 17:42:00,2011-03-23 12:08:00,215,264.7
18192.0,957.97,1,339,2011-09-29 09:53:00,2011-09-29 09:53:00,0,957.97
18193.0,1207.3500000000001,3,926,2010-09-23 13:33:00,2011-06-27 13:58:00,277,402.45000000000005
18194.0,4162.04,6,1774,2010-01-28 15:30:00,2011-09-18 13:29:00,597,693.6733333333333
18195.0,101.16,1,60,2010-11-17 15:03:00,2010-11-17 15:03:00,0,101.16
18196.0,1464.31,4,1047,2010-03-17 14:55:00,2011-05-09 16:22:00,418,366.0775
18197.0,230.1,1,166,2010-05-13 10:46:00,2010-05-13 10:46:00,0,230.1
18198.0,5107.110000000001,16,3883,2011-02-02 10:06:00,2011-09-29 12:43:00,239,319.19437500000004
18199.0,344.75,1,99,2010-01-25 11:32:00,2010-01-25 11:32:00,0,344.75
18200.0,163.8,1,111,2011-08-25 18:45:00,2011-08-25 18:45:00,0,163.8
18201.0,447.53000000000003,1,191,2009-12-17 08:55:00,2009-12-17 08:55:00,0,447.53000000000003
18202.0,1396.99,3,581,2011-01-02 13:36:00,2011-05-24 12:12:00,141,465.66333333333336
18203.0,504.42,4,113,2009-08-12 13:19:00,2011-05-07 13:07:00,632,126.105
18204.0,1993.7,3,1200,2011-05-31 15:26:00,2011-09-29 16:44:00,121,664.5666666666667
18205.0,517.36,2,192,2011-03-11 13:22:00,2011-09-26 12:02:00,198,258.68
18206.0,314.65999999999997,1,246,2010-04-06 13:47:00,2010-04-06 13:47:00,0,314.65999999999997
18207.0,544.47,1,325,2010-07-28 14:26:00,2010-07-28 14:26:00,0,544.47
18208.0,360.08,1,82,2010-05-23 11:54:00,2010-05-23 11:54:00,0,360.08
18209.0,139.10000000000002,1,58,2011-11-11 12:07:00,2011-11-11 12:07:00,0,139.10000000000002
18210.0,2590.93,6,1447,2010-11-22 09:39:00,2011-11-30 08:43:00,372,431.82166666666666
18211.0,600.07,5,359,2011-06-03 12:09:00,2011-11-14 08:10:00,163,120.01400000000001
18212.0,546.72,2,167,2010-01-31 14:42:00,2011-01-17 16:14:00,351,273.36
18213.0,232.48000000000002,1,232,2011-04-17 10:21:00,2011-04-17 10:21:00,0,232.48000000000002
18214.0,1780.34,4,989,2010-03-06 19:47:00,2010-08-06 17:29:00,152,445.085
18215.0,2247.4900000000002,5,1143,2010-03-26 13:03:00,2011-11-09 16:05:00,593,449.49800000000005
18216.0,481.75,1,200,2011-08-11 16:55:00,2011-08-11 16:55:00,0,481.75
18217.0,945.04,4,740,2010-01-07 15:39:00,2011-10-11 13:18:00,641,236.26
18218.0,1142.0,4,1076,2010-02-17 15:11:00,2011-12-05 12:53:00,655,285.5
18219.0,3320.52,16,1514,2009-07-12 13:17:00,2011-10-27 18:02:00,837,207.5325
18220.0,1921.76,6,1352,2009-12-15 11:42:00,2011-04-27 09:03:00,497,320.29333333333335
18221.0,1424.94,6,1000,2010-11-14 15:46:00,2011-12-05 14:13:00,385,237.49
18222.0,443.0,1,335,2011-08-09 10:45:00,2011-08-09 10:45:00,0,443.0
18223.0,13422.130000000001,25,6358,2009-04-12 12:20:00,2011-10-31 09:48:00,931,536.8852
18224.0,158.95000000000002,1,69,2011-03-21 10:30:00,2011-03-21 10:30:00,0,158.95000000000002
18225.0,12723.98,25,7144,2009-04-12 16:52:00,2011-11-18 13:16:00,949,508.9592
18226.0,11878.88,26,7883,2010-01-06 12:00:00,2011-11-08 10:45:00,670,456.88
18227.0,388.75,2,22,2010-12-08 16:45:00,2011-06-05 12:23:00,178,194.375
18228.0,779.9,2,238,2011-09-21 10:48:00,2011-10-14 09:21:00,22,389.95
18229.0,10803.71,28,3183,2009-03-12 14:42:00,2011-12-10 12:59:00,1002,385.84678571428566
18230.0,4291.06,9,1996,2010-02-07 10:01:00,2011-11-30 13:22:00,661,476.7844444444445
18231.0,6880.97,28,2923,2010-01-02 14:37:00,2011-05-31 14:18:00,513,245.7489285714286
18232.0,592.97,4,302,2011-05-07 11:10:00,2011-09-19 11:49:00,135,148.2425
18233.0,440.0,1,4,2011-01-18 08:44:00,2011-01-18 08:44:00,0,440.0
18234.0,179.6,1,80,2010-06-06 11:22:00,2010-06-06 11:22:00,0,179.6
18235.0,1796.48,3,1578,2011-06-05 13:35:00,2011-11-08 15:56:00,156,598.8266666666667
18236.0,1795.3500000000001,12,696,2010-01-10 11:03:00,2011-10-11 08:06:00,638,149.6125
18237.0,861.35,4,537,2011-05-10 13:33:00,2011-12-08 12:44:00,211,215.3375
18238.0,270.92,1,114,2010-12-07 12:51:00,2010-12-07 12:51:00,0,270.92
18239.0,2150.36,6,1052,2010-02-12 17:48:00,2011-05-05 12:38:00,446,358.3933333333334
18240.0,422.58,1,126,2011-10-24 13:06:00,2011-10-24 13:06:00,0,422.58
18241.0,2986.9900000000002,21,1471,2010-01-04 11:55:00,2011-11-30 12:10:00,695,142.23761904761906
18242.0,3605.21,8,2021,2010-03-30 15:21:00,2011-10-05 11:20:00,553,450.65125
18243.0,515.78,1,221,2010-10-21 14:29:00,2010-10-21 14:29:00,0,515.78
18244.0,568.64,2,856,2010-05-10 11:15:00,2010-07-25 10:30:00,75,284.32
18245.0,6324.9800000000005,20,5098,2010-03-26 13:08:00,2011-12-05 10:03:00,618,316.249
18246.0,758.8199999999999,3,214,2010-09-04 10:19:00,2011-11-16 11:49:00,438,252.93999999999997
18247.0,839.73,3,335,2010-03-18 15:52:00,2010-10-21 09:49:00,216,279.91
18248.0,804.02,2,511,2011-06-06 13:18:00,2011-09-08 10:19:00,93,402.01
18249.0,95.34,1,128,2011-11-22 15:07:00,2011-11-22 15:07:00,0,95.34
18250.0,349.27,1,199,2011-02-02 13:16:00,2011-02-02 13:16:00,0,349.27
18251.0,26278.86,9,39639,2009-12-22 12:01:00,2011-09-13 15:03:00,630,2919.8733333333334
18252.0,1542.09,7,937,2009-12-18 16:13:00,2011-10-20 12:43:00,670,220.29857142857142
18253.0,317.88,1,128,2010-07-03 12:38:00,2010-07-03 12:38:00,0,317.88
18254.0,267.9,1,188,2010-07-05 14:37:00,2010-07-05 14:37:00,0,267.9
18255.0,303.15,2,201,2010-09-09 16:31:00,2011-11-09 13:16:00,425,151.575
18256.0,110.69999999999999,1,180,2010-11-17 08:53:00,2010-11-17 08:53:00,0,110.69999999999999
18257.0,4600.15,12,2369,2010-02-18 16:20:00,2011-10-31 14:48:00,619,383.3458333333333
18258.0,2059.67,6,1981,2010-01-09 14:20:00,2010-11-06 13:20:00,300,343.27833333333336
18259.0,4318.2,7,1390,2009-08-12 08:38:00,2011-11-15 12:34:00,825,616.8857142857142
18260.0,9962.11,23,5247,2009-12-15 13:50:00,2011-09-01 14:42:00,625,433.13521739130437
18261.0,324.24,2,146,2011-05-09 09:34:00,2011-10-27 15:36:00,171,162.12
18262.0,577.54,3,552,2010-04-16 09:05:00,2011-07-22 16:04:00,462,192.51333333333332
18263.0,1213.16,3,1468,2011-01-04 11:48:00,2011-11-14 09:00:00,313,404.3866666666667
18264.0,603.25,1,241,2010-07-29 10:02:00,2010-07-29 10:02:00,0,603.25
18265.0,801.51,2,311,2011-04-07 15:26:00,2011-09-28 14:10:00,173,400.755
18266.0,251.1,1,138,2010-01-10 15:33:00,2010-01-10 15:33:00,0,251.1
18267.0,269.37,1,135,2010-05-02 08:43:00,2010-05-02 08:43:00,0,269.37
18268.0,1490.23,6,711,2009-11-12 10:27:00,2011-07-28 19:13:00,623,248.37166666666667
18269.0,337.20000000000005,1,152,2010-08-12 13:53:00,2010-08-12 13:53:00,0,337.20000000000005
18270.0,444.55,3,209,2010-03-10 10:49:00,2011-03-18 12:41:00,373,148.18333333333334
18271.0,680.85,2,319,2009-08-12 11:27:00,2010-09-04 09:26:00,387,340.425
18272.0,4018.1,8,2626,2010-04-03 12:53:00,2011-12-07 15:42:00,613,502.2625
18273.0,306.0,3,120,2010-04-28 12:24:00,2011-05-09 11:27:00,375,102.0
18274.0,175.92,1,88,2011-09-11 17:03:00,2011-09-11 17:03:00,0,175.92
18275.0,741.85,2,417,2009-08-12 16:23:00,2010-10-05 15:46:00,418,370.925
18276.0,1656.52,6,1246,2009-10-12 17:14:00,2011-10-27 10:54:00,744,276.08666666666664
18277.0,1180.05,5,449,2010-02-08 10:26:00,2011-12-10 15:22:00,670,236.01
18278.0,414.20000000000005,2,140,2010-10-31 12:13:00,2011-09-27 11:58:00,330,207.10000000000002
18279.0,231.34,1,630,2010-08-07 14:48:00,2010-08-07 14:48:00,0,231.34
18280.0,488.15000000000003,2,194,2010-10-11 15:51:00,2011-07-03 09:52:00,264,244.07500000000002
18281.0,201.14,2,146,2010-11-05 10:49:00,2011-12-06 10:53:00,396,100.57
18282.0,178.05,2,103,2011-02-12 11:43:00,2011-05-08 13:35:00,85,89.025
18283.0,2528.65,21,1591,2010-02-03 13:28:00,2011-11-30 12:59:00,664,120.41190476190476
18284.0,461.68,1,494,2010-04-10 11:33:00,2010-04-10 11:33:00,0,461.68
18285.0,427.0,1,145,2010-02-17 10:24:00,2010-02-17 10:24:00,0,427.0
18286.0,1296.43,2,608,2009-12-16 10:45:00,2010-08-20 11:57:00,247,648.215
18287.0,4182.99,7,3013,2010-05-17 11:55:00,2011-12-10 10:23:00,571,597.5699999999999
