Customer ID,Recency,Frequency,Monetary,R_score,F_score,M_score,RFM_Score,Segment
12346.0,327,12,77556.46,2,5,5,255,Loyal Customers
12347.0,41,7,5408.5,4,4,5,445,Loyal Customers
12348.0,77,5,2019.3999999999999,3,4,4,344,Loyal Customers
12349.0,20,4,4428.6900000000005,5,3,5,535,Potential Loyalists
12350.0,312,1,334.40000000000003,2,1,2,212,Lost Customers
12351.0,377,1,300.93,2,1,2,212,Lost Customers
12352.0,74,10,2849.84,3,5,4,354,Loyal Customers
12353.0,205,2,406.76,3,2,2,322,Lost Customers
12354.0,234,1,1079.4,2,1,3,213,Lost Customers
12355.0,97,2,947.61,3,2,3,323,Lost Customers
12356.0,24,6,6373.68,5,4,5,545,Champions
12357.0,183,3,18287.66,3,3,5,335,Lost Customers
12358.0,4,4,3203.8700000000003,5,3,5,535,Potential Loyalists
12359.0,10,10,8935.94,5,5,5,555,Champions
12360.0,54,8,4252.89,4,4,5,445,Loyal Customers
12361.0,289,4,511.25,2,3,2,232,At Risk
12362.0,31,10,4827.1900000000005,4,5,5,455,Loyal Customers
12363.0,37,2,552.0,4,2,2,422,Potential Loyalists
12364.0,42,4,1313.1,4,3,4,434,Potential Loyalists
12365.0,293,2,641.38,2,2,3,223,Lost Customers
12366.0,635,1,500.24,1,1,2,112,Lost Customers
12368.0,630,1,917.7,1,1,3,113,Lost Customers
12369.0,415,3,1791.15,2,3,4,234,At Risk
12370.0,53,7,4320.31,4,4,5,445,Loyal Customers
12371.0,31,5,4067.38,4,4,5,445,Loyal Customers
12372.0,36,3,1298.04,4,3,4,434,Potential Loyalists
12373.0,343,3,1127.65,2,3,3,233,At Risk
12374.0,27,4,2989.2200000000003,4,3,5,435,Potential Loyalists
12375.0,12,2,457.5,5,2,2,522,Potential Loyalists
12376.0,391,2,503.15,2,2,2,222,Lost Customers
12377.0,317,4,3426.32,2,3,5,235,At Risk
12378.0,306,2,5416.32,2,2,5,225,Lost Customers
12379.0,83,4,1620.22,3,3,4,334,Lost Customers
12380.0,23,11,9676.300000000001,5,5,5,555,Champions
12381.0,1,4,1698.3,5,3,4,534,Potential Loyalists
12383.0,10,5,1850.56,5,4,4,544,Champions
12384.0,30,2,585.27,4,2,2,422,Potential Loyalists
12385.0,381,1,1938.4,2,1,4,214,Lost Customers
12386.0,193,2,660.8000000000001,3,2,3,323,Lost Customers
12387.0,417,1,143.94,1,1,1,111,Lost Customers
12388.0,17,8,3901.11,5,4,5,545,Champions
12389.0,569,3,1433.33,1,3,4,134,At Risk
12390.0,81,1,549.84,3,1,2,312,Lost Customers
12391.0,23,6,2773.42,5,4,4,544,Champions
12392.0,593,1,234.75000000000003,1,1,1,111,Lost Customers
12393.0,40,6,2399.45,4,4,4,444,Loyal Customers
12394.0,154,2,1272.48,3,2,4,324,Lost Customers
12395.0,6,15,5067.27,5,5,5,555,Champions
12396.0,649,1,931.4300000000001,1,1,3,113,Lost Customers
12397.0,137,2,2409.9,3,2,4,324,Lost Customers
12398.0,47,1,1635.6599999999999,4,1,4,414,Lost Customers
12399.0,3,7,1962.3,5,4,4,544,Champions
12400.0,416,1,205.25,2,1,1,211,Lost Customers
12401.0,100,1,84.3,3,1,1,311,Lost Customers
12402.0,325,6,1256.9,2,4,4,244,Loyal Customers
12403.0,51,2,1019.36,4,2,3,423,Potential Loyalists
12404.0,684,1,63.24,1,1,1,111,Lost Customers
12405.0,150,1,1710.39,3,1,4,314,Lost Customers
12406.0,23,5,6390.36,5,4,5,545,Champions
12407.0,51,5,1708.12,4,4,4,444,Loyal Customers
12408.0,153,8,4340.77,3,4,5,345,Loyal Customers
12409.0,66,7,23419.29,4,4,5,445,Loyal Customers
12410.0,253,3,1013.71,2,3,3,233,At Risk
12411.0,411,1,346.9,2,1,2,212,Lost Customers
12412.0,76,6,2596.93,3,4,4,344,Loyal Customers
12413.0,193,4,999.45,3,3,3,333,Lost Customers
12414.0,189,6,952.4100000000001,3,4,3,343,Loyal Customers
12415.0,26,28,144458.37,4,5,5,455,Loyal Customers
12416.0,658,1,202.56,1,1,1,111,Lost Customers
12417.0,41,19,6447.18,4,5,5,455,Loyal Customers
12418.0,114,4,2021.2,3,3,4,334,Lost Customers
12419.0,387,2,503.01,2,2,2,222,Lost Customers
12420.0,154,1,600.39,3,1,2,312,Lost Customers
12421.0,17,6,1098.6,5,4,3,543,Champions
12422.0,170,17,5231.8,3,5,5,355,Loyal Customers
12423.0,102,9,2413.75,3,5,4,354,Loyal Customers
12424.0,164,4,3340.0299999999997,3,3,5,335,Lost Customers
12425.0,79,2,1741.41,3,2,4,324,Lost Customers
12426.0,196,2,1345.21,3,2,4,324,Lost Customers
12427.0,23,3,1129.3,5,3,3,533,Potential Loyalists
12428.0,27,9,7956.46,4,5,5,455,Loyal Customers
12429.0,10,8,7485.91,5,4,5,545,Champions
12430.0,45,1,256.4,4,1,1,411,Lost Customers
12431.0,3,27,10857.970000000001,5,5,5,555,Champions
12432.0,44,5,5059.32,4,4,5,445,Loyal Customers
12433.0,11,8,17942.57,5,4,5,545,Champions
12434.0,86,3,1103.43,3,3,3,333,Lost Customers
12435.0,81,6,13925.93,3,4,5,345,Loyal Customers
12436.0,336,1,509.01,2,1,2,212,Lost Customers
12437.0,10,38,12517.5,5,5,5,555,Champions
12438.0,16,2,2906.85,5,2,4,524,Potential Loyalists
12439.0,684,2,1158.18,1,2,3,123,Lost Customers
12440.0,642,2,859.2,1,2,3,123,Lost Customers
12441.0,486,1,347.1,1,1,2,112,Lost Customers
12443.0,882,1,485.31,1,1,2,112,Lost Customers
12444.0,1,5,5005.46,5,4,5,545,Champions
12445.0,23,2,434.98,5,2,2,522,Potential Loyalists
12446.0,59,1,1002.3100000000001,4,1,3,413,Lost Customers
12447.0,68,1,476.49,4,1,2,412,Lost Customers
12448.0,46,1,449.45,4,1,2,412,Lost Customers
12449.0,24,6,4835.89,5,4,5,545,Champions
12450.0,175,5,688.2,3,4,3,343,Loyal Customers
12451.0,12,8,12669.88,5,4,5,545,Champions
12452.0,18,2,430.57000000000005,5,2,2,522,Potential Loyalists
12453.0,136,1,707.09,3,1,3,313,Lost Customers
12454.0,58,5,16679.78,4,4,5,445,Loyal Customers
12455.0,75,10,5879.95,3,5,5,355,Loyal Customers
12456.0,46,3,3181.04,4,3,5,435,Potential Loyalists
12457.0,83,8,2995.91,3,4,5,345,Loyal Customers
12458.0,73,4,1777.49,4,3,4,434,Potential Loyalists
12459.0,607,1,454.36,1,1,2,112,Lost Customers
12460.0,458,1,326.65,1,1,2,112,Lost Customers
12461.0,126,2,826.88,3,2,3,323,Lost Customers
12462.0,20,2,1189.59,5,2,3,523,Potential Loyalists
12463.0,7,4,1344.78,5,3,4,534,Potential Loyalists
12464.0,12,8,1212.05,5,4,3,543,Champions
12465.0,19,2,742.19,5,2,3,523,Potential Loyalists
12466.0,684,1,56.73,1,1,1,111,Lost Customers
12467.0,366,1,132.8,2,1,1,211,Lost Customers
12468.0,219,5,3670.7400000000002,2,4,5,245,Loyal Customers
12469.0,538,2,3070.54,1,2,5,125,Lost Customers
12470.0,691,1,211.95,1,1,1,111,Lost Customers
12471.0,12,78,37725.28,5,5,5,555,Champions
12472.0,53,19,17880.59,4,5,5,455,Loyal Customers
12473.0,55,5,3938.55,4,4,5,445,Loyal Customers
12474.0,4,31,12424.45,5,5,5,555,Champions
12475.0,55,2,1149.64,4,2,3,423,Potential Loyalists
12476.0,17,23,14115.41,5,5,5,555,Champions
12477.0,24,9,20276.37,5,5,5,555,Champions
12479.0,13,1,527.2,5,1,2,512,Lost Customers
12480.0,30,7,5464.85,4,4,5,445,Loyal Customers
12481.0,24,15,12361.39,5,5,5,555,Champions
12482.0,371,29,23691.4,2,5,5,255,Loyal Customers
12483.0,19,19,5120.58,5,5,5,555,Champions
12484.0,102,12,6370.15,3,5,5,355,Loyal Customers
12485.0,531,1,708.1,1,1,3,113,Lost Customers
12486.0,610,1,1037.28,1,1,3,113,Lost Customers
12487.0,820,1,285.3,1,1,1,111,Lost Customers
12488.0,11,3,1298.66,5,3,4,534,Potential Loyalists
12489.0,163,1,334.93,3,1,2,312,Lost Customers
12490.0,19,20,9361.34,5,5,5,555,Champions
12491.0,334,1,460.40000000000003,2,1,2,212,Lost Customers
12492.0,107,3,715.21,3,3,3,333,Lost Customers
12493.0,167,2,433.74,3,2,2,322,Lost Customers
12494.0,17,9,1872.8700000000001,5,5,4,554,Champions
12495.0,464,1,357.4,1,1,2,112,Lost Customers
12496.0,622,2,54.09,1,2,1,121,Lost Customers
12497.0,83,3,6248.5,3,3,5,335,Lost Customers
12498.0,23,3,403.70000000000005,5,3,2,532,Potential Loyalists
12499.0,562,1,393.72,1,1,2,112,Lost Customers
12500.0,25,19,5955.21,4,5,5,455,Loyal Customers
12501.0,163,1,2169.39,3,1,4,314,Lost Customers
12502.0,189,5,3723.87,3,4,5,345,Loyal Customers
12503.0,615,1,1126.0,1,1,3,113,Lost Customers
12504.0,20,4,779.05,5,3,3,533,Potential Loyalists
12505.0,410,1,955.2,2,1,3,213,Lost Customers
12506.0,234,1,73.5,2,1,1,211,Lost Customers
12507.0,136,4,1844.06,3,3,4,334,Lost Customers
12508.0,28,2,398.27,4,2,2,422,Potential Loyalists
12509.0,286,1,176.5,2,1,1,211,Lost Customers
12510.0,144,9,5178.02,3,5,5,355,Loyal Customers
12511.0,519,1,3084.02,1,1,5,115,Lost Customers
12512.0,245,2,138.03,2,2,1,221,Lost Customers
12513.0,114,1,612.29,3,1,2,312,Lost Customers
12514.0,269,2,1597.76,2,2,4,224,Lost Customers
12515.0,355,1,383.7,2,1,2,212,Lost Customers
12516.0,5,4,2648.62,5,3,4,534,Potential Loyalists
12517.0,30,5,2502.84,4,4,4,444,Loyal Customers
12518.0,1,4,1717.75,5,3,4,534,Potential Loyalists
12519.0,154,2,726.54,3,2,3,323,Lost Customers
12520.0,38,5,2634.26,4,4,4,444,Loyal Customers
12521.0,144,1,599.68,3,1,2,312,Lost Customers
12522.0,41,2,192.72,4,2,1,421,Potential Loyalists
12523.0,10,23,4372.15,5,5,5,555,Champions
12524.0,11,17,11126.11,5,5,5,555,Champions
12525.0,500,3,973.73,1,3,3,133,At Risk
12526.0,55,2,1039.58,4,2,3,423,Potential Loyalists
12527.0,83,5,735.51,3,4,3,343,Loyal Customers
12528.0,11,6,1933.48,5,4,4,544,Champions
12529.0,530,1,316.48,1,1,2,112,Lost Customers
12530.0,31,9,3759.26,4,5,5,455,Loyal Customers
12531.0,16,2,1933.2,5,2,4,524,Potential Loyalists
12532.0,91,1,349.83000000000004,3,1,2,312,Lost Customers
12533.0,629,2,1367.89,1,2,4,124,Lost Customers
12534.0,337,1,1089.18,2,1,3,213,Lost Customers
12535.0,93,2,716.35,3,2,3,323,Lost Customers
12536.0,31,3,12601.830000000002,4,3,5,435,Potential Loyalists
12537.0,410,1,732.94,2,1,3,213,Lost Customers
12538.0,61,2,640.45,4,2,3,423,Potential Loyalists
12539.0,24,7,11214.75,5,4,5,545,Champions
12540.0,21,33,22254.49,5,5,5,555,Champions
12541.0,61,3,981.18,4,3,3,433,Potential Loyalists
12542.0,367,2,481.88,2,2,2,222,Lost Customers
12543.0,450,1,980.25,1,1,3,113,Lost Customers
12544.0,275,1,372.7,2,1,2,212,Lost Customers
12545.0,77,2,1000.39,3,2,3,323,Lost Customers
12546.0,48,2,1161.5,4,2,3,423,Potential Loyalists
12547.0,199,3,383.58,3,3,2,332,Lost Customers
12548.0,168,1,95.19999999999999,3,1,1,311,Lost Customers
12549.0,375,6,1575.68,2,4,4,244,Loyal Customers
12550.0,81,1,964.83,3,1,3,313,Lost Customers
12551.0,359,1,168.0,2,1,1,211,Lost Customers
12552.0,41,2,437.82,4,2,2,422,Potential Loyalists
12553.0,1,12,4608.75,5,5,5,555,Champions
12554.0,450,1,468.5,1,1,2,112,Lost Customers
12555.0,684,1,129.23,1,1,1,111,Lost Customers
12556.0,34,2,603.71,4,2,2,422,Potential Loyalists
12557.0,18,8,18716.14,5,4,5,545,Champions
12558.0,302,1,269.96,2,1,1,211,Lost Customers
12559.0,312,2,561.71,2,2,2,222,Lost Customers
12560.0,114,2,1436.31,3,2,4,324,Lost Customers
12561.0,70,1,238.85,4,1,1,411,Lost Customers
12562.0,24,9,4966.92,5,5,5,555,Champions
12563.0,410,1,249.24,2,1,1,211,Lost Customers
12564.0,263,1,456.90000000000003,2,1,2,212,Lost Customers
12565.0,290,1,145.92000000000002,2,1,1,211,Lost Customers
12566.0,88,1,351.65,3,1,2,312,Lost Customers
12567.0,24,15,13709.86,5,5,5,555,Champions
12568.0,587,1,70.0,1,1,1,111,Lost Customers
12569.0,1,28,3704.86,5,5,5,555,Champions
12570.0,683,1,77.52,1,1,1,111,Lost Customers
12571.0,41,2,519.61,4,2,2,422,Potential Loyalists
12572.0,53,2,1020.4200000000001,4,2,3,423,Potential Loyalists
12573.0,229,5,717.41,2,4,3,243,Loyal Customers
12574.0,317,1,218.45000000000002,2,1,1,211,Lost Customers
12575.0,489,2,622.82,1,2,3,123,Lost Customers
12576.0,131,8,2142.7200000000003,3,4,4,344,Loyal Customers
12577.0,244,8,1653.75,2,4,4,244,Loyal Customers
12578.0,23,4,4642.45,5,3,5,535,Potential Loyalists
12579.0,80,1,440.42,3,1,2,312,Lost Customers
12580.0,160,2,1052.9,3,2,3,323,Lost Customers
12581.0,41,1,197.71,4,1,1,411,Lost Customers
12582.0,240,4,1980.4,2,3,4,234,At Risk
12583.0,1,26,13752.67,5,5,5,555,Champions
12584.0,19,8,2137.7,5,4,4,544,Champions
12585.0,236,2,2040.1,2,2,4,224,Lost Customers
12586.0,19,4,2062.67,5,3,4,534,Potential Loyalists
12587.0,302,1,144.0,2,1,1,211,Lost Customers
12588.0,41,4,958.78,4,3,3,433,Potential Loyalists
12589.0,30,8,4695.66,4,4,5,445,Loyal Customers
12590.0,6,2,9864.26,5,2,5,525,Potential Loyalists
12591.0,319,3,1352.15,2,3,4,234,At Risk
12592.0,67,5,2582.66,4,4,4,444,Loyal Customers
12593.0,110,3,418.1,3,3,2,332,Lost Customers
12594.0,48,15,5090.110000000001,4,5,5,455,Loyal Customers
12595.0,506,1,299.02,1,1,2,112,Lost Customers
12596.0,37,2,618.27,4,2,3,423,Potential Loyalists
12597.0,21,4,3811.22,5,3,5,535,Potential Loyalists
12598.0,11,11,4534.09,5,5,5,555,Champions
12599.0,34,13,2296.72,4,5,4,454,Loyal Customers
12600.0,30,21,5043.92,4,5,5,455,Loyal Customers
12601.0,40,6,681.26,4,4,3,443,Loyal Customers
12602.0,1,1,153.12,5,1,1,511,Lost Customers
12603.0,23,1,739.1999999999999,5,1,3,513,Lost Customers
12604.0,81,2,254.18,3,2,1,321,Lost Customers
12605.0,366,4,1232.95,2,3,4,234,At Risk
12606.0,684,1,21.0,1,1,1,111,Lost Customers
12607.0,62,1,1579.51,4,1,4,414,Lost Customers
12608.0,406,1,415.79,2,1,2,212,Lost Customers
12609.0,80,9,3435.86,3,5,5,355,Loyal Customers
12610.0,24,5,2099.54,5,4,4,544,Champions
12611.0,54,1,1193.32,4,1,3,413,Lost Customers
12612.0,76,1,704.04,3,1,3,313,Lost Customers
12613.0,59,10,6835.07,4,5,5,455,Loyal Customers
12614.0,161,1,315.6,3,1,2,312,Lost Customers
12615.0,73,7,5318.13,4,4,5,445,Loyal Customers
12616.0,216,3,1131.1,2,3,3,233,At Risk
12617.0,61,1,355.53000000000003,4,1,2,412,Lost Customers
12618.0,23,1,177.31,5,1,1,511,Lost Customers
12619.0,18,10,3781.38,5,5,5,555,Champions
12620.0,16,3,1339.41,5,3,4,534,Potential Loyalists
12621.0,6,34,23587.61,5,5,5,555,Champions
12622.0,234,1,180.1,2,1,1,211,Lost Customers
12623.0,130,7,3747.84,3,4,5,345,Loyal Customers
12624.0,108,2,641.13,3,2,3,323,Lost Customers
12625.0,6,4,5164.88,5,3,5,535,Potential Loyalists
12626.0,25,9,6620.4800000000005,4,5,5,455,Loyal Customers
12627.0,12,7,4478.53,5,4,5,545,Champions
12628.0,183,2,571.21,3,2,2,322,Lost Customers
12629.0,366,2,1558.22,2,2,4,224,Lost Customers
12630.0,11,2,1270.88,5,2,4,524,Potential Loyalists
12631.0,59,6,3481.57,4,4,5,445,Loyal Customers
12632.0,522,2,804.88,1,2,3,123,Lost Customers
12633.0,1,7,5678.16,5,4,5,545,Champions
12634.0,461,2,490.0,1,2,2,122,Lost Customers
12635.0,32,4,2930.41,4,3,4,434,Potential Loyalists
12636.0,1063,1,141.0,1,1,1,111,Lost Customers
12637.0,93,12,8340.31,3,5,5,355,Loyal Customers
12638.0,183,2,921.49,3,2,3,323,Lost Customers
12639.0,240,3,1312.3700000000001,2,3,4,234,At Risk
12640.0,25,3,1174.58,4,3,3,433,Potential Loyalists
12641.0,117,1,185.9,3,1,1,311,Lost Customers
12642.0,27,3,1013.26,4,3,3,433,Potential Loyalists
12643.0,40,12,8350.42,4,5,5,455,Loyal Customers
12644.0,306,4,1918.49,2,3,4,234,At Risk
12645.0,111,8,3539.3,3,4,5,345,Loyal Customers
12646.0,51,1,731.69,4,1,3,413,Lost Customers
12647.0,24,36,17924.35,5,5,5,555,Champions
12648.0,126,4,1112.0,3,3,3,333,Lost Customers
12649.0,36,8,2294.65,4,4,4,444,Loyal Customers
12651.0,101,4,377.75,3,3,2,332,Lost Customers
12652.0,10,2,1017.0300000000001,5,2,3,523,Potential Loyalists
12653.0,150,3,4160.83,3,3,5,335,Lost Customers
12654.0,12,5,601.98,5,4,2,542,Champions
12655.0,366,1,261.35,2,1,1,211,Lost Customers
12656.0,19,8,6407.83,5,4,5,545,Champions
12657.0,13,4,1643.18,5,3,4,534,Potential Loyalists
12658.0,20,1,686.05,5,1,3,513,Lost Customers
12659.0,61,1,91.68,4,1,1,411,Lost Customers
12660.0,13,1,245.10000000000002,5,1,1,511,Lost Customers
12661.0,438,1,162.0,1,1,1,111,Lost Customers
12662.0,24,19,6763.070000000001,5,5,5,555,Champions
12663.0,465,2,239.4,1,2,1,121,Lost Customers
12664.0,1,11,6070.04,5,5,5,555,Champions
12665.0,326,3,313.6,2,3,2,232,At Risk
12666.0,426,1,1248.42,1,1,4,114,Lost Customers
12667.0,1,1,620.13,5,1,3,513,Lost Customers
12668.0,13,10,11444.68,5,5,5,555,Champions
12669.0,4,3,2744.0299999999997,5,3,4,534,Potential Loyalists
12670.0,12,7,3760.29,5,4,5,545,Champions
12671.0,372,1,2622.481,2,1,4,214,Lost Customers
12672.0,331,2,437.05,2,2,2,222,Lost Customers
12673.0,328,2,840.4,2,2,3,223,Lost Customers
12674.0,93,4,1970.6,3,3,4,334,Lost Customers
12675.0,432,2,958.5,1,2,3,123,Lost Customers
12676.0,26,11,2843.09,4,5,4,454,Loyal Customers
12677.0,404,2,395.1,2,2,2,222,Lost Customers
12678.0,44,21,34281.18,4,5,5,455,Loyal Customers
12679.0,1,4,1113.02,5,3,3,533,Potential Loyalists
12680.0,32,3,613.36,4,3,3,433,Potential Loyalists
12681.0,16,45,30868.28,5,5,5,555,Champions
12682.0,3,51,23397.28,5,5,5,555,Champions
12683.0,6,19,11899.3,5,5,5,555,Champions
12684.0,26,7,2283.63,4,4,4,444,Loyal Customers
12685.0,30,6,2863.08,4,4,4,444,Loyal Customers
12686.0,639,1,178.28,1,1,1,111,Lost Customers
12687.0,482,2,2138.91,1,2,4,124,Lost Customers
12688.0,115,1,4873.81,3,1,5,315,Lost Customers
12689.0,27,2,1247.6100000000001,4,2,4,424,Potential Loyalists
12690.0,207,1,389.01,2,1,2,212,Lost Customers
12691.0,1,7,1170.4,5,4,3,543,Champions
12692.0,373,1,110.95,2,1,1,211,Lost Customers
12693.0,6,7,1703.02,5,4,4,544,Champions
12694.0,72,3,1843.35,4,3,4,434,Potential Loyalists
12695.0,109,7,1407.1200000000001,3,4,4,344,Loyal Customers
12696.0,510,2,851.91,1,2,3,123,Lost Customers
12697.0,30,3,957.59,4,3,3,433,Potential Loyalists
12698.0,592,1,339.75,1,1,2,112,Lost Customers
12699.0,419,1,638.11,1,1,3,113,Lost Customers
12700.0,128,4,4939.99,3,3,5,335,Lost Customers
12701.0,37,6,2446.41,4,4,4,444,Loyal Customers
12702.0,21,1,219.0,5,1,1,511,Lost Customers
12703.0,72,4,1006.53,4,3,3,433,Potential Loyalists
12704.0,24,8,2340.84,5,4,4,544,Champions
12705.0,17,14,11762.1,5,5,5,555,Champions
12707.0,293,1,603.42,2,1,2,212,Lost Customers
12708.0,61,18,5314.1,4,5,5,455,Loyal Customers
12709.0,1,34,31093.34,5,5,5,555,Champions
12710.0,203,3,1149.02,3,3,3,333,Lost Customers
12711.0,525,2,1339.05,1,2,4,124,Lost Customers
12712.0,10,21,7193.66,5,5,5,555,Champions
12714.0,11,12,14093.710000000001,5,5,5,555,Champions
12715.0,108,1,353.86,3,1,2,312,Lost Customers
12716.0,135,1,677.9,3,1,3,313,Lost Customers
12717.0,34,3,1308.91,4,3,4,434,Potential Loyalists
12718.0,73,1,238.25,4,1,1,411,Lost Customers
12719.0,215,1,283.6,2,1,1,211,Lost Customers
12720.0,4,29,7878.2,5,5,5,555,Champions
12721.0,81,8,4013.08,3,4,5,345,Loyal Customers
12722.0,4,4,997.63,5,3,3,533,Potential Loyalists
12723.0,18,4,647.79,5,3,3,533,Potential Loyalists
12724.0,40,6,2109.28,4,4,4,444,Loyal Customers
12725.0,416,4,2694.56,2,3,4,234,At Risk
12726.0,30,11,4014.6,4,5,5,455,Loyal Customers
12727.0,12,10,5679.53,5,5,5,555,Champions
12728.0,40,5,1070.17,4,4,3,443,Loyal Customers
12729.0,115,1,453.01,3,1,2,312,Lost Customers
12730.0,552,1,829.25,1,1,3,113,Lost Customers
12731.0,25,17,25775.71,4,5,5,455,Loyal Customers
12732.0,181,1,236.26000000000002,3,1,1,311,Lost Customers
12733.0,236,4,2424.87,2,3,4,234,At Risk
12734.0,354,3,639.65,2,3,3,233,At Risk
12735.0,193,2,779.5699999999999,3,2,3,323,Lost Customers
12736.0,40,1,234.0,4,1,1,411,Lost Customers
12737.0,500,2,3710.5,1,2,5,125,Lost Customers
12738.0,666,1,310.7,1,1,2,112,Lost Customers
12739.0,80,4,2726.73,3,3,4,334,Lost Customers
12740.0,154,1,427.6,3,1,2,312,Lost Customers
12741.0,531,2,406.07,1,2,2,122,Lost Customers
12742.0,627,1,1201.52,1,1,3,113,Lost Customers
12743.0,136,2,546.43,3,2,2,322,Lost Customers
12744.0,53,11,25317.06,4,5,5,455,Loyal Customers
12745.0,429,3,925.41,1,3,3,133,At Risk
12746.0,542,1,254.55,1,1,1,111,Lost Customers
12747.0,24,25,8838.04,5,5,5,555,Champions
12748.0,5,331,55844.23,5,5,5,555,Champions
12749.0,24,8,6134.3,5,4,5,545,Champions
12750.0,278,1,275.88,2,1,1,211,Lost Customers
12751.0,446,1,268.27,1,1,1,111,Lost Customers
12752.0,83,1,4366.78,3,1,5,315,Lost Customers
12753.0,24,6,21429.39,5,4,5,545,Champions
12754.0,161,3,3010.74,3,3,5,335,Lost Customers
12755.0,252,11,9030.66,2,5,5,255,Loyal Customers
12756.0,88,1,112.08,3,1,1,311,Lost Customers
12757.0,5,13,7857.1,5,5,5,555,Champions
12758.0,118,7,9903.24,3,4,5,345,Loyal Customers
12759.0,54,8,5020.74,4,4,5,445,Loyal Customers
12760.0,428,1,347.8,1,1,2,112,Lost Customers
12761.0,489,2,782.95,1,2,3,123,Lost Customers
12762.0,27,2,1898.52,4,2,4,424,Potential Loyalists
12763.0,140,2,814.16,3,2,3,323,Lost Customers
12764.0,318,1,1693.88,2,1,4,214,Lost Customers
12765.0,474,6,1404.58,1,4,4,144,Loyal Customers
12766.0,59,8,9349.85,4,4,5,445,Loyal Customers
12767.0,377,1,949.82,2,1,3,213,Lost Customers
12768.0,452,1,168.69,1,1,1,111,Lost Customers
12769.0,240,1,1143.6,2,1,3,213,Lost Customers
12770.0,212,2,3246.45,2,2,5,225,Lost Customers
12771.0,398,1,282.3,2,1,1,211,Lost Customers
12772.0,31,1,892.47,4,1,3,413,Lost Customers
12773.0,565,1,124.25,1,1,1,111,Lost Customers
12774.0,537,1,98.7,1,1,1,111,Lost Customers
12775.0,19,7,1686.1200000000001,5,4,4,544,Champions
12776.0,435,1,55.5,1,1,1,111,Lost Customers
12777.0,489,1,519.45,1,1,2,112,Lost Customers
12778.0,21,9,1775.68,5,5,4,554,Champions
12779.0,200,14,6722.2699999999995,3,5,5,355,Loyal Customers
12780.0,600,1,337.4,1,1,2,112,Lost Customers
12781.0,154,2,826.74,3,2,3,323,Lost Customers
12782.0,151,10,4365.99,3,5,5,355,Loyal Customers
12783.0,55,5,1825.33,4,4,4,444,Loyal Customers
12784.0,11,3,1804.75,5,3,4,534,Potential Loyalists
12785.0,425,3,1100.4,1,3,3,133,At Risk
12786.0,463,1,728.5000000000001,1,1,3,113,Lost Customers
12787.0,11,4,862.1800000000001,5,3,3,533,Potential Loyalists
12788.0,504,4,444.90000000000003,1,3,2,132,At Risk
12789.0,215,3,273.35,2,3,1,231,At Risk
12790.0,194,2,591.85,3,2,2,322,Lost Customers
12791.0,365,6,1056.1100000000001,2,4,3,243,Loyal Customers
12792.0,258,2,827.01,2,2,3,223,Lost Customers
12793.0,101,3,1017.33,3,3,3,333,Lost Customers
12794.0,55,2,860.41,4,2,3,423,Potential Loyalists
12795.0,20,1,430.48,5,1,2,512,Lost Customers
12796.0,630,1,381.0,1,1,2,112,Lost Customers
12797.0,396,2,806.11,2,2,3,223,Lost Customers
12798.0,12,4,8510.93,5,3,5,535,Potential Loyalists
12799.0,531,1,219.35,1,1,1,111,Lost Customers
12800.0,472,3,584.25,1,3,2,132,At Risk
12801.0,502,1,1071.82,1,1,3,113,Lost Customers
12802.0,188,7,2416.42,3,4,4,344,Loyal Customers
12803.0,395,1,1092.81,2,1,3,213,Lost Customers
12804.0,467,2,327.02,1,2,2,122,Lost Customers
12805.0,383,4,1434.95,2,3,4,234,At Risk
12806.0,437,4,2878.96,1,3,4,134,At Risk
12807.0,385,1,330.35,2,1,2,212,Lost Customers
12808.0,127,5,906.1,3,4,3,343,Loyal Customers
12809.0,179,3,1755.94,3,3,4,334,Lost Customers
12810.0,536,2,534.99,1,2,2,122,Lost Customers
12811.0,262,5,1033.9,2,4,3,243,Loyal Customers
12812.0,46,1,229.64000000000001,4,1,1,411,Lost Customers
12813.0,432,3,1687.8,1,3,4,134,At Risk
12814.0,103,1,125.92,3,1,1,311,Lost Customers
12815.0,149,2,1063.46,3,2,3,323,Lost Customers
12816.0,178,2,572.2,3,2,2,322,Lost Customers
12817.0,283,3,690.98,2,3,3,233,At Risk
12818.0,263,1,1542.08,2,1,4,214,Lost Customers
12819.0,520,1,540.52,1,1,2,112,Lost Customers
12820.0,46,10,2479.17,4,5,4,454,Loyal Customers
12821.0,97,2,220.8,3,2,1,321,Lost Customers
12822.0,72,2,948.88,4,2,3,423,Potential Loyalists
12823.0,76,18,6501.5,3,5,5,355,Loyal Customers
12824.0,31,1,397.12,4,1,2,412,Lost Customers
12825.0,495,2,518.63,1,2,2,122,Lost Customers
12826.0,61,11,2813.15,4,5,4,454,Loyal Customers
12827.0,46,3,430.15,4,3,2,432,Potential Loyalists
12828.0,114,5,935.09,3,4,3,343,Loyal Customers
12829.0,163,3,385.3,3,3,2,332,Lost Customers
12830.0,93,6,6814.64,3,4,5,345,Loyal Customers
12831.0,264,3,451.11,2,3,2,232,At Risk
12832.0,153,2,383.03000000000003,3,2,2,322,Lost Customers
12833.0,147,1,417.38,3,1,2,312,Lost Customers
12834.0,311,1,312.38,2,1,2,212,Lost Customers
12835.0,368,41,6043.31,2,5,5,255,Loyal Customers
12836.0,31,15,6585.62,4,5,5,455,Loyal Customers
12837.0,175,2,688.41,3,2,3,323,Lost Customers
12838.0,183,10,3398.48,3,5,5,355,Loyal Customers
12839.0,13,25,9319.34,5,5,5,555,Champions
12840.0,66,7,4041.9700000000003,4,4,5,445,Loyal Customers
12841.0,5,38,7389.67,5,5,5,555,Champions
12842.0,72,4,1917.99,4,3,4,434,Potential Loyalists
12843.0,67,30,6588.41,4,5,5,455,Loyal Customers
12844.0,61,4,648.6,4,3,3,433,Potential Loyalists
12845.0,269,4,354.09000000000003,2,3,2,232,At Risk
12846.0,684,1,15.58,1,1,1,111,Lost Customers
12847.0,24,2,1636.8999999999999,5,2,4,524,Potential Loyalists
12848.0,677,1,208.0,1,1,1,111,Lost Customers
12849.0,122,6,3090.56,3,4,5,345,Loyal Customers
12850.0,447,1,330.0,1,1,2,112,Lost Customers
12851.0,246,2,284.13,2,2,1,221,Lost Customers
12852.0,296,1,311.55,2,1,2,212,Lost Customers
12853.0,136,11,3907.5,3,5,5,355,Loyal Customers
12854.0,7,7,2994.02,5,4,5,545,Champions
12855.0,426,4,650.94,1,3,3,133,At Risk
12856.0,20,6,2179.93,5,4,4,544,Champions
12857.0,70,6,3688.0,4,4,5,445,Loyal Customers
12858.0,385,1,177.92,2,1,1,211,Lost Customers
12859.0,520,1,575.1,1,1,2,112,Lost Customers
12860.0,695,1,55.47,1,1,1,111,Lost Customers
12861.0,621,1,68.25,1,1,1,111,Lost Customers
12862.0,427,2,1008.32,1,2,3,123,Lost Customers
12863.0,54,6,2792.55,4,4,4,444,Loyal Customers
12864.0,140,2,299.57,3,2,2,322,Lost Customers
12865.0,28,4,3323.4700000000003,4,3,5,435,Potential Loyalists
12866.0,342,3,1227.35,2,3,3,233,At Risk
12867.0,28,13,7913.29,4,5,5,455,Loyal Customers
12868.0,10,8,2247.06,5,4,4,544,Champions
12869.0,683,1,337.66999999999996,1,1,2,112,Lost Customers
12870.0,377,3,1676.95,2,3,4,234,At Risk
12871.0,86,3,744.02,3,3,3,333,Lost Customers
12872.0,328,12,3685.4900000000002,2,5,5,255,Loyal Customers
12873.0,311,3,2027.3,2,3,4,234,At Risk
12874.0,387,2,948.42,2,2,3,223,Lost Customers
12875.0,145,5,1356.9900000000002,3,4,4,344,Loyal Customers
12876.0,59,4,4081.79,4,3,5,435,Potential Loyalists
12877.0,26,19,2855.51,4,5,4,454,Loyal Customers
12878.0,238,2,854.99,2,2,3,223,Lost Customers
12879.0,46,3,573.22,4,3,2,432,Potential Loyalists
12880.0,383,2,640.13,2,2,3,223,Lost Customers
12881.0,99,1,298.0,3,1,2,312,Lost Customers
12882.0,11,2,1463.04,5,2,4,524,Potential Loyalists
12883.0,26,4,703.47,4,3,3,433,Potential Loyalists
12884.0,2,1,309.05,5,1,2,512,Lost Customers
12885.0,125,3,1175.22,3,3,3,333,Lost Customers
12886.0,250,2,1378.4,2,2,4,224,Lost Customers
12887.0,385,1,222.4,2,1,1,211,Lost Customers
12888.0,97,2,354.12,3,2,2,322,Lost Customers
12889.0,383,4,385.46000000000004,2,3,2,232,At Risk
12890.0,25,2,717.27,4,2,3,423,Potential Loyalists
12891.0,158,11,840.5,3,5,3,353,Loyal Customers
12892.0,487,1,263.38,1,1,1,111,Lost Customers
12893.0,91,1,188.14,3,1,1,311,Lost Customers
12894.0,577,1,157.35,1,1,1,111,Lost Customers
12895.0,44,2,372.8,4,2,2,422,Potential Loyalists
12897.0,39,4,514.25,4,3,2,432,Potential Loyalists
12898.0,661,2,310.96,1,2,2,122,Lost Customers
12899.0,415,1,366.4,2,1,2,212,Lost Customers
12900.0,424,1,340.33000000000004,1,1,2,112,Lost Customers
12901.0,12,28,17654.54,5,5,5,555,Champions
12902.0,266,1,138.68,2,1,1,211,Lost Customers
12903.0,519,1,833.5300000000001,1,1,3,113,Lost Customers
12904.0,20,2,509.58,5,2,2,522,Potential Loyalists
12905.0,371,2,1018.42,2,2,3,223,Lost Customers
12906.0,13,5,2919.81,5,4,4,544,Champions
12907.0,456,2,508.91,1,2,2,122,Lost Customers
12908.0,178,5,1776.0,3,4,4,344,Loyal Customers
12909.0,41,8,3103.19,4,4,5,445,Loyal Customers
12910.0,7,13,5796.52,5,5,5,555,Champions
12911.0,553,1,1680.47,1,1,4,114,Lost Customers
12912.0,16,4,1474.38,5,3,4,534,Potential Loyalists
12913.0,17,12,6165.76,5,5,5,555,Champions
12914.0,609,1,223.98,1,1,1,111,Lost Customers
12915.0,150,4,1174.75,3,3,3,333,Lost Customers
12916.0,140,7,4654.02,3,4,5,345,Loyal Customers
12917.0,278,6,4359.2,2,4,5,245,Loyal Customers
12918.0,628,1,10953.5,1,1,5,115,Lost Customers
12919.0,3,6,1335.19,5,4,4,544,Champions
12920.0,19,4,488.09000000000003,5,3,2,532,Potential Loyalists
12921.0,11,74,35921.04,5,5,5,555,Champions
12922.0,338,1,405.38,2,1,2,212,Lost Customers
12923.0,184,3,789.87,3,3,3,333,Lost Customers
12924.0,2,12,2469.4,5,5,4,554,Champions
12925.0,76,2,403.59000000000003,3,2,2,322,Lost Customers
12926.0,413,4,1548.46,2,3,4,234,At Risk
12927.0,426,1,197.31,1,1,1,111,Lost Customers
12928.0,7,12,4304.89,5,5,5,555,Champions
12929.0,343,1,117.85,2,1,1,211,Lost Customers
12930.0,80,2,415.8,3,2,2,322,Lost Customers
12931.0,23,57,92347.34,5,5,5,555,Champions
12932.0,435,8,1698.56,1,4,4,144,Loyal Customers
12933.0,26,8,1687.03,4,4,4,444,Loyal Customers
12934.0,1004,1,181.65,1,1,1,111,Lost Customers
12935.0,28,13,3900.08,4,5,5,455,Loyal Customers
12936.0,18,4,1063.9,5,3,3,533,Potential Loyalists
12937.0,17,9,3097.61,5,5,5,555,Champions
12938.0,27,1,114.14,4,1,1,411,Lost Customers
12939.0,38,20,25264.8,4,5,5,455,Loyal Customers
12940.0,56,2,913.54,4,2,3,423,Potential Loyalists
12941.0,726,1,377.49,1,1,2,112,Lost Customers
12942.0,133,3,942.65,3,3,3,333,Lost Customers
12943.0,560,2,496.5,1,2,2,122,Lost Customers
12944.0,244,2,604.51,2,2,2,222,Lost Customers
12945.0,290,2,900.11,2,2,3,223,Lost Customers
12946.0,438,1,324.45,1,1,2,112,Lost Customers
12947.0,66,6,1908.03,4,4,4,444,Loyal Customers
12948.0,18,9,2317.43,5,5,4,554,Champions
12949.0,91,22,15526.7,3,5,5,355,Loyal Customers
12950.0,26,2,1483.0,4,2,4,424,Potential Loyalists
12951.0,175,15,3213.7200000000003,3,5,5,355,Loyal Customers
12952.0,45,4,1387.79,4,3,4,434,Potential Loyalists
12953.0,11,2,828.8100000000001,5,2,3,523,Potential Loyalists
12954.0,403,1,162.45,2,1,1,211,Lost Customers
12955.0,18,10,4410.24,5,5,5,555,Champions
12956.0,192,4,521.89,3,3,2,332,Lost Customers
12957.0,11,13,8706.97,5,5,5,555,Champions
12958.0,585,2,539.49,1,2,2,122,Lost Customers
12959.0,367,1,150.95,2,1,1,211,Lost Customers
12960.0,401,4,1322.0700000000002,2,3,4,234,At Risk
12961.0,381,1,211.99,2,1,1,211,Lost Customers
12962.0,115,2,266.39,3,2,1,321,Lost Customers
12963.0,12,12,3601.59,5,5,5,555,Champions
12964.0,438,1,132.24,1,1,1,111,Lost Customers
12965.0,32,1,771.91,4,1,3,413,Lost Customers
12966.0,11,1,160.18,5,1,1,511,Lost Customers
12967.0,359,3,4306.92,2,3,5,235,At Risk
12968.0,114,1,135.95,3,1,1,311,Lost Customers
12969.0,604,1,122.45,1,1,1,111,Lost Customers
12970.0,302,10,1524.97,2,5,4,254,Loyal Customers
12971.0,10,115,15869.99,5,5,5,555,Champions
12972.0,415,4,1161.2,2,3,3,233,At Risk
12973.0,415,1,385.55,2,1,2,212,Lost Customers
12974.0,199,2,408.95,3,2,2,322,Lost Customers
12975.0,438,6,2100.09,1,4,4,144,Loyal Customers
12976.0,6,8,3156.38,5,4,5,545,Champions
12977.0,187,4,517.63,3,3,2,332,Lost Customers
12978.0,387,5,2502.82,2,4,4,244,Loyal Customers
12979.0,790,1,517.7,1,1,2,112,Lost Customers
12980.0,10,21,16245.78,5,5,5,555,Champions
12981.0,61,2,372.21999999999997,4,2,2,422,Potential Loyalists
12982.0,37,8,2744.81,4,4,4,444,Loyal Customers
12983.0,600,1,490.08,1,1,2,112,Lost Customers
12984.0,20,1,97.5,5,1,1,511,Lost Customers
12985.0,30,1,754.38,4,1,3,413,Lost Customers
12986.0,495,10,2729.84,1,5,4,154,Loyal Customers
12987.0,75,5,1312.21,3,4,4,344,Loyal Customers
12988.0,294,1,535.32,2,1,2,212,Lost Customers
12989.0,2,32,13490.55,5,5,5,555,Champions
12990.0,122,7,955.5,3,4,3,343,Loyal Customers
12991.0,25,3,764.82,4,3,3,433,Potential Loyalists
12992.0,727,1,93.35,1,1,1,111,Lost Customers
12993.0,25,8,1259.63,4,4,4,444,Loyal Customers
12994.0,33,2,645.47,4,2,3,423,Potential Loyalists
12995.0,87,1,211.32,3,1,1,311,Lost Customers
12996.0,377,1,355.5,2,1,2,212,Lost Customers
12997.0,2,8,2110.91,5,4,4,544,Champions
12998.0,494,3,920.08,1,3,3,133,At Risk
12999.0,129,3,455.88,3,3,2,332,Lost Customers
13000.0,108,4,1032.5,3,3,3,333,Lost Customers
13001.0,24,32,23581.09,5,5,5,555,Champions
13002.0,320,3,414.13,2,3,2,232,At Risk
13003.0,34,3,149.05,4,3,1,431,Potential Loyalists
13004.0,13,36,11650.85,5,5,5,555,Champions
13005.0,160,4,999.68,3,3,3,333,Lost Customers
13006.0,58,1,81.57,4,1,1,411,Lost Customers
13007.0,462,1,175.25,1,1,1,111,Lost Customers
13008.0,325,3,612.13,2,3,2,232,At Risk
13009.0,588,1,234.0,1,1,1,111,Lost Customers
13010.0,376,2,330.12,2,2,2,222,Lost Customers
13011.0,666,1,101.10000000000001,1,1,1,111,Lost Customers
13012.0,11,11,2972.83,5,5,5,555,Champions
13013.0,23,28,12330.67,5,5,5,555,Champions
13014.0,12,11,5381.08,5,5,5,555,Champions
13015.0,55,11,6586.42,4,5,5,455,Loyal Customers
13016.0,75,3,789.89,3,3,3,333,Lost Customers
13017.0,302,1,204.0,2,1,1,211,Lost Customers
13018.0,18,35,9763.16,5,5,5,555,Champions
13019.0,381,6,1229.95,2,4,3,243,Loyal Customers
13020.0,564,2,618.96,1,2,3,123,Lost Customers
13021.0,27,16,4581.81,4,5,5,455,Loyal Customers
13022.0,549,1,65.3,1,1,1,111,Lost Customers
13023.0,184,3,1449.03,3,3,4,334,Lost Customers
13024.0,472,2,555.87,1,2,2,122,Lost Customers
13025.0,851,1,323.39,1,1,2,112,Lost Customers
13026.0,99,8,1532.56,3,4,4,344,Loyal Customers
13027.0,115,19,17335.2,3,5,5,355,Loyal Customers
13028.0,24,2,661.3199999999999,5,2,3,523,Potential Loyalists
13029.0,91,5,1927.3,3,4,4,344,Loyal Customers
13030.0,13,2,1227.22,5,2,3,523,Potential Loyalists
13031.0,409,5,3419.27,2,4,5,245,Loyal Customers
13032.0,54,9,2843.55,4,5,4,454,Loyal Customers
13033.0,359,2,220.55,2,2,1,221,Lost Customers
13034.0,56,3,922.68,4,3,3,433,Potential Loyalists
13035.0,75,3,1364.2,3,3,4,334,Lost Customers
13036.0,686,1,307.1,1,1,2,112,Lost Customers
13037.0,140,12,3914.9500000000003,3,5,5,355,Loyal Customers
13038.0,82,3,908.46,3,3,3,333,Lost Customers
13039.0,607,4,1010.73,1,3,3,133,At Risk
13040.0,183,2,676.99,3,2,3,323,Lost Customers
13041.0,452,4,799.13,1,3,3,133,At Risk
13042.0,600,3,1556.54,1,3,4,134,At Risk
13043.0,38,1,516.42,4,1,2,412,Lost Customers
13044.0,293,11,4853.9,2,5,5,255,Loyal Customers
13045.0,336,3,808.9200000000001,2,3,3,233,At Risk
13046.0,91,3,949.25,3,3,3,333,Lost Customers
13047.0,58,24,8795.16,4,5,5,455,Loyal Customers
13048.0,16,9,4084.21,5,5,5,555,Champions
13049.0,184,4,1408.24,3,3,4,334,Lost Customers
13050.0,16,35,12344.53,5,5,5,555,Champions
13051.0,432,2,155.8,1,2,1,121,Lost Customers
13052.0,36,7,3168.53,4,4,5,445,Loyal Customers
13053.0,623,1,127.65,1,1,1,111,Lost Customers
13055.0,67,4,2321.11,4,3,4,434,Potential Loyalists
13056.0,553,1,209.48,1,1,1,111,Lost Customers
13057.0,532,3,722.09,1,3,3,133,At Risk
13058.0,1,3,271.40000000000003,5,3,1,531,Potential Loyalists
13059.0,251,10,2303.17,2,5,4,254,Loyal Customers
13060.0,255,1,307.53000000000003,2,1,2,212,Lost Customers
13061.0,74,1,248.61,3,1,1,311,Lost Customers
13062.0,339,1,346.98,2,1,2,212,Lost Customers
13063.0,482,1,188.4,1,1,1,111,Lost Customers
13064.0,2,6,1680.74,5,4,4,544,Champions
13065.0,365,5,1260.91,2,4,4,244,Loyal Customers
13066.0,26,2,470.8,4,2,2,422,Potential Loyalists
13067.0,84,3,508.51,3,3,2,332,Lost Customers
13068.0,12,2,344.0,5,2,2,522,Potential Loyalists
13069.0,3,37,9402.89,5,5,5,555,Champions
13070.0,194,4,751.7,3,3,3,333,Lost Customers
13071.0,555,1,129.22,1,1,1,111,Lost Customers
13072.0,268,1,177.15,2,1,1,211,Lost Customers
13073.0,413,2,418.08,2,2,2,222,Lost Customers
13074.0,513,4,1378.74,1,3,4,134,At Risk
13075.0,306,1,919.61,2,1,3,213,Lost Customers
13076.0,489,1,135.4,1,1,1,111,Lost Customers
13077.0,292,10,2912.84,2,5,4,254,Loyal Customers
13078.0,1,56,28693.37,5,5,5,555,Champions
13079.0,23,5,389.18,5,4,2,542,Champions
13080.0,181,4,280.73,3,3,1,331,Lost Customers
13081.0,13,28,59205.15,5,5,5,555,Champions
13082.0,178,21,7335.75,3,5,5,355,Loyal Customers
13083.0,77,2,284.07,3,2,1,321,Lost Customers
13084.0,582,1,122.39999999999999,1,1,1,111,Lost Customers
13085.0,218,8,2433.28,2,4,4,244,Loyal Customers
13086.0,384,1,439.33000000000004,2,1,2,212,Lost Customers
13087.0,728,1,313.64,1,1,2,112,Lost Customers
13088.0,419,1,236.11,1,1,1,111,Lost Customers
13089.0,7,201,112670.58,5,5,5,555,Champions
13090.0,21,24,14103.09,5,5,5,555,Champions
13091.0,30,3,2321.82,4,3,4,434,Potential Loyalists
13092.0,6,12,2140.28,5,5,4,554,Champions
13093.0,99,55,54943.65,3,5,5,355,Loyal Customers
13094.0,23,13,2433.1200000000003,5,5,4,554,Champions
13095.0,72,1,74.39999999999999,4,1,1,411,Lost Customers
13096.0,426,1,419.7000000000001,1,1,2,112,Lost Customers
13097.0,79,28,13389.22,3,5,5,355,Loyal Customers
13098.0,11,25,26516.68,5,5,5,555,Champions
13099.0,335,1,207.36,2,1,1,211,Lost Customers
13101.0,236,4,695.4,2,3,3,233,At Risk
13102.0,25,36,11502.85,4,5,5,455,Loyal Customers
13103.0,41,3,709.64,4,3,3,433,Potential Loyalists
13104.0,48,8,1369.62,4,4,4,444,Loyal Customers
13105.0,438,1,72.0,1,1,1,111,Lost Customers
13106.0,135,2,603.46,3,2,2,322,Lost Customers
13107.0,46,9,5253.07,4,5,5,455,Loyal Customers
13108.0,437,2,1098.52,1,2,3,123,Lost Customers
13109.0,31,3,1134.03,4,3,3,433,Potential Loyalists
13110.0,55,12,2957.4700000000003,4,5,5,455,Loyal Customers
13111.0,720,1,321.88000000000005,1,1,2,112,Lost Customers
13112.0,543,1,20.599999999999998,1,1,1,111,Lost Customers
13113.0,6,36,18286.53,5,5,5,555,Champions
13114.0,820,1,234.38,1,1,1,111,Lost Customers
13115.0,1,10,5494.7,5,5,5,555,Champions
13116.0,140,1,501.14,3,1,2,312,Lost Customers
13117.0,23,18,2643.81,5,5,4,554,Champions
13118.0,21,9,2415.41,5,5,4,554,Champions
13119.0,465,1,134.9,1,1,1,111,Lost Customers
13120.0,240,1,30.6,2,1,1,211,Lost Customers
13121.0,271,1,283.73,2,1,1,211,Lost Customers
13122.0,185,2,922.39,3,2,3,323,Lost Customers
13123.0,474,2,506.75,1,2,2,122,Lost Customers
13124.0,32,4,4782.45,4,3,5,435,Potential Loyalists
13125.0,613,1,158.57,1,1,1,111,Lost Customers
13126.0,46,12,3628.81,4,5,5,455,Loyal Customers
13127.0,79,1,259.17,3,1,1,311,Lost Customers
13128.0,633,1,263.5,1,1,1,111,Lost Customers
13129.0,454,2,233.25,1,2,1,121,Lost Customers
13130.0,185,1,64.0,3,1,1,311,Lost Customers
13131.0,25,7,3313.77,4,4,5,445,Loyal Customers
13132.0,263,1,77.3,2,1,1,211,Lost Customers
13133.0,38,3,200.45,4,3,1,431,Potential Loyalists
13134.0,87,6,2475.23,3,4,4,344,Loyal Customers
13135.0,198,2,3371.45,3,2,5,325,Lost Customers
13136.0,36,13,6274.56,4,5,5,455,Loyal Customers
13137.0,12,16,7712.7,5,5,5,555,Champions
13138.0,24,7,1467.24,5,4,4,544,Champions
13139.0,18,8,8202.98,5,4,5,545,Champions
13140.0,110,5,1215.68,3,4,3,343,Loyal Customers
13141.0,86,17,7668.58,3,5,5,355,Loyal Customers
13142.0,21,1,307.09000000000003,5,1,2,512,Lost Customers
13143.0,615,1,405.1,1,1,2,112,Lost Customers
13144.0,40,2,135.35,4,2,1,421,Potential Loyalists
13145.0,41,7,1423.52,4,4,4,444,Loyal Customers
13146.0,28,1,228.91,4,1,1,411,Lost Customers
13147.0,12,4,712.8,5,3,3,533,Potential Loyalists
13148.0,61,26,8621.81,4,5,5,455,Loyal Customers
13149.0,16,4,1676.06,5,3,4,534,Potential Loyalists
13150.0,368,3,449.96999999999997,2,3,2,232,At Risk
13151.0,297,3,2580.7400000000002,2,3,4,234,At Risk
13152.0,419,7,2146.38,1,4,4,144,Loyal Customers
13153.0,243,1,486.22,2,1,2,212,Lost Customers
13154.0,509,3,1624.84,1,3,4,134,At Risk
13155.0,81,6,1750.18,3,4,4,344,Loyal Customers
13156.0,387,3,1586.54,2,3,4,234,At Risk
13157.0,7,9,5687.36,5,5,5,555,Champions
13158.0,3,5,1508.18,5,4,4,544,Champions
13159.0,52,4,1437.85,4,3,4,434,Potential Loyalists
13160.0,24,1,91.8,5,1,1,511,Lost Customers
13161.0,315,2,478.88,2,2,2,222,Lost Customers
13162.0,94,16,9275.49,3,5,5,355,Loyal Customers
13163.0,494,1,17.65,1,1,1,111,Lost Customers
13164.0,435,2,372.2,1,2,2,122,Lost Customers
13165.0,48,3,1451.1599999999999,4,3,4,434,Potential Loyalists
13166.0,342,2,884.18,2,2,3,223,Lost Customers
13167.0,20,5,1125.15,5,4,3,543,Champions
13168.0,201,5,1875.31,3,4,4,344,Loyal Customers
13169.0,154,3,840.08,3,3,3,333,Lost Customers
13170.0,28,1,116.00999999999999,4,1,1,411,Lost Customers
13171.0,23,3,468.41,5,3,2,532,Potential Loyalists
13172.0,609,1,69.6,1,1,1,111,Lost Customers
13173.0,450,10,2451.64,1,5,4,154,Loyal Customers
13174.0,18,12,9494.84,5,5,5,555,Champions
13175.0,554,2,831.45,1,2,3,123,Lost Customers
13176.0,48,1,492.84,4,1,2,412,Lost Customers
13177.0,184,2,512.2,3,2,2,322,Lost Customers
13178.0,28,21,14059.19,4,5,5,455,Loyal Customers
13179.0,620,1,572.3100000000001,1,1,2,112,Lost Customers
13180.0,402,1,86.10000000000001,2,1,1,211,Lost Customers
13181.0,383,1,359.69,2,1,2,212,Lost Customers
13182.0,47,1,121.18,4,1,1,411,Lost Customers
13183.0,88,15,7036.18,3,5,5,355,Loyal Customers
13184.0,16,10,1701.29,5,5,4,554,Champions
13185.0,269,1,71.4,2,1,1,211,Lost Customers
13186.0,41,3,1575.89,4,3,4,434,Potential Loyalists
13187.0,192,4,367.01,3,3,2,332,Lost Customers
13188.0,13,1,114.6,5,1,1,511,Lost Customers
13189.0,20,2,260.68,5,2,1,521,Potential Loyalists
13190.0,546,3,570.66,1,3,2,132,At Risk
13191.0,660,1,164.69,1,1,1,111,Lost Customers
13192.0,207,6,2558.58,2,4,4,244,Loyal Customers
13193.0,92,1,117.88,3,1,1,311,Lost Customers
13194.0,137,2,472.78,3,2,2,322,Lost Customers
13195.0,416,1,172.38,2,1,1,211,Lost Customers
13196.0,13,7,3068.84,5,4,5,545,Champions
13197.0,463,1,373.01000000000005,1,1,2,112,Lost Customers
13198.0,12,8,4974.2300000000005,5,4,5,545,Champions
13199.0,12,66,16130.85,5,5,5,555,Champions
13200.0,21,4,870.09,5,3,3,533,Potential Loyalists
13201.0,491,4,1240.61,1,3,4,134,At Risk
13202.0,426,7,1580.3,1,4,4,144,Loyal Customers
13203.0,11,10,2648.25,5,5,4,554,Champions
13204.0,851,1,966.6600000000001,1,1,3,113,Lost Customers
13205.0,445,1,2803.2,1,1,4,114,Lost Customers
13206.0,401,13,8377.32,2,5,5,255,Loyal Customers
13207.0,4,4,535.86,5,3,2,532,Potential Loyalists
13208.0,1,9,1988.5,5,5,4,554,Champions
13209.0,91,13,8509.51,3,5,5,355,Loyal Customers
13210.0,155,1,353.48,3,1,2,312,Lost Customers
13211.0,12,10,2729.32,5,5,4,554,Champions
13212.0,21,3,788.08,5,3,3,533,Potential Loyalists
13213.0,58,11,3851.52,4,5,5,455,Loyal Customers
13214.0,368,7,3264.23,2,4,5,245,Loyal Customers
13215.0,667,1,81.6,1,1,1,111,Lost Customers
13216.0,269,1,333.74,2,1,2,212,Lost Customers
13217.0,94,4,666.48,3,3,3,333,Lost Customers
13218.0,247,1,62.64,2,1,1,211,Lost Customers
13219.0,620,1,76.23,1,1,1,111,Lost Customers
13220.0,80,5,1336.0900000000001,3,4,4,344,Loyal Customers
13221.0,242,2,847.41,2,2,3,223,Lost Customers
13222.0,401,1,88.5,2,1,1,211,Lost Customers
13223.0,202,6,969.12,3,4,3,343,Loyal Customers
13224.0,34,2,2155.95,4,2,4,424,Potential Loyalists
13225.0,62,15,14896.87,4,5,5,455,Loyal Customers
13226.0,38,2,312.46,4,2,2,422,Potential Loyalists
13227.0,203,1,257.7,3,1,1,311,Lost Customers
13228.0,83,1,358.0,3,1,2,312,Lost Customers
13229.0,227,1,160.95,2,1,1,211,Lost Customers
13230.0,60,29,5963.52,4,5,5,455,Loyal Customers
13232.0,5,7,1357.6,5,4,4,544,Champions
13233.0,76,4,1176.46,3,3,3,333,Lost Customers
13234.0,588,2,356.95,1,2,2,122,Lost Customers
13235.0,36,1,1031.07,4,1,3,413,Lost Customers
13236.0,26,2,744.85,4,2,3,423,Potential Loyalists
13237.0,389,1,643.0,2,1,3,213,Lost Customers
13238.0,19,6,1006.63,5,4,3,543,Champions
13239.0,263,5,1594.69,2,4,4,244,Loyal Customers
13240.0,175,8,1738.52,3,4,4,344,Loyal Customers
13241.0,413,1,115.58,2,1,1,211,Lost Customers
13242.0,67,7,699.4,4,4,3,443,Loyal Customers
13243.0,205,5,1278.04,3,4,4,344,Loyal Customers
13244.0,124,1,121.74000000000001,3,1,1,311,Lost Customers
13245.0,52,2,989.22,4,2,3,423,Potential Loyalists
13246.0,20,11,3387.43,5,5,5,555,Champions
13247.0,19,4,501.12,5,3,2,532,Potential Loyalists
13248.0,156,2,465.68,3,2,2,322,Lost Customers
13249.0,124,9,1608.9299999999998,3,5,4,354,Loyal Customers
13250.0,504,2,256.04,1,2,1,121,Lost Customers
13251.0,668,1,252.68,1,1,1,111,Lost Customers
13252.0,426,2,399.3,1,2,2,122,Lost Customers
13253.0,187,4,2951.11,3,3,5,335,Lost Customers
13254.0,378,1,51.41,2,1,1,211,Lost Customers
13255.0,11,3,904.46,5,3,3,533,Potential Loyalists
13257.0,438,1,149.75,1,1,1,111,Lost Customers
13258.0,13,5,1035.18,5,4,3,543,Champions
13259.0,92,9,1433.38,3,5,4,354,Loyal Customers
13260.0,92,1,557.62,3,1,2,312,Lost Customers
13261.0,270,2,944.1,2,2,3,223,Lost Customers
13262.0,265,3,573.45,2,3,2,232,At Risk
13263.0,6,38,8497.34,5,5,5,555,Champions
13264.0,444,1,722.5600000000001,1,1,3,113,Lost Customers
13265.0,2,5,2107.66,5,4,4,544,Champions
13266.0,13,19,6135.04,5,5,5,555,Champions
13267.0,10,35,9457.06,5,5,5,555,Champions
13268.0,7,11,3214.69,5,5,5,555,Champions
13269.0,2,27,8558.02,5,5,5,555,Champions
13270.0,486,1,1180.0,1,1,3,113,Lost Customers
13271.0,303,1,217.38,2,1,1,211,Lost Customers
13272.0,32,2,276.56,4,2,1,421,Potential Loyalists
13273.0,115,1,138.98,3,1,1,311,Lost Customers
13274.0,411,1,360.85,2,1,2,212,Lost Customers
13275.0,385,2,241.66,2,2,1,221,Lost Customers
13276.0,154,5,1939.26,3,4,4,344,Loyal Customers
13277.0,17,7,523.3,5,4,2,542,Champions
13278.0,42,4,1435.85,4,3,4,434,Potential Loyalists
13279.0,79,1,137.75,3,1,1,311,Lost Customers
13280.0,94,7,2322.63,3,4,4,344,Loyal Customers
13281.0,441,1,350.85,1,1,2,112,Lost Customers
13282.0,20,4,1313.19,5,3,4,534,Potential Loyalists
13283.0,31,4,373.36,4,3,2,432,Potential Loyalists
13284.0,332,1,201.19,2,1,1,211,Lost Customers
13285.0,25,6,3364.59,4,4,5,445,Loyal Customers
13286.0,602,1,734.91,1,1,3,113,Lost Customers
13287.0,605,3,781.59,1,3,3,133,At Risk
13288.0,404,5,927.61,2,4,3,243,Loyal Customers
13289.0,725,1,307.95,1,1,2,112,Lost Customers
13290.0,440,1,208.63,1,1,1,111,Lost Customers
13291.0,157,11,3320.84,3,5,5,355,Loyal Customers
13292.0,286,5,994.51,2,4,3,243,Loyal Customers
13293.0,365,6,1192.94,2,4,3,243,Loyal Customers
13294.0,251,3,1689.53,2,3,4,234,At Risk
13295.0,361,4,1101.97,2,3,3,233,At Risk
13296.0,139,6,792.51,3,4,3,343,Loyal Customers
13297.0,25,7,4368.62,4,4,5,445,Loyal Customers
13299.0,270,3,1218.7,2,3,3,233,At Risk
13300.0,171,3,1285.51,3,3,4,334,Lost Customers
13301.0,105,4,618.09,3,3,3,333,Lost Customers
13302.0,156,2,159.2,3,2,1,321,Lost Customers
13303.0,609,1,61.72,1,1,1,111,Lost Customers
13304.0,353,4,1217.99,2,3,3,233,At Risk
13305.0,23,15,3541.55,5,5,5,555,Champions
13306.0,580,1,53.65,1,1,1,111,Lost Customers
13307.0,33,3,273.34,4,3,1,431,Potential Loyalists
13308.0,24,4,1670.3700000000001,5,3,4,534,Potential Loyalists
13309.0,2,6,1706.3700000000001,5,4,4,544,Champions
13310.0,29,5,1541.2,4,4,4,444,Loyal Customers
13311.0,4,1,490.11,5,1,2,512,Lost Customers
13312.0,453,1,124.75,1,1,1,111,Lost Customers
13313.0,24,12,3445.32,5,5,5,555,Champions
13314.0,75,2,589.47,3,2,2,322,Lost Customers
13315.0,691,1,310.26000000000005,1,1,2,112,Lost Customers
13316.0,81,10,13191.57,3,5,5,355,Loyal Customers
13317.0,200,19,6486.091,3,5,5,355,Loyal Customers
13318.0,243,2,489.92,2,2,2,222,Lost Customers
13319.0,19,57,21773.4,5,5,5,555,Champions
13320.0,67,6,2228.1,4,4,4,444,Loyal Customers
13321.0,74,2,567.36,3,2,2,322,Lost Customers
13322.0,19,1,199.48000000000002,5,1,1,511,Lost Customers
13323.0,23,4,513.0500000000001,5,3,2,532,Potential Loyalists
13324.0,32,18,10513.47,4,5,5,455,Loyal Customers
13325.0,83,1,675.3,3,1,3,313,Lost Customers
13326.0,641,1,281.76,1,1,1,111,Lost Customers
13327.0,114,20,9879.48,3,5,5,355,Loyal Customers
13328.0,318,1,1308.48,2,1,4,214,Lost Customers
13329.0,122,8,5112.97,3,4,5,345,Loyal Customers
13330.0,124,6,2806.18,3,4,4,344,Loyal Customers
13331.0,640,1,262.4,1,1,1,111,Lost Customers
13332.0,16,1,350.90000000000003,5,1,2,512,Lost Customers
13333.0,413,3,1015.74,2,3,3,233,At Risk
13334.0,84,5,6263.75,3,4,5,345,Loyal Customers
13336.0,79,1,795.12,3,1,3,313,Lost Customers
13337.0,400,1,1575.26,2,1,4,214,Lost Customers
13338.0,218,4,2445.62,2,3,4,234,At Risk
13339.0,202,1,860.12,3,1,3,313,Lost Customers
13340.0,47,12,22100.56,4,5,5,455,Loyal Customers
13341.0,262,1,775.85,2,1,3,213,Lost Customers
13343.0,179,1,353.43,3,1,2,312,Lost Customers
13344.0,161,3,2543.7200000000003,3,3,4,334,Lost Customers
13345.0,289,1,389.5,2,1,2,212,Lost Customers
13346.0,500,6,299.4,1,4,2,142,Loyal Customers
13347.0,72,1,341.36,4,1,2,412,Lost Customers
13348.0,183,1,233.76000000000002,3,1,1,311,Lost Customers
13349.0,12,1,247.32,5,1,1,511,Lost Customers
13350.0,18,2,979.12,5,2,3,523,Potential Loyalists
13351.0,245,1,373.94,2,1,2,212,Lost Customers
13352.0,62,1,397.98,4,1,2,412,Lost Customers
13354.0,73,1,743.53,4,1,3,413,Lost Customers
13355.0,94,1,674.7,3,1,3,313,Lost Customers
13356.0,82,1,768.24,3,1,3,313,Lost Customers
13357.0,259,5,3838.36,2,4,5,245,Loyal Customers
13358.0,270,1,439.03000000000003,2,1,2,212,Lost Customers
13359.0,154,2,1043.31,3,2,3,323,Lost Customers
13360.0,479,4,1553.65,1,3,4,134,At Risk
13361.0,474,2,1450.5,1,2,4,124,Lost Customers
13362.0,11,7,5394.07,5,4,5,545,Champions
13363.0,19,3,1723.8600000000001,5,3,4,534,Potential Loyalists
13364.0,72,1,134.96,4,1,1,411,Lost Customers
13365.0,183,2,2225.37,3,2,4,324,Lost Customers
13366.0,52,1,56.16,4,1,1,411,Lost Customers
13367.0,610,1,510.2,1,1,2,112,Lost Customers
13368.0,193,4,1121.5,3,3,3,333,Lost Customers
13369.0,455,1,616.5600000000001,1,1,3,113,Lost Customers
13370.0,639,1,1509.74,1,1,4,114,Lost Customers
13371.0,506,2,2297.66,1,2,4,124,Lost Customers
13372.0,32,1,378.64,4,1,2,412,Lost Customers
13373.0,62,6,7587.1900000000005,4,4,5,445,Loyal Customers
13374.0,416,2,422.8,2,2,2,222,Lost Customers
13375.0,2,2,1792.23,5,2,4,524,Potential Loyalists
13376.0,205,3,1019.76,3,3,3,333,Lost Customers
13377.0,487,2,1552.88,1,2,4,124,Lost Customers
13379.0,28,3,572.56,4,3,2,432,Potential Loyalists
13380.0,641,1,62.4,1,1,1,111,Lost Customers
13381.0,32,12,8224.37,4,5,5,455,Loyal Customers
13382.0,252,5,1387.58,2,4,4,244,Loyal Customers
13383.0,545,1,305.28000000000003,1,1,2,112,Lost Customers
13384.0,47,11,6680.83,4,5,5,455,Loyal Customers
13385.0,331,1,534.57,2,1,2,212,Lost Customers
13386.0,416,2,835.46,2,2,3,223,Lost Customers
13387.0,419,1,189.44,1,1,1,111,Lost Customers
13388.0,133,3,1185.65,3,3,3,333,Lost Customers
13389.0,13,3,797.96,5,3,3,533,Potential Loyalists
13390.0,76,1,544.08,3,1,2,312,Lost Customers
13391.0,205,1,59.8,3,1,1,311,Lost Customers
13392.0,679,1,91.14,1,1,1,111,Lost Customers
13393.0,585,4,1131.45,1,3,3,133,At Risk
13394.0,34,18,6319.6,4,5,5,455,Loyal Customers
13395.0,158,3,1180.23,3,3,3,333,Lost Customers
13396.0,61,2,1360.99,4,2,4,424,Potential Loyalists
13397.0,74,10,3191.87,3,5,5,355,Loyal Customers
13398.0,194,2,670.34,3,2,3,323,Lost Customers
13399.0,490,3,275.4,1,3,1,131,At Risk
13400.0,554,1,310.83,1,1,2,112,Lost Customers
13402.0,247,4,1535.13,2,3,4,234,At Risk
13403.0,19,3,229.5,5,3,1,531,Potential Loyalists
13404.0,36,1,217.81,4,1,1,411,Lost Customers
13405.0,76,6,1213.811,3,4,3,343,Loyal Customers
13406.0,488,2,568.92,1,2,2,122,Lost Customers
13407.0,432,3,2244.7,1,3,4,134,At Risk
13408.0,4,104,50870.622,5,5,5,555,Champions
13410.0,26,9,2201.96,4,5,4,454,Loyal Customers
13411.0,109,1,213.55,3,1,1,311,Lost Customers
13412.0,622,1,487.35,1,1,2,112,Lost Customers
13413.0,434,6,429.44,1,4,2,142,Loyal Customers
13414.0,135,6,2494.14,3,4,4,344,Loyal Customers
13415.0,474,4,800.67,1,3,3,133,At Risk
13416.0,45,3,940.8000000000001,4,3,3,433,Potential Loyalists
13417.0,207,5,1264.66,2,4,4,244,Loyal Customers
13418.0,13,31,12233.6,5,5,5,555,Champions
13419.0,154,1,221.06,3,1,1,311,Lost Customers
13420.0,151,2,159.85,3,2,1,321,Lost Customers
13421.0,42,8,4103.12,4,4,5,445,Loyal Customers
13422.0,184,1,2626.3,3,1,4,314,Lost Customers
13423.0,519,1,217.03,1,1,1,111,Lost Customers
13424.0,451,1,572.77,1,1,2,112,Lost Customers
13425.0,110,5,3403.63,3,4,5,345,Loyal Customers
13426.0,12,21,7875.6,5,5,5,555,Champions
13427.0,21,6,1006.53,5,4,3,543,Champions
13428.0,12,3,499.98,5,3,2,532,Potential Loyalists
13429.0,12,4,1006.8,5,3,3,533,Potential Loyalists
13430.0,20,2,679.45,5,2,3,523,Potential Loyalists
13431.0,2,8,3316.2400000000002,5,4,5,545,Champions
13432.0,555,2,439.1,1,2,2,122,Lost Customers
13433.0,375,4,658.32,2,3,3,233,At Risk
13434.0,76,5,1666.8600000000001,3,4,4,344,Loyal Customers
13435.0,26,8,4032.93,4,4,5,445,Loyal Customers
13437.0,16,7,3408.06,5,4,5,545,Champions
13438.0,430,1,46.5,1,1,1,111,Lost Customers
13439.0,257,3,986.61,2,3,3,233,At Risk
13440.0,366,7,1295.25,2,4,4,244,Loyal Customers
13441.0,93,2,720.9,3,2,3,323,Lost Customers
13442.0,435,3,419.87,1,3,2,132,At Risk
13443.0,372,6,1280.16,2,4,4,244,Loyal Customers
13444.0,376,2,631.68,2,2,3,223,Lost Customers
13445.0,628,1,241.89999999999998,1,1,1,111,Lost Customers
13446.0,398,11,3881.89,2,5,5,255,Loyal Customers
13447.0,25,3,1129.14,4,3,3,433,Potential Loyalists
13448.0,18,13,9240.87,5,5,5,555,Champions
13449.0,25,1,291.88,4,1,2,412,Lost Customers
13450.0,28,13,4120.04,4,5,5,455,Loyal Customers
13451.0,5,11,7190.92,5,5,5,555,Champions
13452.0,261,3,729.8,2,3,3,233,At Risk
13453.0,167,3,781.69,3,3,3,333,Lost Customers
13454.0,495,1,219.87,1,1,1,111,Lost Customers
13455.0,26,6,2905.93,4,4,4,444,Loyal Customers
13456.0,19,6,1766.72,5,4,4,544,Champions
13457.0,690,2,148.22,1,2,1,121,Lost Customers
13458.0,7,16,11959.27,5,5,5,555,Champions
13459.0,626,2,1160.41,1,2,3,123,Lost Customers
13460.0,51,2,183.44,4,2,1,421,Potential Loyalists
13461.0,140,6,4160.0,3,4,5,345,Loyal Customers
13462.0,341,5,1153.8500000000001,2,4,3,243,Loyal Customers
13464.0,1,6,3097.64,5,4,5,545,Champions
13465.0,448,2,931.12,1,2,3,123,Lost Customers
13466.0,127,5,1013.35,3,4,3,343,Loyal Customers
13467.0,12,2,1083.71,5,2,3,523,Potential Loyalists
13468.0,1,71,13265.97,5,5,5,555,Champions
13469.0,655,1,82.4,1,1,1,111,Lost Customers
13470.0,117,2,165.0,3,2,1,321,Lost Customers
13471.0,23,3,2439.34,5,3,4,534,Potential Loyalists
13472.0,670,2,592.24,1,2,2,122,Lost Customers
13473.0,40,8,2657.76,4,4,4,444,Loyal Customers
13474.0,238,3,663.79,2,3,3,233,At Risk
13475.0,189,4,1431.78,3,3,4,334,Lost Customers
13476.0,180,5,2061.4700000000003,3,4,4,344,Loyal Customers
13477.0,6,11,2834.17,5,5,4,554,Champions
13478.0,471,5,2215.78,1,4,4,144,Loyal Customers
13479.0,202,4,851.37,3,3,3,333,Lost Customers
13480.0,418,2,627.82,1,2,3,123,Lost Customers
13481.0,47,11,3830.84,4,5,5,455,Loyal Customers
13482.0,234,2,336.09,2,2,2,222,Lost Customers
13483.0,215,1,140.34,2,1,1,211,Lost Customers
13484.0,7,3,790.72,5,3,3,533,Potential Loyalists
13485.0,235,11,3019.2200000000003,2,5,5,255,Loyal Customers
13486.0,80,3,1122.41,3,3,3,333,Lost Customers
13487.0,59,5,846.87,4,4,3,443,Loyal Customers
13488.0,10,23,15587.880000000001,5,5,5,555,Champions
13489.0,107,4,449.52,3,3,2,332,Lost Customers
13490.0,656,1,154.25,1,1,1,111,Lost Customers
13491.0,40,27,4566.56,4,5,5,455,Loyal Customers
13492.0,97,3,1269.84,3,3,4,334,Lost Customers
13493.0,99,2,618.63,3,2,3,323,Lost Customers
13494.0,343,1,316.26000000000005,2,1,2,212,Lost Customers
13495.0,234,10,5374.26,2,5,5,255,Loyal Customers
13496.0,12,2,653.33,5,2,3,523,Potential Loyalists
13497.0,311,6,1320.3300000000002,2,4,4,244,Loyal Customers
13498.0,820,1,327.38,1,1,2,112,Lost Customers
13499.0,19,5,1159.1100000000001,5,4,3,543,Champions
13500.0,25,4,1466.3,4,3,4,434,Potential Loyalists
13501.0,289,3,2885.11,2,3,4,234,At Risk
13502.0,18,5,780.5,5,4,3,543,Champions
13503.0,73,6,1905.39,4,4,4,444,Loyal Customers
13504.0,184,1,295.93,3,1,2,312,Lost Customers
13505.0,74,4,4393.63,3,3,5,335,Lost Customers
13506.0,318,5,1639.2,2,4,4,244,Loyal Customers
13507.0,109,3,2022.79,3,3,4,334,Lost Customers
13508.0,68,2,287.05,4,2,2,422,Potential Loyalists
13509.0,38,8,1114.72,4,4,3,443,Loyal Customers
13510.0,47,10,4216.43,4,5,5,455,Loyal Customers
13511.0,708,1,282.76,1,1,1,111,Lost Customers
13512.0,262,4,713.39,2,3,3,233,At Risk
13513.0,217,3,824.59,2,3,3,233,At Risk
13514.0,75,4,815.9000000000001,3,3,3,333,Lost Customers
13515.0,74,6,1265.82,3,4,4,344,Loyal Customers
13516.0,23,4,1685.26,5,3,4,534,Potential Loyalists
13517.0,31,3,2128.42,4,3,4,434,Potential Loyalists
13518.0,87,1,659.44,3,1,3,313,Lost Customers
13519.0,79,2,343.21,3,2,2,322,Lost Customers
13520.0,1,11,6909.4,5,5,5,555,Champions
13521.0,12,1,287.88,5,1,2,512,Lost Customers
13522.0,91,1,125.80000000000001,3,1,1,311,Lost Customers
13523.0,48,6,5101.52,4,4,5,445,Loyal Customers
13524.0,42,5,680.1800000000001,4,4,3,443,Loyal Customers
13525.0,16,2,628.78,5,2,3,523,Potential Loyalists
13526.0,1063,2,1182.0,1,2,3,123,Lost Customers
13527.0,32,12,4683.74,4,5,5,455,Loyal Customers
13529.0,80,2,307.76,3,2,2,322,Lost Customers
13530.0,636,1,402.98,1,1,2,112,Lost Customers
13531.0,207,6,1738.52,2,4,4,244,Loyal Customers
13532.0,183,1,210.31,3,1,1,311,Lost Customers
13533.0,66,3,270.79,4,3,1,431,Potential Loyalists
13534.0,55,34,7363.7,4,5,5,455,Loyal Customers
13535.0,668,1,89.5,1,1,1,111,Lost Customers
13536.0,11,6,3098.94,5,4,5,545,Champions
13537.0,427,2,717.85,1,2,3,123,Lost Customers
13538.0,33,12,3112.73,4,5,5,455,Loyal Customers
13539.0,87,7,1569.36,3,4,4,344,Loyal Customers
13540.0,469,3,632.39,1,3,3,133,At Risk
13541.0,488,2,785.25,1,2,3,123,Lost Customers
13542.0,378,17,4006.17,2,5,5,255,Loyal Customers
13543.0,636,2,1439.61,1,2,4,124,Lost Customers
13544.0,41,6,829.0,4,4,3,443,Loyal Customers
13545.0,392,2,374.64,2,2,2,222,Lost Customers
13546.0,14,5,1092.14,5,4,3,543,Champions
13547.0,410,1,175.53,2,1,1,211,Lost Customers
13548.0,68,3,908.99,4,3,3,433,Potential Loyalists
13549.0,4,8,1005.8000000000001,5,4,3,543,Champions
13550.0,385,1,349.51,2,1,2,212,Lost Customers
13551.0,321,2,244.2,2,2,1,221,Lost Customers
13552.0,88,22,6978.92,3,5,5,355,Loyal Customers
13553.0,649,1,517.8,1,1,2,112,Lost Customers
13554.0,382,7,1638.28,2,4,4,244,Loyal Customers
13555.0,75,13,8999.19,3,5,5,355,Loyal Customers
13556.0,437,2,200.82,1,2,1,121,Lost Customers
13557.0,30,13,3032.26,4,5,5,455,Loyal Customers
13558.0,25,4,605.06,4,3,2,432,Potential Loyalists
13559.0,514,2,990.0,1,2,3,123,Lost Customers
13560.0,302,1,174.37,2,1,1,211,Lost Customers
13561.0,128,11,1820.72,3,5,4,354,Loyal Customers
13562.0,83,8,4838.18,3,4,5,345,Loyal Customers
13563.0,86,2,777.53,3,2,3,323,Lost Customers
13564.0,146,37,17249.55,3,5,5,355,Loyal Customers
13565.0,21,3,414.8,5,3,2,532,Potential Loyalists
13566.0,42,5,1708.1200000000001,4,4,4,444,Loyal Customers
13567.0,474,4,1083.69,1,3,3,133,At Risk
13568.0,175,1,192.85,3,1,1,311,Lost Customers
13569.0,19,4,893.78,5,3,3,533,Potential Loyalists
13570.0,68,1,239.49,4,1,1,411,Lost Customers
13571.0,14,26,4546.54,5,5,5,555,Champions
13572.0,207,1,1384.25,2,1,4,214,Lost Customers
13573.0,52,6,916.47,4,4,3,443,Loyal Customers
13574.0,413,1,421.25,2,1,2,212,Lost Customers
13575.0,1,5,732.07,5,4,3,543,Champions
13576.0,12,28,11551.74,5,5,5,555,Champions
13577.0,7,11,3489.28,5,5,5,555,Champions
13578.0,411,1,147.66,2,1,1,211,Lost Customers
13579.0,16,5,1539.04,5,4,4,544,Champions
13580.0,408,1,107.75,2,1,1,211,Lost Customers
13581.0,284,2,280.53000000000003,2,2,1,221,Lost Customers
13582.0,391,2,241.68,2,2,1,221,Lost Customers
13583.0,157,2,1445.031,3,2,4,324,Lost Customers
13584.0,192,3,392.45,3,3,2,332,Lost Customers
13585.0,432,3,684.54,1,3,3,133,At Risk
13586.0,543,1,131.53,1,1,1,111,Lost Customers
13587.0,154,4,1673.5,3,3,4,334,Lost Customers
13588.0,17,9,2478.95,5,5,4,554,Champions
13589.0,16,6,1120.74,5,4,3,543,Champions
13590.0,4,18,6349.59,5,5,5,555,Champions
13591.0,184,7,2093.94,3,4,4,344,Loyal Customers
13592.0,67,4,247.95999999999998,4,3,1,431,Potential Loyalists
13593.0,110,14,5523.6900000000005,3,5,5,355,Loyal Customers
13594.0,54,2,533.32,4,2,2,422,Potential Loyalists
13595.0,399,3,818.22,2,3,3,233,At Risk
13596.0,14,2,697.04,5,2,3,523,Potential Loyalists
13597.0,609,2,396.71,1,2,2,122,Lost Customers
13598.0,49,5,789.59,4,4,3,443,Loyal Customers
13599.0,7,32,10052.17,5,5,5,555,Champions
13600.0,314,2,518.42,2,2,2,222,Lost Customers
13601.0,6,4,1185.14,5,3,3,533,Potential Loyalists
13602.0,184,4,1025.17,3,3,3,333,Lost Customers
13603.0,28,1,164.34,4,1,1,411,Lost Customers
13604.0,660,1,717.62,1,1,3,113,Lost Customers
13605.0,389,2,522.67,2,2,2,222,Lost Customers
13606.0,60,3,280.54,4,3,1,431,Potential Loyalists
13607.0,42,2,1078.31,4,2,3,423,Potential Loyalists
13608.0,542,1,236.2,1,1,1,111,Lost Customers
13609.0,595,1,167.35,1,1,1,111,Lost Customers
13610.0,14,14,2175.88,5,5,4,554,Champions
13611.0,32,10,3319.53,4,5,5,455,Loyal Customers
13612.0,634,1,818.29,1,1,3,113,Lost Customers
13613.0,454,5,1039.8500000000001,1,4,3,143,Loyal Customers
13614.0,26,6,2359.19,4,4,4,444,Loyal Customers
13615.0,320,8,6272.53,2,4,5,245,Loyal Customers
13616.0,570,2,288.1,1,2,2,122,Lost Customers
13617.0,5,8,1278.75,5,4,4,544,Champions
13618.0,175,1,177.34,3,1,1,311,Lost Customers
13619.0,546,2,231.69,1,2,1,121,Lost Customers
13620.0,530,1,112.34,1,1,1,111,Lost Customers
13621.0,118,1,213.85,3,1,1,311,Lost Customers
13622.0,375,1,658.95,2,1,3,213,Lost Customers
13623.0,91,10,2566.49,3,5,4,354,Loyal Customers
13624.0,390,1,462.08,2,1,2,212,Lost Customers
13625.0,598,1,301.26,1,1,2,112,Lost Customers
13626.0,341,2,707.04,2,2,3,223,Lost Customers
13627.0,31,7,2245.9,4,4,4,444,Loyal Customers
13628.0,708,1,310.14,1,1,2,112,Lost Customers
13629.0,25,19,13370.86,4,5,5,455,Loyal Customers
13630.0,77,6,1799.78,3,4,4,344,Loyal Customers
13631.0,145,11,3070.42,3,5,5,355,Loyal Customers
13632.0,26,8,3648.15,4,4,5,445,Loyal Customers
13634.0,37,16,5073.47,4,5,5,455,Loyal Customers
13635.0,276,4,2999.16,2,3,5,235,At Risk
13636.0,94,5,949.12,3,4,3,343,Loyal Customers
13637.0,54,3,810.5,4,3,3,433,Potential Loyalists
13638.0,17,1,122.64,5,1,1,511,Lost Customers
13639.0,76,2,1346.27,3,2,4,324,Lost Customers
13640.0,525,1,405.0,1,1,2,112,Lost Customers
13641.0,464,5,1016.47,1,4,3,143,Loyal Customers
13642.0,128,4,514.72,3,3,2,332,Lost Customers
13643.0,122,10,2156.77,3,5,4,354,Loyal Customers
13644.0,18,4,2624.26,5,3,4,534,Potential Loyalists
13645.0,33,1,252.1,4,1,1,411,Lost Customers
13646.0,579,2,326.25,1,2,2,122,Lost Customers
13647.0,11,8,3071.68,5,4,5,545,Champions
13648.0,409,8,1764.02,2,4,4,244,Loyal Customers
13649.0,258,6,1678.88,2,4,4,244,Loyal Customers
13650.0,2,10,3288.0,5,5,5,555,Champions
13651.0,41,3,226.85,4,3,1,431,Potential Loyalists
13652.0,47,5,2570.85,4,4,4,444,Loyal Customers
13653.0,459,1,152.2,1,1,1,111,Lost Customers
13654.0,37,11,6308.0,4,5,5,455,Loyal Customers
13655.0,7,6,2280.51,5,4,4,544,Champions
13656.0,166,4,1078.85,3,3,3,333,Lost Customers
13657.0,12,2,382.14,5,2,2,522,Potential Loyalists
13658.0,11,9,6025.5,5,5,5,555,Champions
13659.0,207,12,4894.88,2,5,5,255,Loyal Customers
13660.0,609,1,314.59,1,1,2,112,Lost Customers
13661.0,605,1,325.24,1,1,2,112,Lost Customers
13662.0,36,11,2250.11,4,5,4,454,Loyal Customers
13663.0,181,5,2047.51,3,4,4,344,Loyal Customers
13665.0,388,3,1711.66,2,3,4,234,At Risk
13666.0,62,5,127.9,4,4,1,441,Loyal Customers
13667.0,151,1,305.02,3,1,2,312,Lost Customers
13668.0,12,34,12756.92,5,5,5,555,Champions
13669.0,52,3,413.55,4,3,2,432,Potential Loyalists
13670.0,77,1,349.7,3,1,2,312,Lost Customers
13671.0,426,1,194.95,1,1,1,111,Lost Customers
13672.0,39,3,419.92,4,3,2,432,Potential Loyalists
13673.0,20,2,396.92,5,2,2,522,Potential Loyalists
13674.0,641,1,240.68,1,1,1,111,Lost Customers
13675.0,34,2,486.82000000000005,4,2,2,422,Potential Loyalists
13676.0,540,2,243.9,1,2,1,121,Lost Customers
13677.0,406,2,556.1899999999999,2,2,2,222,Lost Customers
13678.0,34,1,232.6,4,1,1,411,Lost Customers
13679.0,601,3,281.26,1,3,1,131,At Risk
13680.0,41,11,10797.29,4,5,5,455,Loyal Customers
13681.0,19,4,827.83,5,3,3,533,Potential Loyalists
13682.0,219,1,59.5,2,1,1,211,Lost Customers
13683.0,489,1,258.6,1,1,1,111,Lost Customers
13684.0,287,4,596.98,2,3,2,232,At Risk
13685.0,47,3,1934.45,4,3,4,434,Potential Loyalists
13686.0,66,3,409.04,4,3,2,432,Potential Loyalists
13687.0,440,1,11880.84,1,1,5,115,Lost Customers
13688.0,637,1,375.5,1,1,2,112,Lost Customers
13689.0,154,2,1259.5,3,2,4,324,Lost Customers
13690.0,31,1,172.25,4,1,1,411,Lost Customers
13691.0,486,1,212.78,1,1,1,111,Lost Customers
13692.0,26,5,3114.4,4,4,5,445,Loyal Customers
13693.0,365,9,2011.8200000000002,2,5,4,254,Loyal Customers
13694.0,27,140,193351.65,4,5,5,455,Loyal Customers
13695.0,3,16,2770.73,5,5,4,554,Champions
13696.0,404,3,2020.4,2,3,4,234,At Risk
13697.0,334,1,151.3,2,1,1,211,Lost Customers
13698.0,598,2,465.53000000000003,1,2,2,122,Lost Customers
13699.0,157,2,764.15,3,2,3,323,Lost Customers
13700.0,7,13,2613.46,5,5,4,554,Champions
13701.0,448,1,161.0,1,1,1,111,Lost Customers
13702.0,447,1,135.18,1,1,1,111,Lost Customers
13703.0,320,2,425.56,2,2,2,222,Lost Customers
13704.0,1,8,2143.38,5,4,4,544,Champions
13705.0,146,7,2035.33,3,4,4,344,Loyal Customers
13706.0,70,2,631.1700000000001,4,2,3,423,Potential Loyalists
13707.0,268,5,3365.86,2,4,5,245,Loyal Customers
13708.0,273,1,296.88,2,1,2,212,Lost Customers
13709.0,51,16,7063.4400000000005,4,5,5,455,Loyal Customers
13710.0,122,3,509.52,3,3,2,332,Lost Customers
13711.0,220,9,1792.26,2,5,4,254,Loyal Customers
13712.0,160,2,766.42,3,2,3,323,Lost Customers
13713.0,410,3,743.26,2,3,3,233,At Risk
13714.0,467,1,161.35,1,1,1,111,Lost Customers
13715.0,224,17,8483.29,2,5,5,255,Loyal Customers
13716.0,271,1,138.28,2,1,1,211,Lost Customers
13717.0,58,8,1763.3,4,4,4,444,Loyal Customers
13718.0,160,2,306.55,3,2,2,322,Lost Customers
13719.0,17,11,2815.25,5,5,4,554,Champions
13720.0,118,4,799.9,3,3,3,333,Lost Customers
13721.0,275,2,741.54,2,2,3,223,Lost Customers
13722.0,133,10,5635.41,3,5,5,355,Loyal Customers
13723.0,189,6,1209.2,3,4,3,343,Loyal Customers
13724.0,373,1,213.01,2,1,1,211,Lost Customers
13725.0,51,8,1980.56,4,4,4,444,Loyal Customers
13726.0,102,2,1079.66,3,2,3,323,Lost Customers
13727.0,30,8,1080.05,4,4,3,443,Loyal Customers
13728.0,109,16,2855.17,3,5,4,354,Loyal Customers
13729.0,437,3,724.73,1,3,3,133,At Risk
13730.0,137,2,752.6,3,2,3,323,Lost Customers
13731.0,160,2,610.59,3,2,2,322,Lost Customers
13732.0,30,1,491.86,4,1,2,412,Lost Customers
13733.0,412,2,487.03000000000003,2,2,2,222,Lost Customers
13734.0,460,4,6701.640000000001,1,3,5,135,At Risk
13735.0,26,13,9813.22,4,5,5,455,Loyal Customers
13736.0,262,6,2391.84,2,4,4,244,Loyal Customers
13737.0,202,1,339.6,3,1,2,312,Lost Customers
13738.0,487,1,440.93,1,1,2,112,Lost Customers
13739.0,20,2,292.2,5,2,2,522,Potential Loyalists
13740.0,242,5,1597.77,2,4,4,244,Loyal Customers
13741.0,73,3,668.4300000000001,4,3,3,433,Potential Loyalists
13742.0,18,12,3131.02,5,5,5,555,Champions
13743.0,2,6,1065.84,5,4,3,543,Champions
13744.0,216,2,1156.36,2,2,3,223,Lost Customers
13745.0,164,2,777.36,3,2,3,323,Lost Customers
13746.0,415,1,176.69,2,1,1,211,Lost Customers
13747.0,396,2,249.39999999999998,2,2,1,221,Lost Customers
13748.0,160,9,2268.35,3,5,4,354,Loyal Customers
13750.0,55,11,3602.18,4,5,5,455,Loyal Customers
13751.0,290,1,296.25,2,1,2,212,Lost Customers
13752.0,97,7,1590.73,3,4,4,344,Loyal Customers
13753.0,289,4,2094.57,2,3,4,234,At Risk
13754.0,34,3,447.05,4,3,2,432,Potential Loyalists
13755.0,11,8,2004.45,5,4,4,544,Champions
13756.0,24,21,8361.1,5,5,5,555,Champions
13757.0,649,1,195.55,1,1,1,111,Lost Customers
13758.0,13,15,9416.98,5,5,5,555,Champions
13759.0,73,2,659.4100000000001,4,2,3,423,Potential Loyalists
13760.0,56,5,1363.6399999999999,4,4,4,444,Loyal Customers
13761.0,52,6,1952.17,4,4,4,444,Loyal Customers
13762.0,220,5,2472.48,2,4,4,244,Loyal Customers
13763.0,154,3,5217.44,3,3,5,335,Lost Customers
13764.0,72,6,2953.26,4,4,5,445,Loyal Customers
13765.0,655,1,352.821,1,1,2,112,Lost Customers
13766.0,702,1,190.35,1,1,1,111,Lost Customers
13767.0,27,72,34654.55,4,5,5,455,Loyal Customers
13768.0,728,2,875.97,1,2,3,123,Lost Customers
13769.0,94,19,5482.5,3,5,5,355,Loyal Customers
13770.0,424,4,785.37,1,3,3,133,At Risk
13771.0,184,9,5728.82,3,5,5,355,Loyal Customers
13772.0,183,8,3114.2200000000003,3,4,5,345,Loyal Customers
13773.0,487,2,301.54,1,2,2,122,Lost Customers
13774.0,83,1,345.0,3,1,2,312,Lost Customers
13775.0,592,1,1049.66,1,1,3,113,Lost Customers
13776.0,519,2,623.98,1,2,3,123,Lost Customers
13777.0,26,59,56213.18,4,5,5,455,Loyal Customers
13778.0,105,4,1124.49,3,3,3,333,Lost Customers
13779.0,369,1,161.13,2,1,1,211,Lost Customers
13780.0,172,3,735.82,3,3,3,333,Lost Customers
13781.0,282,3,778.83,2,3,3,233,At Risk
13782.0,14,13,1793.72,5,5,4,554,Champions
13783.0,434,4,1542.09,1,3,4,134,At Risk
13784.0,11,14,2910.23,5,5,4,554,Champions
13785.0,519,4,542.49,1,3,2,132,At Risk
13786.0,385,6,3358.94,2,4,5,245,Loyal Customers
13787.0,77,6,1222.5,3,4,3,343,Loyal Customers
13788.0,507,1,3.75,1,1,1,111,Lost Customers
13789.0,390,1,239.46,2,1,1,211,Lost Customers
13791.0,170,2,1516.0,3,2,4,324,Lost Customers
13792.0,245,3,383.95,2,3,2,232,At Risk
13793.0,648,1,96.0,1,1,1,111,Lost Customers
13794.0,400,1,126.03,2,1,1,211,Lost Customers
13795.0,373,4,836.3,2,3,3,233,At Risk
13796.0,501,1,289.7,1,1,2,112,Lost Customers
13797.0,438,3,1179.45,1,3,3,133,At Risk
13798.0,2,108,74672.43000000001,5,5,5,555,Champions
13799.0,118,9,2803.57,3,5,4,354,Loyal Customers
13800.0,284,3,1679.56,2,3,4,234,At Risk
13801.0,245,1,324.8,2,1,2,212,Lost Customers
13802.0,140,19,26259.11,3,5,5,355,Loyal Customers
13803.0,257,3,1338.91,2,3,4,234,At Risk
13804.0,80,9,3208.52,3,5,5,355,Loyal Customers
13805.0,54,2,924.5999999999999,4,2,3,423,Potential Loyalists
13806.0,154,1,256.38,3,1,1,311,Lost Customers
13807.0,517,3,534.8,1,3,2,132,At Risk
13808.0,48,5,1747.66,4,4,4,444,Loyal Customers
13809.0,162,3,679.6999999999999,3,3,3,333,Lost Customers
13810.0,30,3,1499.01,4,3,4,434,Potential Loyalists
13811.0,96,3,814.5,3,3,3,333,Lost Customers
13812.0,44,3,539.0,4,3,2,432,Potential Loyalists
13813.0,32,8,2765.4700000000003,4,4,4,444,Loyal Customers
13814.0,124,3,2257.32,3,3,4,334,Lost Customers
13815.0,24,8,7475.74,5,4,5,545,Champions
13816.0,25,2,571.6700000000001,4,2,2,422,Potential Loyalists
13817.0,60,2,382.98,4,2,2,422,Potential Loyalists
13818.0,549,1,61.28,1,1,1,111,Lost Customers
13819.0,39,6,2642.35,4,4,4,444,Loyal Customers
13820.0,420,3,660.65,1,3,3,133,At Risk
13821.0,146,6,1410.73,3,4,4,344,Loyal Customers
13822.0,42,2,632.0,4,2,3,423,Potential Loyalists
13823.0,20,7,3403.4500000000003,5,4,5,545,Champions
13824.0,7,12,3314.76,5,5,5,555,Champions
13825.0,623,2,255.59,1,2,1,121,Lost Customers
13826.0,178,1,189.5,3,1,1,311,Lost Customers
13827.0,59,3,412.05,4,3,2,432,Potential Loyalists
13828.0,24,1,209.49,5,1,1,511,Lost Customers
13829.0,422,1,102.0,1,1,1,111,Lost Customers
13830.0,524,1,156.85000000000002,1,1,1,111,Lost Customers
13831.0,18,18,7023.58,5,5,5,555,Champions
13832.0,21,2,613.6899999999999,5,2,3,523,Potential Loyalists
13833.0,279,2,701.36,2,2,3,223,Lost Customers
13834.0,371,2,324.19,2,2,2,222,Lost Customers
13835.0,27,7,1095.27,4,4,3,443,Loyal Customers
13836.0,416,2,620.37,2,2,3,223,Lost Customers
13837.0,6,2,271.24,5,2,1,521,Potential Loyalists
13838.0,119,10,1966.09,3,5,4,354,Loyal Customers
13839.0,429,1,139.95000000000002,1,1,1,111,Lost Customers
13840.0,418,1,651.4,1,1,3,113,Lost Customers
13841.0,341,1,85.0,2,1,1,211,Lost Customers
13842.0,1,18,5629.91,5,5,5,555,Champions
13843.0,382,1,319.75,2,1,2,212,Lost Customers
13844.0,13,1,361.62,5,1,2,512,Lost Customers
13845.0,184,1,312.98,3,1,2,312,Lost Customers
13846.0,26,4,1307.79,4,3,4,434,Potential Loyalists
13847.0,721,1,310.72,1,1,2,112,Lost Customers
13848.0,124,8,3335.0,3,4,5,345,Loyal Customers
13849.0,53,5,3469.3,4,4,5,445,Loyal Customers
13850.0,306,1,1595.48,2,1,4,214,Lost Customers
13851.0,216,8,4606.46,2,4,5,245,Loyal Customers
13852.0,494,1,187.35000000000002,1,1,1,111,Lost Customers
13853.0,59,1,1090.1399999999999,4,1,3,413,Lost Customers
13854.0,2,39,12253.96,5,5,5,555,Champions
13855.0,502,4,1310.3400000000001,1,3,4,134,At Risk
13856.0,96,11,1142.03,3,5,3,353,Loyal Customers
13857.0,395,6,1001.01,2,4,3,243,Loyal Customers
13858.0,59,1,216.17000000000002,4,1,1,411,Lost Customers
13859.0,328,2,515.86,2,2,2,222,Lost Customers
13860.0,16,4,926.45,5,3,3,533,Potential Loyalists
13861.0,532,2,273.26,1,2,1,121,Lost Customers
13862.0,20,9,2556.09,5,5,4,554,Champions
13863.0,190,4,1239.55,3,3,4,334,Lost Customers
13864.0,388,1,662.4000000000001,2,1,3,213,Lost Customers
13865.0,1,4,501.56,5,3,2,532,Potential Loyalists
13866.0,76,1,145.67,3,1,1,311,Lost Customers
13867.0,76,3,1015.29,3,3,3,333,Lost Customers
13868.0,302,2,3192.54,2,2,5,225,Lost Customers
13869.0,125,10,8111.57,3,5,5,355,Loyal Customers
13870.0,42,14,5559.33,4,5,5,455,Loyal Customers
13871.0,24,17,7885.85,5,5,5,555,Champions
13872.0,529,3,919.57,1,3,3,133,At Risk
13873.0,3,8,1038.92,5,4,3,543,Champions
13874.0,359,7,2049.15,2,4,4,244,Loyal Customers
13875.0,39,14,4814.37,4,5,5,455,Loyal Customers
13876.0,154,1,122.7,3,1,1,311,Lost Customers
13877.0,88,3,449.68,3,3,2,332,Lost Customers
13878.0,56,4,2473.06,4,3,4,434,Potential Loyalists
13879.0,617,1,395.5,1,1,2,112,Lost Customers
13880.0,23,17,4391.66,5,5,5,555,Champions
13881.0,13,42,44609.98,5,5,5,555,Champions
13882.0,13,4,998.05,5,3,3,533,Potential Loyalists
13883.0,12,15,6560.02,5,5,5,555,Champions
13884.0,32,10,1888.48,4,5,4,454,Loyal Customers
13885.0,202,2,506.8,3,2,2,322,Lost Customers
13886.0,73,1,243.56,4,1,1,411,Lost Customers
13887.0,205,1,349.55,3,1,2,312,Lost Customers
13888.0,3,7,2169.05,5,4,4,544,Champions
13889.0,124,6,1991.23,3,4,4,344,Loyal Customers
13890.0,24,12,2565.63,5,5,4,554,Champions
13891.0,380,3,863.56,2,3,3,233,At Risk
13892.0,28,6,1267.65,4,4,4,444,Loyal Customers
13893.0,299,1,821.1,2,1,3,213,Lost Customers
13894.0,25,3,564.62,4,3,2,432,Potential Loyalists
13895.0,30,6,4008.52,4,4,5,445,Loyal Customers
13896.0,627,1,388.55,1,1,2,112,Lost Customers
13897.0,52,3,1160.72,4,3,3,433,Potential Loyalists
13898.0,327,2,686.4,2,2,3,223,Lost Customers
13899.0,18,2,388.52,5,2,2,522,Potential Loyalists
13900.0,95,6,1610.5900000000001,3,4,4,344,Loyal Customers
13901.0,74,15,5676.34,3,5,5,355,Loyal Customers
13902.0,634,5,34095.26,1,4,5,145,Loyal Customers
13903.0,608,1,165.45000000000002,1,1,1,111,Lost Customers
13904.0,296,2,332.64,2,2,2,222,Lost Customers
13905.0,882,1,312.65,1,1,2,112,Lost Customers
13906.0,411,1,42.0,2,1,1,211,Lost Customers
13907.0,693,1,136.8,1,1,1,111,Lost Customers
13908.0,81,4,2369.55,3,3,4,334,Lost Customers
13909.0,365,2,286.6,2,2,2,222,Lost Customers
13911.0,59,20,4234.99,4,5,5,455,Loyal Customers
13912.0,366,1,124.95,2,1,1,211,Lost Customers
13913.0,508,1,42.22,1,1,1,111,Lost Customers
13914.0,13,2,626.45,5,2,3,523,Potential Loyalists
13915.0,426,1,70.80000000000001,1,1,1,111,Lost Customers
13916.0,543,4,1275.81,1,3,4,134,At Risk
13917.0,51,2,272.04,4,2,1,421,Potential Loyalists
13918.0,51,2,1212.8400000000001,4,2,3,423,Potential Loyalists
13919.0,31,4,1360.68,4,3,4,434,Potential Loyalists
13920.0,454,4,1774.68,1,3,4,134,At Risk
13921.0,366,4,730.7,2,3,3,233,At Risk
13922.0,353,3,865.2,2,3,3,233,At Risk
13923.0,55,1,351.13,4,1,2,412,Lost Customers
13924.0,19,5,1536.45,5,4,4,544,Champions
13925.0,64,4,678.25,4,3,3,433,Potential Loyalists
13926.0,25,1,223.85000000000002,4,1,1,411,Lost Customers
13927.0,76,2,708.26,3,2,3,323,Lost Customers
13928.0,12,4,464.57,5,3,2,532,Potential Loyalists
13929.0,171,11,3494.1,3,5,5,355,Loyal Customers
13930.0,59,2,337.34,4,2,2,422,Potential Loyalists
13931.0,216,11,5257.38,2,5,5,255,Loyal Customers
13932.0,296,1,307.4,2,1,2,212,Lost Customers
13933.0,111,2,608.79,3,2,2,322,Lost Customers
13934.0,265,1,922.1,2,1,3,213,Lost Customers
13935.0,598,3,6116.92,1,3,5,135,At Risk
13936.0,181,3,939.6600000000001,3,3,3,333,Lost Customers
13937.0,171,2,880.13,3,2,3,323,Lost Customers
13938.0,244,1,71.66,2,1,1,211,Lost Customers
13939.0,25,7,1560.96,4,4,4,444,Loyal Customers
13940.0,19,4,839.14,5,3,3,533,Potential Loyalists
13941.0,23,15,11122.300000000001,5,5,5,555,Champions
13942.0,536,1,320.0,1,1,2,112,Lost Customers
13943.0,401,1,246.54000000000002,2,1,1,211,Lost Customers
13944.0,655,1,200.43,1,1,1,111,Lost Customers
13945.0,426,2,854.1500000000001,1,2,3,123,Lost Customers
13946.0,81,6,1876.23,3,4,4,344,Loyal Customers
13947.0,215,1,90.60000000000001,2,1,1,211,Lost Customers
13948.0,362,4,548.76,2,3,2,232,At Risk
13949.0,26,5,1909.09,4,4,4,444,Loyal Customers
13950.0,13,4,745.0600000000001,5,3,3,533,Potential Loyalists
13951.0,178,3,674.45,3,3,3,333,Lost Customers
13952.0,189,14,12823.521,3,5,5,355,Loyal Customers
13953.0,54,12,6640.68,4,5,5,455,Loyal Customers
13954.0,72,1,227.41,4,1,1,411,Lost Customers
13955.0,126,3,545.17,3,3,2,332,Lost Customers
13956.0,56,4,869.92,4,3,3,433,Potential Loyalists
13957.0,419,3,458.25,1,3,2,132,At Risk
13958.0,381,8,4709.2300000000005,2,4,5,245,Loyal Customers
13959.0,81,6,1076.18,3,4,3,343,Loyal Customers
13960.0,23,2,230.22,5,2,1,521,Potential Loyalists
13961.0,365,1,538.4,2,1,2,212,Lost Customers
13962.0,23,3,362.8,5,3,2,532,Potential Loyalists
13963.0,253,17,3011.87,2,5,5,255,Loyal Customers
13964.0,389,2,438.9,2,2,2,222,Lost Customers
13965.0,478,3,996.61,1,3,3,133,At Risk
13966.0,437,1,390.86,1,1,2,112,Lost Customers
13967.0,147,2,166.3,3,2,1,321,Lost Customers
13968.0,366,1,123.66,2,1,1,211,Lost Customers
13969.0,18,35,13365.87,5,5,5,555,Champions
13970.0,388,2,846.55,2,2,3,223,Lost Customers
13971.0,20,14,4667.57,5,5,5,555,Champions
13972.0,72,2,190.25,4,2,1,421,Potential Loyalists
13973.0,289,1,264.7,2,1,1,211,Lost Customers
13974.0,51,2,677.72,4,2,3,423,Potential Loyalists
13975.0,122,12,5358.84,3,5,5,355,Loyal Customers
13976.0,208,4,1192.3600000000001,2,3,3,233,At Risk
13977.0,413,1,519.8100000000001,2,1,2,212,Lost Customers
13978.0,16,2,196.79,5,2,1,521,Potential Loyalists
13979.0,75,7,3416.23,3,4,5,345,Loyal Customers
13980.0,62,5,799.92,4,4,3,443,Loyal Customers
13981.0,417,1,331.14,1,1,2,112,Lost Customers
13982.0,41,9,4445.59,4,5,5,455,Loyal Customers
13983.0,1,21,7108.45,5,5,5,555,Champions
13984.0,28,12,2048.6,4,5,4,454,Loyal Customers
13985.0,1,21,9873.300000000001,5,5,5,555,Champions
13986.0,19,1,320.46,5,1,2,512,Lost Customers
13987.0,381,2,682.54,2,2,3,223,Lost Customers
13988.0,21,8,4757.8,5,4,5,545,Champions
13989.0,215,5,2026.06,2,4,4,244,Loyal Customers
13990.0,67,1,311.3,4,1,2,412,Lost Customers
13991.0,14,6,855.97,5,4,3,543,Champions
13992.0,91,3,219.5,3,3,1,331,Lost Customers
13993.0,32,19,6775.71,4,5,5,455,Loyal Customers
13994.0,41,5,2197.04,4,4,4,444,Loyal Customers
13995.0,17,14,3902.01,5,5,5,555,Champions
13996.0,388,2,895.76,2,2,3,223,Lost Customers
13997.0,490,3,382.31,1,3,2,132,At Risk
13998.0,371,3,566.7,2,3,2,232,At Risk
13999.0,12,29,9502.26,5,5,5,555,Champions
14000.0,6,5,2046.34,5,4,4,544,Champions
14001.0,47,9,4530.09,4,5,5,455,Loyal Customers
14002.0,136,2,529.73,3,2,2,322,Lost Customers
14003.0,882,1,209.41,1,1,1,111,Lost Customers
14004.0,45,11,6258.45,4,5,5,455,Loyal Customers
14005.0,11,5,2874.72,5,4,4,544,Champions
14006.0,7,7,2196.67,5,4,4,544,Champions
14007.0,514,1,79.48,1,1,1,111,Lost Customers
14008.0,641,1,509.04,1,1,2,112,Lost Customers
14009.0,200,3,1099.91,3,3,3,333,Lost Customers
14010.0,567,2,445.15,1,2,2,122,Lost Customers
14011.0,402,2,457.82,2,2,2,222,Lost Customers
14012.0,161,1,328.8,3,1,2,312,Lost Customers
14013.0,99,5,1084.57,3,4,3,343,Loyal Customers
14014.0,79,3,1948.21,3,3,4,334,Lost Customers
14015.0,54,1,917.34,4,1,3,413,Lost Customers
14016.0,209,11,11403.41,2,5,5,255,Loyal Customers
14017.0,573,1,229.75,1,1,1,111,Lost Customers
14018.0,617,1,367.15,1,1,2,112,Lost Customers
14019.0,48,3,1421.6100000000001,4,3,4,434,Potential Loyalists
14020.0,2,4,1249.01,5,3,4,534,Potential Loyalists
14021.0,6,7,1716.58,5,4,4,544,Champions
14022.0,227,2,792.15,2,2,3,223,Lost Customers
14023.0,282,2,584.07,2,2,2,222,Lost Customers
14024.0,64,3,645.74,4,3,3,433,Potential Loyalists
14025.0,371,8,4057.9,2,4,5,245,Loyal Customers
14026.0,472,2,713.11,1,2,3,123,Lost Customers
14027.0,62,1,104.82,4,1,1,411,Lost Customers
14028.0,523,3,10396.5,1,3,5,135,At Risk
14029.0,146,2,467.66,3,2,2,322,Lost Customers
14030.0,20,20,8262.29,5,5,5,555,Champions
14031.0,23,44,40999.17,5,5,5,555,Champions
14032.0,7,15,4667.15,5,5,5,555,Champions
14033.0,673,1,109.44,1,1,1,111,Lost Customers
14034.0,24,3,651.8199999999999,5,3,3,533,Potential Loyalists
14035.0,30,9,2856.72,4,5,4,454,Loyal Customers
14036.0,286,1,626.65,2,1,3,213,Lost Customers
14037.0,178,6,836.95,3,4,3,343,Loyal Customers
14038.0,80,5,3069.88,3,4,5,345,Loyal Customers
14039.0,183,2,267.28000000000003,3,2,1,321,Lost Customers
14040.0,10,35,12645.57,5,5,5,555,Champions
14041.0,268,1,141.41,2,1,1,211,Lost Customers
14042.0,727,1,431.98,1,1,2,112,Lost Customers
14043.0,581,2,304.25,1,2,2,122,Lost Customers
14044.0,28,10,3123.1,4,5,5,455,Loyal Customers
14045.0,111,16,11313.03,3,5,5,355,Loyal Customers
14046.0,286,1,154.99,2,1,1,211,Lost Customers
14047.0,75,14,4255.03,3,5,5,355,Loyal Customers
14048.0,162,3,748.69,3,3,3,333,Lost Customers
14049.0,18,13,13239.03,5,5,5,555,Champions
14050.0,108,2,746.36,3,2,3,323,Lost Customers
14051.0,19,36,21230.100000000002,5,5,5,555,Champions
14052.0,21,2,480.81,5,2,2,522,Potential Loyalists
14053.0,156,4,572.3,3,3,2,332,Lost Customers
14054.0,215,1,92.46000000000001,2,1,1,211,Lost Customers
14055.0,108,3,1520.96,3,3,4,334,Lost Customers
14056.0,17,22,7789.63,5,5,5,555,Champions
14057.0,25,22,8408.84,4,5,5,455,Loyal Customers
14058.0,532,2,469.19,1,2,2,122,Lost Customers
14059.0,268,1,183.6,2,1,1,211,Lost Customers
14060.0,24,29,9221.6,5,5,5,555,Champions
14061.0,508,3,917.4300000000001,1,3,3,133,At Risk
14062.0,11,24,25604.2,5,5,5,555,Champions
14063.0,440,9,22710.2,1,5,5,155,Loyal Customers
14064.0,6,15,3332.42,5,5,5,555,Champions
14065.0,391,3,891.02,2,3,3,233,At Risk
14066.0,268,1,152.55,2,1,1,211,Lost Customers
14067.0,154,2,374.7,3,2,2,322,Lost Customers
14068.0,322,4,1528.3700000000001,2,3,4,234,At Risk
14069.0,516,2,230.06,1,2,1,121,Lost Customers
14070.0,686,1,326.55,1,1,2,112,Lost Customers
14071.0,21,6,1284.24,5,4,4,544,Champions
14072.0,404,1,390.85,2,1,2,212,Lost Customers
14073.0,153,1,151.04,3,1,1,311,Lost Customers
14074.0,625,1,219.4,1,1,1,111,Lost Customers
14075.0,21,5,1418.09,5,4,4,544,Champions
14076.0,306,1,122.47,2,1,1,211,Lost Customers
14077.0,42,6,615.08,4,4,3,443,Loyal Customers
14078.0,67,9,1692.6299999999999,4,5,4,454,Loyal Customers
14079.0,156,2,618.73,3,2,3,323,Lost Customers
14080.0,153,5,1115.68,3,4,3,343,Loyal Customers
14081.0,70,10,5370.1,4,5,5,455,Loyal Customers
14082.0,365,2,413.36,2,2,2,222,Lost Customers
14083.0,38,10,960.69,4,5,3,453,Loyal Customers
14084.0,514,1,150.5,1,1,1,111,Lost Customers
14085.0,11,32,9874.27,5,5,5,555,Champions
14086.0,642,1,39.95,1,1,1,111,Lost Customers
14087.0,406,2,651.8,2,2,3,223,Lost Customers
14088.0,12,16,64036.8,5,5,5,555,Champions
14089.0,58,1,161.0,4,1,1,411,Lost Customers
14090.0,326,1,76.32000000000001,2,1,1,211,Lost Customers
14091.0,436,2,9530.08,1,2,5,125,Lost Customers
14092.0,25,24,7229.45,4,5,5,455,Loyal Customers
14093.0,14,1,442.85,5,1,2,512,Lost Customers
14094.0,441,1,335.22,1,1,2,112,Lost Customers
14095.0,724,1,2.95,1,1,1,111,Lost Customers
14096.0,13,16,56228.81,5,5,5,555,Champions
14097.0,483,2,422.86,1,2,2,122,Lost Customers
14098.0,275,1,147.35,2,1,1,211,Lost Customers
14099.0,18,20,5765.71,5,5,5,555,Champions
14100.0,139,1,194.9,3,1,1,311,Lost Customers
14101.0,75,13,9961.93,3,5,5,355,Loyal Customers
14102.0,13,4,1241.78,5,3,4,534,Potential Loyalists
14104.0,126,5,771.58,3,4,3,343,Loyal Customers
14105.0,240,5,5988.83,2,4,5,245,Loyal Customers
14106.0,1032,1,214.8,1,1,1,111,Lost Customers
14107.0,53,11,4877.3,4,5,5,455,Loyal Customers
14108.0,91,4,1044.96,3,3,3,333,Lost Customers
14109.0,74,1,144.2,3,1,1,311,Lost Customers
14110.0,2,32,12662.51,5,5,5,555,Champions
14111.0,7,4,692.85,5,3,3,533,Potential Loyalists
14112.0,24,13,5834.59,5,5,5,555,Champions
14113.0,24,15,6620.71,5,5,5,555,Champions
14114.0,38,7,1364.09,4,4,4,444,Loyal Customers
14115.0,404,2,622.67,2,2,3,223,Lost Customers
14116.0,21,5,1382.74,5,4,4,544,Champions
14117.0,145,1,90.0,3,1,1,311,Lost Customers
14118.0,519,1,458.45,1,1,2,112,Lost Customers
14119.0,377,2,183.37,2,2,1,221,Lost Customers
14121.0,12,3,2008.99,5,3,4,534,Potential Loyalists
14122.0,408,3,362.42,2,3,2,232,At Risk
14123.0,912,1,436.18,1,1,2,112,Lost Customers
14124.0,86,1,419.58,3,1,2,312,Lost Customers
14125.0,12,3,2740.43,5,3,4,534,Potential Loyalists
14126.0,12,4,1172.46,5,3,3,533,Potential Loyalists
14127.0,94,6,1900.0800000000002,3,4,4,344,Loyal Customers
14128.0,62,3,924.21,4,3,3,433,Potential Loyalists
14129.0,19,8,2438.76,5,4,4,544,Champions
14130.0,321,4,1882.67,2,3,4,234,At Risk
14131.0,707,1,187.87,1,1,1,111,Lost Customers
14132.0,4,10,3270.9,5,5,5,555,Champions
14133.0,306,4,911.14,2,3,3,233,At Risk
14134.0,384,15,11123.35,2,5,5,255,Loyal Customers
14135.0,40,23,9504.02,4,5,5,455,Loyal Customers
14136.0,587,5,1570.81,1,4,4,144,Loyal Customers
14137.0,697,1,332.7,1,1,2,112,Lost Customers
14138.0,154,1,638.21,3,1,3,313,Lost Customers
14139.0,48,4,1086.8,4,3,3,433,Potential Loyalists
14140.0,122,1,540.99,3,1,2,312,Lost Customers
14141.0,31,3,688.7800000000001,4,3,3,433,Potential Loyalists
14142.0,648,2,983.15,1,2,3,123,Lost Customers
14143.0,135,1,115.8,3,1,1,311,Lost Customers
14144.0,429,1,30.6,1,1,1,111,Lost Customers
14145.0,48,7,7600.05,4,4,5,445,Loyal Customers
14146.0,83,12,9450.3,3,5,5,355,Loyal Customers
14147.0,79,9,2590.2,3,5,4,354,Loyal Customers
14148.0,235,2,466.29,2,2,2,222,Lost Customers
14149.0,281,1,446.62,2,1,2,212,Lost Customers
14150.0,244,2,658.64,2,2,3,223,Lost Customers
14151.0,618,2,679.45,1,2,3,123,Lost Customers
14152.0,77,7,1997.3400000000001,3,4,4,344,Loyal Customers
14153.0,485,1,233.39999999999998,1,1,1,111,Lost Customers
14154.0,241,8,6460.7,2,4,5,245,Loyal Customers
14155.0,268,1,118.75,2,1,1,211,Lost Customers
14156.0,1,156,313946.37,5,5,5,555,Champions
14157.0,21,5,1002.7800000000001,5,4,3,543,Champions
14158.0,42,1,507.65999999999997,4,1,2,412,Lost Customers
14159.0,21,20,7938.01,5,5,5,555,Champions
14160.0,436,7,8421.47,1,4,5,145,Loyal Customers
14161.0,128,7,3318.88,3,4,5,345,Loyal Customers
14162.0,175,2,289.36,3,2,2,322,Lost Customers
14163.0,65,5,2594.62,4,4,4,444,Loyal Customers
14164.0,72,2,1631.77,4,2,4,424,Potential Loyalists
14165.0,99,1,122.53999999999999,3,1,1,311,Lost Customers
14166.0,506,2,256.85,1,2,1,121,Lost Customers
14167.0,10,8,1296.49,5,4,4,544,Champions
14168.0,422,2,370.45,1,2,2,122,Lost Customers
14169.0,446,2,624.4300000000001,1,2,3,123,Lost Customers
14170.0,377,3,597.33,2,3,2,232,At Risk
14171.0,305,2,498.79,2,2,2,222,Lost Customers
14172.0,403,3,402.72,2,3,2,232,At Risk
14173.0,12,6,586.0,5,4,2,542,Champions
14174.0,183,1,134.46,3,1,1,311,Lost Customers
14175.0,31,8,7678.88,4,4,5,445,Loyal Customers
14176.0,299,5,916.01,2,4,3,243,Loyal Customers
14177.0,88,13,2229.34,3,5,4,354,Loyal Customers
14178.0,30,7,1620.93,4,4,4,444,Loyal Customers
14179.0,42,2,719.78,4,2,3,423,Potential Loyalists
14180.0,12,33,6319.25,5,5,5,555,Champions
14181.0,412,2,310.55,2,2,2,222,Lost Customers
14182.0,445,4,678.77,1,3,3,133,At Risk
14183.0,413,2,286.29,2,2,1,221,Lost Customers
14184.0,245,1,452.89,2,1,2,212,Lost Customers
14185.0,10,1,197.65,5,1,1,511,Lost Customers
14186.0,488,5,1550.63,1,4,4,144,Loyal Customers
14187.0,475,1,123.5,1,1,1,111,Lost Customers
14188.0,73,6,2054.36,4,4,4,444,Loyal Customers
14189.0,18,15,5512.83,5,5,5,555,Champions
14190.0,404,1,79.9,2,1,1,211,Lost Customers
14191.0,11,14,4391.54,5,5,5,555,Champions
14192.0,389,1,293.74,2,1,2,212,Lost Customers
14193.0,271,3,1210.19,2,3,3,233,At Risk
14194.0,20,35,18186.49,5,5,5,555,Champions
14195.0,203,6,2615.6,3,4,4,344,Loyal Customers
14196.0,108,1,335.52,3,1,2,312,Lost Customers
14197.0,412,1,390.05,2,1,2,212,Lost Customers
14198.0,20,9,1569.73,5,5,4,554,Champions
14199.0,220,4,1091.7,2,3,3,233,At Risk
14200.0,706,1,379.2,1,1,2,112,Lost Customers
14201.0,62,10,1193.54,4,5,3,453,Loyal Customers
14202.0,383,3,847.76,2,3,3,233,At Risk
14203.0,518,1,339.34,1,1,2,112,Lost Customers
14204.0,424,3,901.9300000000001,1,3,3,133,At Risk
14205.0,18,9,2414.2,5,5,4,554,Champions
14206.0,241,3,1185.01,2,3,3,233,At Risk
14207.0,689,1,157.8,1,1,1,111,Lost Customers
14208.0,185,2,567.05,3,2,2,322,Lost Customers
14209.0,12,15,4993.27,5,5,5,555,Champions
14210.0,107,16,5861.52,3,5,5,355,Loyal Customers
14211.0,55,18,4402.29,4,5,5,455,Loyal Customers
14212.0,32,2,2190.14,4,2,4,424,Potential Loyalists
14213.0,406,1,1192.2,2,1,3,213,Lost Customers
14214.0,52,5,1004.38,4,4,3,443,Loyal Customers
14215.0,13,9,3416.33,5,5,5,555,Champions
14216.0,18,4,2011.79,5,3,4,534,Potential Loyalists
14217.0,13,22,3322.41,5,5,5,555,Champions
14218.0,44,1,169.48000000000002,4,1,1,411,Lost Customers
14219.0,411,2,543.89,2,2,2,222,Lost Customers
14220.0,190,4,1515.0,3,3,4,334,Lost Customers
14221.0,44,17,6517.49,4,5,5,455,Loyal Customers
14222.0,179,1,683.17,3,1,3,313,Lost Customers
14223.0,124,3,991.13,3,3,3,333,Lost Customers
14224.0,112,9,1897.9,3,5,4,354,Loyal Customers
14225.0,375,4,2037.02,2,3,4,234,At Risk
14226.0,30,6,3002.53,4,4,5,445,Loyal Customers
14227.0,28,15,6368.71,4,5,5,455,Loyal Customers
14228.0,400,3,745.5,2,3,3,233,At Risk
14229.0,53,7,2594.04,4,4,4,444,Loyal Customers
14230.0,437,3,979.8000000000001,1,3,3,133,At Risk
14231.0,96,4,1235.6200000000001,3,3,4,334,Lost Customers
14232.0,44,5,2048.07,4,4,4,444,Loyal Customers
14233.0,6,7,2904.27,5,4,4,544,Champions
14234.0,23,4,775.46,5,3,3,533,Potential Loyalists
14235.0,77,9,4717.99,3,5,5,355,Loyal Customers
14236.0,82,5,1744.64,3,4,4,344,Loyal Customers
14237.0,592,2,632.14,1,2,3,123,Lost Customers
14238.0,328,3,434.23,2,3,2,232,At Risk
14239.0,45,21,4263.17,4,5,5,455,Loyal Customers
14240.0,91,3,1247.49,3,3,4,334,Lost Customers
14241.0,96,2,333.7,3,2,2,322,Lost Customers
14242.0,236,2,280.55,2,2,1,221,Lost Customers
14243.0,129,17,7431.05,3,5,5,355,Loyal Customers
14244.0,662,1,366.41999999999996,1,1,2,112,Lost Customers
14245.0,250,2,1693.45,2,2,4,224,Lost Customers
14246.0,112,3,1474.06,3,3,4,334,Lost Customers
14247.0,191,5,772.66,3,4,3,343,Loyal Customers
14248.0,320,3,1032.95,2,3,3,233,At Risk
14249.0,412,12,5625.461,2,5,5,255,Loyal Customers
14250.0,32,3,1904.05,4,3,4,434,Potential Loyalists
14251.0,12,4,2397.42,5,3,4,534,Potential Loyalists
14252.0,383,1,350.99,2,1,2,212,Lost Customers
14253.0,625,2,363.40000000000003,1,2,2,122,Lost Customers
14254.0,641,1,601.03,1,1,2,112,Lost Customers
14255.0,400,1,1000.63,2,1,3,213,Lost Customers
14256.0,262,5,2473.9900000000002,2,4,4,244,Loyal Customers
14257.0,125,9,5954.45,3,5,5,355,Loyal Customers
14258.0,11,25,32051.34,5,5,5,555,Champions
14259.0,143,1,120.0,3,1,1,311,Lost Customers
14260.0,461,3,824.28,1,3,3,133,At Risk
14261.0,52,2,1163.45,4,2,3,423,Potential Loyalists
14262.0,19,8,2618.23,5,4,4,544,Champions
14263.0,366,1,322.93,2,1,2,212,Lost Customers
14264.0,126,6,1517.3600000000001,3,4,4,344,Loyal Customers
14265.0,111,4,1373.35,3,3,4,334,Lost Customers
14266.0,519,1,40.56,1,1,1,111,Lost Customers
14267.0,164,3,1516.24,3,3,4,334,Lost Customers
14268.0,472,1,354.85,1,1,2,112,Lost Customers
14269.0,441,1,295.73,1,1,2,112,Lost Customers
14270.0,10,1,492.65000000000003,5,1,2,512,Lost Customers
14271.0,227,2,219.13,2,2,1,221,Lost Customers
14272.0,75,4,920.81,3,3,3,333,Lost Customers
14273.0,37,4,559.97,4,3,2,432,Potential Loyalists
14274.0,688,1,256.6,1,1,1,111,Lost Customers
14275.0,402,6,1189.3799999999999,2,4,3,243,Loyal Customers
14276.0,5,7,2102.68,5,4,4,544,Champions
14277.0,17,9,17225.81,5,5,5,555,Champions
14278.0,411,1,205.83,2,1,1,211,Lost Customers
14279.0,522,2,191.86,1,2,1,121,Lost Customers
14280.0,198,1,134.04,3,1,1,311,Lost Customers
14281.0,410,1,245.15,2,1,1,211,Lost Customers
14282.0,21,24,7762.36,5,5,5,555,Champions
14283.0,479,4,628.44,1,3,3,133,At Risk
14284.0,88,3,1299.65,3,3,4,334,Lost Customers
14285.0,23,8,3284.42,5,4,5,545,Champions
14286.0,25,7,8479.76,4,4,5,445,Loyal Customers
14287.0,200,3,176.63,3,3,1,331,Lost Customers
14288.0,67,1,426.6,4,1,2,412,Lost Customers
14289.0,7,6,911.26,5,4,3,543,Champions
14290.0,13,8,4516.56,5,4,5,545,Champions
14291.0,33,21,7346.41,4,5,5,455,Loyal Customers
14292.0,2,16,9226.25,5,5,5,555,Champions
14293.0,149,8,2960.78,3,4,5,345,Loyal Customers
14294.0,409,1,375.34000000000003,2,1,2,212,Lost Customers
14295.0,42,5,2362.91,4,4,4,444,Loyal Customers
14296.0,423,2,456.4,1,2,2,122,Lost Customers
14297.0,19,4,1305.33,5,3,4,534,Potential Loyalists
14298.0,54,82,91194.49,4,5,5,455,Loyal Customers
14299.0,1,27,14499.49,5,5,5,555,Champions
14300.0,20,1,43.2,5,1,1,511,Lost Customers
14301.0,119,4,1992.18,3,3,4,334,Lost Customers
14302.0,580,3,742.9000000000001,1,3,3,133,At Risk
14303.0,409,2,277.94,2,2,1,221,Lost Customers
14304.0,340,3,1725.01,2,3,4,234,At Risk
14305.0,73,3,1858.96,4,3,4,434,Potential Loyalists
14306.0,53,6,3151.4,4,4,5,445,Loyal Customers
14307.0,2,10,5071.03,5,5,5,555,Champions
14308.0,492,2,1147.02,1,2,3,123,Lost Customers
14309.0,30,11,3780.81,4,5,5,455,Loyal Customers
14310.0,641,1,492.1,1,1,2,112,Lost Customers
14311.0,37,2,516.45,4,2,2,422,Potential Loyalists
14312.0,38,11,3090.29,4,5,5,455,Loyal Customers
14314.0,108,2,229.79999999999998,3,2,1,321,Lost Customers
14315.0,46,8,3197.82,4,4,5,445,Loyal Customers
14316.0,424,5,1370.34,1,4,4,144,Loyal Customers
14317.0,184,1,508.58,3,1,2,312,Lost Customers
14318.0,581,1,158.02,1,1,1,111,Lost Customers
14319.0,396,1,494.85,2,1,2,212,Lost Customers
14320.0,40,5,1346.75,4,4,4,444,Loyal Customers
14321.0,12,7,2218.06,5,4,4,544,Champions
14322.0,373,4,474.1,2,3,2,232,At Risk
14323.0,116,2,605.0600000000001,3,2,2,322,Lost Customers
14324.0,411,2,701.61,2,2,3,223,Lost Customers
14325.0,571,1,245.48000000000002,1,1,1,111,Lost Customers
14326.0,37,3,940.98,4,3,3,433,Potential Loyalists
14327.0,165,6,1894.93,3,4,4,344,Loyal Customers
14328.0,440,1,445.05,1,1,2,112,Lost Customers
14329.0,19,15,9927.22,5,5,5,555,Champions
14330.0,625,1,200.63,1,1,1,111,Lost Customers
14331.0,137,2,462.66,3,2,2,322,Lost Customers
14332.0,24,5,1943.51,5,4,4,544,Champions
14333.0,276,1,415.2,2,1,2,212,Lost Customers
14334.0,18,12,4318.4800000000005,5,5,5,555,Champions
14335.0,18,2,468.26,5,2,2,522,Potential Loyalists
14336.0,18,4,1614.91,5,3,4,534,Potential Loyalists
14338.0,198,3,928.1,3,3,3,333,Lost Customers
14339.0,37,2,620.27,4,2,3,423,Potential Loyalists
14340.0,220,1,134.7,2,1,1,211,Lost Customers
14341.0,47,18,4467.32,4,5,5,455,Loyal Customers
14342.0,23,6,918.44,5,4,3,543,Champions
14343.0,423,4,1088.91,1,3,3,133,At Risk
14344.0,99,20,3333.7000000000003,3,5,5,355,Loyal Customers
14345.0,334,1,108.98,2,1,1,211,Lost Customers
14346.0,33,5,2315.75,4,4,4,444,Loyal Customers
14347.0,1004,1,82.60000000000001,1,1,1,111,Lost Customers
14348.0,262,1,409.57,2,1,2,212,Lost Customers
14349.0,12,1,133.5,5,1,1,511,Lost Customers
14350.0,69,3,972.03,4,3,3,433,Potential Loyalists
14351.0,166,1,51.0,3,1,1,311,Lost Customers
14352.0,38,4,1078.96,4,3,3,433,Potential Loyalists
14353.0,128,3,376.5,3,3,2,332,Lost Customers
14354.0,91,2,163.62,3,2,1,321,Lost Customers
14355.0,451,3,1014.45,1,3,3,133,At Risk
14356.0,81,2,701.23,3,2,3,323,Lost Customers
14357.0,45,1,225.77,4,1,1,411,Lost Customers
14358.0,391,2,400.06,2,2,2,222,Lost Customers
14359.0,21,3,912.1800000000001,5,3,3,533,Potential Loyalists
14360.0,122,4,2128.23,3,3,4,334,Lost Customers
14361.0,432,1,214.71,1,1,1,111,Lost Customers
14362.0,24,1,161.2,5,1,1,511,Lost Customers
14363.0,453,2,227.47000000000003,1,2,1,121,Lost Customers
14364.0,6,8,3717.35,5,4,5,545,Champions
14365.0,426,2,634.68,1,2,3,123,Lost Customers
14366.0,671,1,136.0,1,1,1,111,Lost Customers
14367.0,23,16,9261.52,5,5,5,555,Champions
14368.0,321,1,155.0,2,1,1,211,Lost Customers
14369.0,526,2,469.13,1,2,2,122,Lost Customers
14370.0,452,6,1175.78,1,4,3,143,Loyal Customers
14371.0,297,1,100.5,2,1,1,211,Lost Customers
14372.0,445,2,860.08,1,2,3,123,Lost Customers
14373.0,360,1,76.55,2,1,1,211,Lost Customers
14374.0,543,1,108.0,1,1,1,111,Lost Customers
14375.0,158,3,1132.99,3,3,3,333,Lost Customers
14376.0,685,1,215.46,1,1,1,111,Lost Customers
14377.0,264,2,617.05,2,2,3,223,Lost Customers
14378.0,623,1,131.25,1,1,1,111,Lost Customers
14379.0,46,4,1268.91,4,3,4,434,Potential Loyalists
14380.0,684,1,48.96,1,1,1,111,Lost Customers
14381.0,54,2,631.34,4,2,3,423,Potential Loyalists
14382.0,28,2,1246.8,4,2,4,424,Potential Loyalists
14383.0,165,3,1247.69,3,3,4,334,Lost Customers
14384.0,502,1,58.5,1,1,1,111,Lost Customers
14385.0,11,3,202.10999999999999,5,3,1,531,Potential Loyalists
14386.0,298,1,142.4,2,1,1,211,Lost Customers
14387.0,76,3,1770.56,3,3,4,334,Lost Customers
14388.0,12,16,6701.0,5,5,5,555,Champions
14389.0,215,5,1898.01,2,4,4,244,Loyal Customers
14390.0,6,13,6399.83,5,5,5,555,Champions
14391.0,371,1,135.6,2,1,1,211,Lost Customers
14392.0,641,1,266.4,1,1,1,111,Lost Customers
14393.0,219,1,67.95,2,1,1,211,Lost Customers
14394.0,566,1,93.8,1,1,1,111,Lost Customers
14395.0,61,19,7649.02,4,5,5,455,Loyal Customers
14396.0,215,7,2121.93,2,4,4,244,Loyal Customers
14397.0,5,18,2391.52,5,5,4,554,Champions
14398.0,529,2,707.79,1,2,3,123,Lost Customers
14399.0,424,8,2113.16,1,4,4,144,Loyal Customers
14400.0,151,3,1732.47,3,3,4,334,Lost Customers
14401.0,66,21,6442.12,4,5,5,455,Loyal Customers
14402.0,654,1,285.6,1,1,1,111,Lost Customers
14403.0,143,6,1880.51,3,4,4,344,Loyal Customers
14404.0,110,13,2899.11,3,5,4,354,Loyal Customers
14405.0,388,1,195.0,2,1,1,211,Lost Customers
14406.0,3,1,156.75,5,1,1,511,Lost Customers
14407.0,109,6,2157.73,3,4,4,344,Loyal Customers
14408.0,12,11,4109.77,5,5,5,555,Champions
14409.0,72,9,3756.09,4,5,5,455,Loyal Customers
14410.0,124,11,2651.14,3,5,4,354,Loyal Customers
14411.0,312,1,1063.0,2,1,3,213,Lost Customers
14412.0,44,3,1426.19,4,3,4,434,Potential Loyalists
14413.0,364,4,770.37,2,3,3,233,At Risk
14414.0,93,8,2399.33,3,4,4,344,Loyal Customers
14415.0,21,22,10995.65,5,5,5,555,Champions
14416.0,24,2,490.22,5,2,2,522,Potential Loyalists
14417.0,389,1,604.2,2,1,2,212,Lost Customers
14418.0,27,2,1039.9,4,2,3,423,Potential Loyalists
14419.0,12,7,1260.91,5,4,4,544,Champions
14420.0,335,4,1639.17,2,3,4,234,At Risk
14421.0,6,6,2469.37,5,4,4,544,Champions
14422.0,19,18,9889.51,5,5,5,555,Champions
14423.0,220,3,916.61,2,3,3,233,At Risk
14424.0,19,1,322.08,5,1,2,512,Lost Customers
14425.0,700,3,661.39,1,3,3,133,At Risk
14426.0,25,17,11727.94,4,5,5,455,Loyal Customers
14427.0,52,4,1263.52,4,3,4,434,Potential Loyalists
14428.0,81,5,1244.83,3,4,4,344,Loyal Customers
14429.0,699,1,516.28,1,1,2,112,Lost Customers
14430.0,402,3,1220.9,2,3,3,233,At Risk
14431.0,70,4,2614.2,4,3,4,434,Potential Loyalists
14432.0,11,6,2255.51,5,4,4,544,Champions
14433.0,467,1,289.6,1,1,2,112,Lost Customers
14434.0,23,6,1372.8,5,4,4,544,Champions
14435.0,503,1,90.42,1,1,1,111,Lost Customers
14436.0,305,2,271.7,2,2,1,221,Lost Customers
14437.0,368,5,958.84,2,4,3,243,Loyal Customers
14438.0,192,1,131.9,3,1,1,311,Lost Customers
14439.0,321,5,9443.04,2,4,5,245,Loyal Customers
14440.0,44,13,6638.7300000000005,4,5,5,455,Loyal Customers
14441.0,45,10,4305.99,4,5,5,455,Loyal Customers
14442.0,206,7,5367.02,2,4,5,245,Loyal Customers
14443.0,55,5,2386.4700000000003,4,4,4,444,Loyal Customers
14444.0,457,1,132.04,1,1,1,111,Lost Customers
14445.0,428,1,221.65,1,1,1,111,Lost Customers
14446.0,30,4,1044.22,4,3,3,433,Potential Loyalists
14447.0,20,6,1711.73,5,4,4,544,Champions
14448.0,11,2,375.35,5,2,2,522,Potential Loyalists
14449.0,20,8,2482.8,5,4,4,544,Champions
14450.0,5,7,1128.44,5,4,3,543,Champions
14451.0,62,12,3308.77,4,5,5,455,Loyal Customers
14452.0,12,4,665.59,5,3,3,533,Potential Loyalists
14453.0,308,1,119.93,2,1,1,211,Lost Customers
14454.0,378,5,977.3000000000001,2,4,3,243,Loyal Customers
14455.0,458,4,628.21,1,3,3,133,At Risk
14456.0,24,8,2679.44,5,4,4,544,Champions
14457.0,312,1,113.64,2,1,1,211,Lost Customers
14458.0,382,1,237.42,2,1,1,211,Lost Customers
14459.0,157,2,5375.741,3,2,5,325,Lost Customers
14460.0,112,9,1093.5,3,5,3,353,Loyal Customers
14461.0,150,13,6713.5,3,5,5,355,Loyal Customers
14462.0,33,12,2270.01,4,5,4,454,Loyal Customers
14463.0,172,4,786.5699999999999,3,3,3,333,Lost Customers
14464.0,569,2,111.0,1,2,1,121,Lost Customers
14465.0,70,11,3946.03,4,5,5,455,Loyal Customers
14466.0,61,13,4646.9,4,5,5,455,Loyal Customers
14467.0,19,12,2220.9900000000002,5,5,4,554,Champions
14468.0,912,1,204.24,1,1,1,111,Lost Customers
14469.0,418,4,2112.21,1,3,4,134,At Risk
14470.0,13,3,712.04,5,3,3,533,Potential Loyalists
14471.0,593,2,400.95,1,2,2,122,Lost Customers
14472.0,65,9,2228.22,4,5,4,454,Loyal Customers
14473.0,76,2,234.34,3,2,1,321,Lost Customers
14474.0,48,2,1278.08,4,2,4,424,Potential Loyalists
14475.0,73,4,1151.15,4,3,3,433,Potential Loyalists
14476.0,259,1,215.7,2,1,1,211,Lost Customers
14477.0,21,7,1969.6,5,4,4,544,Champions
14478.0,384,4,1276.66,2,3,4,234,At Risk
14479.0,255,4,1299.11,2,3,4,234,At Risk
14480.0,13,4,1299.52,5,3,4,534,Potential Loyalists
14481.0,166,5,2311.4900000000002,3,4,4,344,Loyal Customers
14482.0,20,12,4357.91,5,5,5,555,Champions
14483.0,283,2,257.1,2,2,1,221,Lost Customers
14484.0,52,4,1070.98,4,3,3,433,Potential Loyalists
14485.0,334,1,165.75,2,1,1,211,Lost Customers
14486.0,513,2,175.5,1,2,1,121,Lost Customers
14487.0,28,7,1453.61,4,4,4,444,Loyal Customers
14488.0,276,1,1064.28,2,1,3,213,Lost Customers
14489.0,209,4,1574.93,2,3,4,234,At Risk
14490.0,408,2,1273.47,2,2,4,224,Lost Customers
14491.0,177,2,468.13,3,2,2,322,Lost Customers
14492.0,458,7,1921.91,1,4,4,144,Loyal Customers
14493.0,18,10,5130.15,5,5,5,555,Champions
14494.0,27,3,401.46,4,3,2,432,Potential Loyalists
14495.0,52,3,174.8,4,3,1,431,Potential Loyalists
14496.0,343,7,2668.23,2,4,4,244,Loyal Customers
14497.0,284,2,697.0600000000001,2,2,3,223,Lost Customers
14498.0,44,10,3911.27,4,5,5,455,Loyal Customers
14499.0,28,7,2138.9700000000003,4,4,4,444,Loyal Customers
14500.0,2,3,356.85,5,3,2,532,Potential Loyalists
14501.0,96,2,251.21,3,2,1,321,Lost Customers
14502.0,21,11,2470.67,5,5,4,554,Champions
14503.0,12,5,3205.51,5,4,5,545,Champions
14504.0,49,4,673.26,4,3,3,433,Potential Loyalists
14505.0,19,19,12001.84,5,5,5,555,Champions
14506.0,19,7,3290.67,5,4,5,545,Champions
14507.0,25,11,3284.4300000000003,4,5,5,455,Loyal Customers
14508.0,23,5,874.9399999999999,5,4,3,543,Champions
14509.0,536,1,110.95,1,1,1,111,Lost Customers
14510.0,377,3,1007.28,2,3,3,233,At Risk
14511.0,13,5,1314.81,5,4,4,544,Champions
14512.0,219,7,1223.47,2,4,3,243,Loyal Customers
14513.0,102,6,788.01,3,4,3,343,Loyal Customers
14514.0,10,9,4598.9800000000005,5,5,5,555,Champions
14515.0,19,12,3749.26,5,5,5,555,Champions
14516.0,399,1,163.92,2,1,1,211,Lost Customers
14517.0,143,2,330.45,3,2,2,322,Lost Customers
14518.0,184,1,174.37,3,1,1,311,Lost Customers
14519.0,685,2,206.09,1,2,1,121,Lost Customers
14520.0,292,1,165.0,2,1,1,211,Lost Customers
14521.0,582,1,199.45000000000002,1,1,1,111,Lost Customers
14522.0,26,8,1758.62,4,4,4,444,Loyal Customers
14523.0,110,1,241.09,3,1,1,311,Lost Customers
14524.0,73,13,2933.71,4,5,5,455,Loyal Customers
14525.0,21,17,8240.64,5,5,5,555,Champions
14526.0,391,1,262.4,2,1,1,211,Lost Customers
14527.0,2,121,27430.96,5,5,5,555,Champions
14528.0,303,1,364.21999999999997,2,1,2,212,Lost Customers
14529.0,62,3,620.04,4,3,3,433,Potential Loyalists
14530.0,27,16,6197.4,4,5,5,455,Loyal Customers
14531.0,481,1,376.34,1,1,2,112,Lost Customers
14532.0,238,11,3859.1800000000003,2,5,5,255,Loyal Customers
14533.0,26,11,3466.37,4,5,5,455,Loyal Customers
14534.0,3,25,6140.29,5,5,5,555,Champions
14535.0,62,9,6030.7300000000005,4,5,5,455,Loyal Customers
14536.0,261,1,171.8,2,1,1,211,Lost Customers
14537.0,59,2,641.4,4,2,3,423,Potential Loyalists
14538.0,184,5,1370.8400000000001,3,4,4,344,Loyal Customers
14539.0,17,2,537.48,5,2,2,522,Potential Loyalists
14540.0,11,11,3795.34,5,5,5,555,Champions
14541.0,1,14,2499.68,5,5,4,554,Champions
14542.0,158,1,103.25,3,1,1,311,Lost Customers
14543.0,30,39,14906.77,4,5,5,455,Loyal Customers
14544.0,26,3,2982.43,4,3,5,435,Potential Loyalists
14545.0,649,1,349.25,1,1,2,112,Lost Customers
14546.0,42,11,5197.9,4,5,5,455,Loyal Customers
14547.0,14,6,3528.04,5,4,5,545,Champions
14548.0,4,9,2627.49,5,5,4,554,Champions
14549.0,343,4,916.5500000000001,2,3,3,233,At Risk
14550.0,12,4,1353.31,5,3,4,534,Potential Loyalists
14551.0,20,7,880.04,5,4,3,543,Champions
14552.0,34,3,511.28000000000003,4,3,2,432,Potential Loyalists
14553.0,21,9,1841.54,5,5,4,554,Champions
14554.0,12,4,2381.04,5,3,4,534,Potential Loyalists
14555.0,59,6,2315.63,4,4,4,444,Loyal Customers
14556.0,598,3,835.34,1,3,3,133,At Risk
14557.0,87,1,788.38,3,1,3,313,Lost Customers
14558.0,656,3,655.5,1,3,3,133,At Risk
14559.0,392,1,75.6,2,1,1,211,Lost Customers
14560.0,18,44,6114.03,5,5,5,555,Champions
14561.0,77,3,1080.76,3,3,3,333,Lost Customers
14562.0,13,24,6406.08,5,5,5,555,Champions
14563.0,511,2,679.44,1,2,3,123,Lost Customers
14564.0,700,2,2605.62,1,2,4,124,Lost Customers
14565.0,115,5,3859.2200000000003,3,4,5,345,Loyal Customers
14566.0,112,4,4092.0,3,3,5,335,Lost Customers
14567.0,58,2,1530.3600000000001,4,2,4,424,Potential Loyalists
14568.0,437,1,919.7,1,1,3,113,Lost Customers
14569.0,454,3,371.59000000000003,1,3,2,132,At Risk
14570.0,252,3,613.75,2,3,3,233,At Risk
14571.0,427,1,161.65,1,1,1,111,Lost Customers
14572.0,42,10,5480.13,4,5,5,455,Loyal Customers
14573.0,36,13,2621.42,4,5,4,454,Loyal Customers
14574.0,882,1,143.70000000000002,1,1,1,111,Lost Customers
14575.0,490,1,460.71,1,1,2,112,Lost Customers
14576.0,666,1,70.80000000000001,1,1,1,111,Lost Customers
14577.0,14,7,1374.25,5,4,4,544,Champions
14579.0,641,1,105.56,1,1,1,111,Lost Customers
14580.0,460,1,14.85,1,1,1,111,Lost Customers
14581.0,18,2,433.8,5,2,2,522,Potential Loyalists
14582.0,42,1,114.11,4,1,1,411,Lost Customers
14583.0,146,8,1781.03,3,4,4,344,Loyal Customers
14584.0,95,8,1747.91,3,4,4,344,Loyal Customers
14585.0,52,5,1143.27,4,4,3,443,Loyal Customers
14586.0,130,1,237.35999999999999,3,1,1,311,Lost Customers
14587.0,10,9,1601.14,5,5,4,554,Champions
14588.0,432,1,135.39,1,1,1,111,Lost Customers
14589.0,639,1,79.5,1,1,1,111,Lost Customers
14590.0,396,20,3006.62,2,5,5,255,Loyal Customers
14591.0,17,4,1447.14,5,3,4,534,Potential Loyalists
14592.0,58,3,570.46,4,3,2,432,Potential Loyalists
14593.0,23,12,3712.0099999999998,5,5,5,555,Champions
14594.0,302,2,634.83,2,2,3,223,Lost Customers
14595.0,21,8,2164.45,5,4,4,544,Champions
14596.0,628,1,229.47,1,1,1,111,Lost Customers
14597.0,13,6,2201.54,5,4,4,544,Champions
14598.0,46,2,384.03999999999996,4,2,2,422,Potential Loyalists
14599.0,392,2,474.54,2,2,2,222,Lost Customers
14600.0,162,2,865.17,3,2,3,323,Lost Customers
14601.0,12,1,213.96,5,1,1,511,Lost Customers
14602.0,658,1,205.35999999999999,1,1,1,111,Lost Customers
14603.0,69,1,660.0,4,1,3,413,Lost Customers
14604.0,635,1,143.85999999999999,1,1,1,111,Lost Customers
14605.0,376,4,937.16,2,3,3,233,At Risk
14606.0,6,190,30505.35,5,5,5,555,Champions
14607.0,17,22,24137.63,5,5,5,555,Champions
14608.0,60,10,2845.39,4,5,4,454,Loyal Customers
14609.0,74,10,1486.2,3,5,4,354,Loyal Customers
14610.0,456,2,24.35,1,2,1,121,Lost Customers
14611.0,445,2,604.33,1,2,2,122,Lost Customers
14612.0,417,1,877.7,1,1,3,113,Lost Customers
14613.0,682,1,76.32000000000001,1,1,1,111,Lost Customers
14614.0,388,1,295.13,2,1,2,212,Lost Customers
14615.0,426,5,951.76,1,4,3,143,Loyal Customers
14616.0,37,5,527.78,4,4,2,442,Loyal Customers
14617.0,417,2,190.47,1,2,1,121,Lost Customers
14618.0,11,7,1342.32,5,4,4,544,Champions
14619.0,129,2,1291.24,3,2,4,324,Lost Customers
14620.0,207,2,412.78000000000003,2,2,2,222,Lost Customers
14621.0,91,8,2697.71,3,4,4,344,Loyal Customers
14622.0,127,1,320.58000000000004,3,1,2,312,Lost Customers
14623.0,45,10,2059.58,4,5,4,454,Loyal Customers
14624.0,31,6,814.07,4,4,3,443,Loyal Customers
14625.0,198,11,4497.88,3,5,5,355,Loyal Customers
14626.0,25,11,5410.92,4,5,5,455,Loyal Customers
14627.0,381,1,462.75,2,1,2,212,Lost Customers
14628.0,37,5,1998.0,4,4,4,444,Loyal Customers
14629.0,49,1,604.83,4,1,2,412,Lost Customers
14630.0,368,1,338.65,2,1,2,212,Lost Customers
14631.0,52,6,2025.69,4,4,4,444,Loyal Customers
14632.0,264,1,114.56,2,1,1,211,Lost Customers
14633.0,268,1,344.90000000000003,2,1,2,212,Lost Customers
14634.0,439,4,2124.46,1,3,4,134,At Risk
14635.0,367,1,215.22,2,1,1,211,Lost Customers
14636.0,270,2,609.85,2,2,2,222,Lost Customers
14637.0,679,1,106.68,1,1,1,111,Lost Customers
14638.0,52,1,443.6,4,1,2,412,Lost Customers
14639.0,33,9,4978.96,4,5,5,455,Loyal Customers
14640.0,26,10,3667.06,4,5,5,455,Loyal Customers
14641.0,23,1,110.46000000000001,5,1,1,511,Lost Customers
14642.0,1,1,96.12,5,1,1,511,Lost Customers
14643.0,172,5,1679.89,3,4,4,344,Loyal Customers
14644.0,276,7,2247.72,2,4,4,244,Loyal Customers
14645.0,99,3,876.89,3,3,3,333,Lost Customers
14646.0,3,148,516874.5,5,5,5,555,Champions
14647.0,203,2,519.97,3,2,2,322,Lost Customers
14648.0,418,15,4546.86,1,5,5,155,Loyal Customers
14649.0,36,8,3261.32,4,4,5,445,Loyal Customers
14650.0,590,1,62.5,1,1,1,111,Lost Customers
14651.0,6,9,2034.1200000000001,5,5,4,554,Champions
14652.0,79,1,114.18,3,1,1,311,Lost Customers
14653.0,11,11,3211.51,5,5,5,555,Champions
14654.0,1063,1,246.86,1,1,1,111,Lost Customers
14655.0,24,7,3878.51,5,4,5,545,Champions
14656.0,171,5,814.65,3,4,3,343,Loyal Customers
14657.0,19,6,1460.87,5,4,4,544,Champions
14658.0,119,1,123.14,3,1,1,311,Lost Customers
14659.0,80,9,2529.93,3,5,4,354,Loyal Customers
14660.0,88,2,285.74,3,2,1,321,Lost Customers
14661.0,28,1,107.95,4,1,1,411,Lost Customers
14662.0,30,7,1416.33,4,4,4,444,Loyal Customers
14663.0,580,2,490.6,1,2,2,122,Lost Customers
14664.0,21,2,637.89,5,2,3,523,Potential Loyalists
14665.0,32,7,2749.65,4,4,4,444,Loyal Customers
14666.0,26,1,195.25,4,1,1,411,Lost Customers
14667.0,12,54,21927.14,5,5,5,555,Champions
14668.0,447,1,111.63,1,1,1,111,Lost Customers
14669.0,7,7,3243.93,5,4,5,545,Champions
14670.0,252,3,602.0,2,3,2,232,At Risk
14671.0,492,2,1127.45,1,2,3,123,Lost Customers
14672.0,163,4,1113.14,3,3,3,333,Lost Customers
14673.0,11,6,3044.04,5,4,5,545,Champions
14674.0,511,1,173.66,1,1,1,111,Lost Customers
14675.0,18,2,1066.9,5,2,3,523,Potential Loyalists
14676.0,80,12,8356.79,3,5,5,355,Loyal Customers
14677.0,594,1,184.91,1,1,1,111,Lost Customers
14678.0,462,1,403.39,1,1,2,112,Lost Customers
14679.0,383,3,1289.44,2,3,4,234,At Risk
14680.0,27,58,57412.77,4,5,5,455,Loyal Customers
14681.0,6,6,875.1500000000001,5,4,3,543,Champions
14682.0,203,6,1514.81,3,4,4,344,Loyal Customers
14683.0,590,1,146.56,1,1,1,111,Lost Customers
14684.0,27,6,1468.55,4,4,4,444,Loyal Customers
14685.0,371,8,4619.79,2,4,5,245,Loyal Customers
14686.0,415,5,885.83,2,4,3,243,Loyal Customers
14687.0,108,3,1402.06,3,3,4,334,Lost Customers
14688.0,4,28,7713.57,5,5,5,555,Champions
14689.0,210,1,112.80000000000001,2,1,1,211,Lost Customers
14690.0,34,4,794.33,4,3,3,433,Potential Loyalists
14691.0,36,5,2114.33,4,4,4,444,Loyal Customers
14692.0,139,12,1745.09,3,5,4,354,Loyal Customers
14693.0,266,7,1165.3600000000001,2,4,3,243,Loyal Customers
14694.0,705,1,244.31,1,1,1,111,Lost Customers
14695.0,491,3,1620.07,1,3,4,134,At Risk
14696.0,3,7,2467.36,5,4,4,544,Champions
14697.0,220,2,188.61,2,2,1,221,Lost Customers
14698.0,17,4,1093.6,5,3,3,533,Potential Loyalists
14699.0,97,4,702.6,3,3,3,333,Lost Customers
14700.0,153,5,3116.26,3,4,5,345,Loyal Customers
14701.0,12,15,4562.09,5,5,5,555,Champions
14702.0,20,28,6554.93,5,5,5,555,Champions
14703.0,16,1,318.17,5,1,2,512,Lost Customers
14704.0,5,11,1813.57,5,5,4,554,Champions
14705.0,200,1,179.0,3,1,1,311,Lost Customers
14706.0,620,1,390.69,1,1,2,112,Lost Customers
14707.0,371,2,139.2,2,2,1,221,Lost Customers
14708.0,126,4,1787.0900000000001,3,3,4,334,Lost Customers
14709.0,17,25,8886.33,5,5,5,555,Champions
14710.0,16,13,1922.59,5,5,4,554,Champions
14711.0,12,11,2868.8,5,5,4,554,Champions
14712.0,61,4,1328.0700000000002,4,3,4,434,Potential Loyalists
14713.0,11,21,5418.87,5,5,5,555,Champions
14714.0,26,4,906.24,4,3,3,433,Potential Loyalists
14715.0,10,8,1840.45,5,4,4,544,Champions
14716.0,44,3,565.45,4,3,2,432,Potential Loyalists
14717.0,912,1,81.3,1,1,1,111,Lost Customers
14718.0,412,1,226.42,2,1,1,211,Lost Customers
14719.0,12,4,1195.71,5,3,3,533,Potential Loyalists
14720.0,32,3,663.81,4,3,3,433,Potential Loyalists
14721.0,381,1,115.77,2,1,1,211,Lost Customers
14722.0,149,3,513.37,3,3,2,332,Lost Customers
14723.0,12,11,2093.06,5,5,4,554,Champions
14724.0,592,1,345.25,1,1,2,112,Lost Customers
14725.0,26,4,1315.24,4,3,4,434,Potential Loyalists
14726.0,656,1,124.75,1,1,1,111,Lost Customers
14727.0,69,3,467.93,4,3,2,432,Potential Loyalists
14728.0,415,1,190.58,2,1,1,211,Lost Customers
14729.0,627,3,907.38,1,3,3,133,At Risk
14730.0,109,7,1760.13,3,4,4,344,Loyal Customers
14731.0,36,3,380.02,4,3,2,432,Potential Loyalists
14732.0,2,19,5517.07,5,5,5,555,Champions
14733.0,18,15,16184.97,5,5,5,555,Champions
14734.0,427,4,1056.42,1,3,3,133,At Risk
14735.0,13,55,11682.720000000001,5,5,5,555,Champions
14736.0,398,2,401.08,2,2,2,222,Lost Customers
14737.0,278,3,3471.37,2,3,5,235,At Risk
14738.0,6,9,1821.9,5,5,4,554,Champions
14739.0,21,24,11752.54,5,5,5,555,Champions
14740.0,198,11,4161.06,3,5,5,355,Loyal Customers
14741.0,13,7,1897.5900000000001,5,4,4,544,Champions
14742.0,437,1,579.85,1,1,2,112,Lost Customers
14743.0,594,1,50.480000000000004,1,1,1,111,Lost Customers
14744.0,18,14,3885.08,5,5,5,555,Champions
14745.0,114,12,2571.81,3,5,4,354,Loyal Customers
14746.0,366,4,593.5,2,3,2,232,At Risk
14747.0,251,1,328.2,2,1,2,212,Lost Customers
14748.0,36,10,3152.32,4,5,5,455,Loyal Customers
14749.0,481,1,310.15,1,1,2,112,Lost Customers
14750.0,1003,1,112.03,1,1,1,111,Lost Customers
14751.0,686,2,126.45,1,2,1,121,Lost Customers
14752.0,45,1,389.64000000000004,4,1,2,412,Lost Customers
14753.0,89,2,869.51,3,2,3,323,Lost Customers
14754.0,46,6,1550.48,4,4,4,444,Loyal Customers
14755.0,11,25,9972.550000000001,5,5,5,555,Champions
14756.0,16,3,2653.76,5,3,4,534,Potential Loyalists
14757.0,77,1,420.5,3,1,2,312,Lost Customers
14758.0,146,7,2864.9700000000003,3,4,4,344,Loyal Customers
14759.0,114,2,870.85,3,2,3,323,Lost Customers
14760.0,299,1,89.2,2,1,1,211,Lost Customers
14761.0,1,3,447.92,5,3,2,532,Potential Loyalists
14762.0,265,2,417.57,2,2,2,222,Lost Customers
14764.0,48,1,278.3,4,1,1,411,Lost Customers
14765.0,60,3,254.11,4,3,1,431,Potential Loyalists
14766.0,67,11,6556.13,4,5,5,455,Loyal Customers
14767.0,476,1,382.81,1,1,2,112,Lost Customers
14768.0,19,2,192.60000000000002,5,2,1,521,Potential Loyalists
14769.0,84,16,15429.91,3,5,5,355,Loyal Customers
14770.0,234,8,3637.6400000000003,2,4,5,245,Loyal Customers
14771.0,623,2,594.62,1,2,2,122,Lost Customers
14772.0,114,1,139.26,3,1,1,311,Lost Customers
14773.0,594,1,140.55,1,1,1,111,Lost Customers
14774.0,530,1,241.45000000000002,1,1,1,111,Lost Customers
14775.0,1,3,1418.46,5,3,4,534,Potential Loyalists
14776.0,53,15,3708.2999999999997,4,5,5,455,Loyal Customers
14777.0,699,1,307.56,1,1,2,112,Lost Customers
14778.0,247,2,730.86,2,2,3,223,Lost Customers
14779.0,252,3,386.15,2,3,2,232,At Risk
14780.0,56,2,447.68,4,2,2,422,Potential Loyalists
14782.0,321,1,200.10000000000002,2,1,1,211,Lost Customers
14783.0,661,1,307.3,1,1,2,112,Lost Customers
14784.0,28,3,449.93,4,3,2,432,Potential Loyalists
14785.0,12,2,77.4,5,2,1,521,Potential Loyalists
14786.0,523,1,90.96,1,1,1,111,Lost Customers
14787.0,473,1,110.65,1,1,1,111,Lost Customers
14788.0,28,3,1156.32,4,3,3,433,Potential Loyalists
14789.0,30,1,197.64,4,1,1,411,Lost Customers
14790.0,3,10,2526.62,5,5,4,554,Champions
14791.0,372,1,303.63,2,1,2,212,Lost Customers
14792.0,154,1,6.2,3,1,1,311,Lost Customers
14793.0,23,2,625.9,5,2,3,523,Potential Loyalists
14794.0,11,9,1749.04,5,5,4,554,Champions
14795.0,168,1,131.45000000000002,3,1,1,311,Lost Customers
14796.0,24,26,10462.41,5,5,5,555,Champions
14797.0,509,1,300.31,1,1,2,112,Lost Customers
14798.0,54,8,724.31,4,4,3,443,Loyal Customers
14799.0,53,2,338.15000000000003,4,2,2,422,Potential Loyalists
14800.0,31,17,7774.32,4,5,5,455,Loyal Customers
14801.0,92,1,193.14,3,1,1,311,Lost Customers
14802.0,440,2,1502.98,1,2,4,124,Lost Customers
14803.0,99,3,845.5500000000001,3,3,3,333,Lost Customers
14804.0,333,1,353.27,2,1,2,212,Lost Customers
14805.0,17,7,1104.64,5,4,3,543,Champions
14806.0,77,2,303.43,3,2,2,322,Lost Customers
14807.0,392,2,519.29,2,2,2,222,Lost Customers
14808.0,41,8,2741.17,4,4,4,444,Loyal Customers
14809.0,623,2,686.76,1,2,3,123,Lost Customers
14810.0,42,13,2537.02,4,5,4,454,Loyal Customers
14811.0,389,1,170.5,2,1,1,211,Lost Customers
14812.0,600,1,185.8,1,1,1,111,Lost Customers
14813.0,387,4,1090.87,2,3,3,233,At Risk
14814.0,524,1,160.46,1,1,1,111,Lost Customers
14815.0,275,2,778.5,2,2,3,223,Lost Customers
14816.0,199,1,271.85,3,1,1,311,Lost Customers
14817.0,161,7,3959.86,3,4,5,345,Loyal Customers
14818.0,75,6,1170.41,3,4,3,343,Loyal Customers
14819.0,184,4,470.16,3,3,2,332,Lost Customers
14820.0,23,9,1274.76,5,5,4,554,Champions
14821.0,380,7,1286.45,2,4,4,244,Loyal Customers
14822.0,398,1,157.7,2,1,1,211,Lost Customers
14823.0,5,3,321.43,5,3,2,532,Potential Loyalists
14824.0,12,10,4022.9100000000003,5,5,5,555,Champions
14825.0,17,23,4823.99,5,5,5,555,Champions
14826.0,524,2,385.2,1,2,2,122,Lost Customers
14828.0,163,13,9839.460000000001,3,5,5,355,Loyal Customers
14829.0,61,7,1692.84,4,4,4,444,Loyal Customers
14830.0,55,1,197.13,4,1,1,411,Lost Customers
14831.0,682,3,1676.57,1,3,4,134,At Risk
14832.0,632,1,322.69,1,1,2,112,Lost Customers
14833.0,500,1,94.8,1,1,1,111,Lost Customers
14834.0,1,7,2206.16,5,4,4,544,Champions
14835.0,530,2,297.0,1,2,2,122,Lost Customers
14836.0,12,3,102.45,5,3,1,531,Potential Loyalists
14837.0,32,9,3460.32,4,5,5,455,Loyal Customers
14838.0,366,2,773.6700000000001,2,2,3,223,Lost Customers
14839.0,420,3,915.28,1,3,3,133,At Risk
14840.0,269,2,362.71000000000004,2,2,2,222,Lost Customers
14841.0,31,14,7163.0,4,5,5,455,Loyal Customers
14842.0,45,4,2824.69,4,3,4,434,Potential Loyalists
14843.0,438,1,211.8,1,1,1,111,Lost Customers
14844.0,7,10,6702.43,5,5,5,555,Champions
14845.0,601,1,150.0,1,1,1,111,Lost Customers
14846.0,488,1,437.4,1,1,2,112,Lost Customers
14847.0,150,3,1348.95,3,3,4,334,Lost Customers
14848.0,406,1,310.56,2,1,2,212,Lost Customers
14849.0,3,43,15763.45,5,5,5,555,Champions
14850.0,343,7,1794.01,2,4,4,244,Loyal Customers
14851.0,25,3,829.41,4,3,3,433,Potential Loyalists
14852.0,1,18,6147.18,5,5,5,555,Champions
14853.0,6,5,1376.87,5,4,4,544,Champions
14854.0,69,11,4322.86,4,5,5,455,Loyal Customers
14855.0,3,7,6520.3,5,4,5,545,Champions
14856.0,58,3,1311.38,4,3,4,434,Potential Loyalists
14857.0,31,7,3651.851,4,4,5,445,Loyal Customers
14858.0,507,1,180.75,1,1,1,111,Lost Customers
14859.0,14,5,1705.64,5,4,4,544,Champions
14860.0,21,1,170.32,5,1,1,511,Lost Customers
14861.0,54,10,1380.73,4,5,4,454,Loyal Customers
14862.0,27,2,841.2,4,2,3,423,Potential Loyalists
14863.0,61,1,266.76,4,1,1,411,Lost Customers
14865.0,302,4,129.72,2,3,1,231,At Risk
14866.0,12,19,20850.22,5,5,5,555,Champions
14867.0,158,16,2952.06,3,5,5,355,Loyal Customers
14868.0,23,11,3793.92,5,5,5,555,Champions
14869.0,105,6,2804.2400000000002,3,4,4,344,Loyal Customers
14870.0,263,6,1838.95,2,4,4,244,Loyal Customers
14871.0,180,8,1091.34,3,4,3,343,Loyal Customers
14872.0,485,3,816.6,1,3,3,133,At Risk
14873.0,212,2,854.13,2,2,3,223,Lost Customers
14874.0,537,1,116.18,1,1,1,111,Lost Customers
14875.0,109,3,2862.4,3,3,4,334,Lost Customers
14876.0,552,2,256.7,1,2,1,121,Lost Customers
14877.0,420,2,437.0,1,2,2,122,Lost Customers
14878.0,5,25,4105.24,5,5,5,555,Champions
14879.0,686,1,185.06,1,1,1,111,Lost Customers
14880.0,79,3,706.19,3,3,3,333,Lost Customers
14881.0,21,1,255.4,5,1,1,511,Lost Customers
14882.0,28,14,3628.15,4,5,5,455,Loyal Customers
14883.0,6,6,761.59,5,4,3,543,Champions
14884.0,496,1,120.6,1,1,1,111,Lost Customers
14885.0,133,3,1598.12,3,3,4,334,Lost Customers
14886.0,341,1,364.8,2,1,2,212,Lost Customers
14887.0,81,1,1862.0,3,1,4,314,Lost Customers
14888.0,209,1,369.2,2,1,2,212,Lost Customers
14889.0,163,1,135.9,3,1,1,311,Lost Customers
14890.0,255,3,817.25,2,3,3,233,At Risk
14891.0,149,4,1106.73,3,3,3,333,Lost Customers
14892.0,692,1,202.35000000000002,1,1,1,111,Lost Customers
14893.0,11,3,1809.6100000000001,5,3,4,534,Potential Loyalists
14894.0,87,3,1492.81,3,3,4,334,Lost Customers
14895.0,42,38,25119.54,4,5,5,455,Loyal Customers
14896.0,206,8,2092.42,2,4,4,244,Loyal Customers
14897.0,2,8,3140.54,5,4,5,545,Champions
14898.0,25,14,3507.81,4,5,5,455,Loyal Customers
14899.0,456,1,1384.88,1,1,4,114,Lost Customers
14900.0,583,1,13.919999999999998,1,1,1,111,Lost Customers
14901.0,2,12,2289.65,5,5,4,554,Champions
14902.0,27,3,1035.6200000000001,4,3,3,433,Potential Loyalists
14903.0,23,5,2810.63,5,4,4,544,Champions
14904.0,27,3,1012.16,4,3,3,433,Potential Loyalists
14905.0,218,8,1971.39,2,4,4,244,Loyal Customers
14906.0,447,1,68.44,1,1,1,111,Lost Customers
14907.0,30,15,5689.43,4,5,5,455,Loyal Customers
14908.0,76,2,381.9,3,2,2,322,Lost Customers
14909.0,439,3,1404.68,1,3,4,134,At Risk
14910.0,27,3,323.55,4,3,2,432,Potential Loyalists
14911.0,1,391,289670.66,5,5,5,555,Champions
14912.0,18,6,1889.25,5,4,4,544,Champions
14913.0,38,8,4073.13,4,4,5,445,Loyal Customers
14915.0,93,11,1811.25,3,5,4,354,Loyal Customers
14916.0,72,8,3042.95,4,4,5,445,Loyal Customers
14917.0,598,2,1123.75,1,2,3,123,Lost Customers
14918.0,117,9,5955.81,3,5,5,355,Loyal Customers
14919.0,541,1,359.35,1,1,2,112,Lost Customers
14920.0,36,3,1607.17,4,3,4,434,Potential Loyalists
14921.0,91,2,1316.07,3,2,4,324,Lost Customers
14922.0,395,2,843.74,2,2,3,223,Lost Customers
14923.0,52,1,749.1,4,1,3,413,Lost Customers
14924.0,129,3,931.01,3,3,3,333,Lost Customers
14926.0,383,2,359.4,2,2,2,222,Lost Customers
14927.0,487,1,308.2,1,1,2,112,Lost Customers
14928.0,629,1,223.91000000000003,1,1,1,111,Lost Customers
14929.0,152,2,836.69,3,2,3,323,Lost Customers
14930.0,69,6,5246.63,4,4,5,445,Loyal Customers
14931.0,24,4,1059.28,5,3,3,533,Potential Loyalists
14932.0,387,2,1029.66,2,2,3,223,Lost Customers
14933.0,445,4,1770.0,1,3,4,134,At Risk
14934.0,83,5,3503.5,3,4,5,345,Loyal Customers
14935.0,299,2,2849.83,2,2,4,224,Lost Customers
14936.0,99,12,12410.81,3,5,5,355,Loyal Customers
14937.0,58,3,1621.88,4,3,4,434,Potential Loyalists
14938.0,564,2,2322.43,1,2,4,124,Lost Customers
14940.0,419,2,531.49,1,2,2,122,Lost Customers
14941.0,432,1,182.1,1,1,1,111,Lost Customers
14942.0,403,4,746.56,2,3,3,233,At Risk
14943.0,665,1,107.62,1,1,1,111,Lost Customers
14944.0,61,19,9784.67,4,5,5,455,Loyal Customers
14945.0,415,1,179.4,2,1,1,211,Lost Customers
14946.0,16,1,100.9,5,1,1,511,Lost Customers
14947.0,74,6,1049.79,3,4,3,343,Loyal Customers
14948.0,25,6,1101.97,4,4,3,443,Loyal Customers
14949.0,471,4,515.0,1,3,2,132,At Risk
14950.0,21,1,371.2,5,1,2,512,Lost Customers
14951.0,81,1,311.69,3,1,2,312,Lost Customers
14952.0,2,32,17629.35,5,5,5,555,Champions
14953.0,27,4,1013.77,4,3,3,433,Potential Loyalists
14954.0,14,2,503.44,5,2,2,522,Potential Loyalists
14955.0,882,1,163.77,1,1,1,111,Lost Customers
14956.0,423,1,1325.0,1,1,4,114,Lost Customers
14957.0,254,2,333.29,2,2,2,222,Lost Customers
14958.0,129,6,957.94,3,4,3,343,Loyal Customers
14959.0,111,4,695.42,3,3,3,333,Lost Customers
14960.0,173,2,221.27,3,2,1,321,Lost Customers
14961.0,12,22,16410.15,5,5,5,555,Champions
14962.0,272,4,366.91,2,3,2,232,At Risk
14963.0,11,12,3164.48,5,5,5,555,Champions
14964.0,190,1,206.21,3,1,1,311,Lost Customers
14965.0,246,2,599.0,2,2,2,222,Lost Customers
14966.0,16,6,1115.84,5,4,3,543,Champions
14967.0,51,6,1982.6100000000001,4,4,4,444,Loyal Customers
14968.0,91,2,504.99,3,2,2,322,Lost Customers
14969.0,589,1,906.23,1,1,3,113,Lost Customers
14970.0,139,12,4919.35,3,5,5,355,Loyal Customers
14971.0,45,3,1116.57,4,3,3,433,Potential Loyalists
14972.0,278,2,145.07,2,2,1,221,Lost Customers
14973.0,109,3,1314.45,3,3,4,334,Lost Customers
14974.0,303,1,114.39,2,1,1,211,Lost Customers
14975.0,59,2,472.39,4,2,2,422,Potential Loyalists
14976.0,59,7,790.86,4,4,3,443,Loyal Customers
14977.0,727,1,31.93,1,1,1,111,Lost Customers
14978.0,74,10,3142.14,3,5,5,355,Loyal Customers
14979.0,973,1,439.46000000000004,1,1,2,112,Lost Customers
14980.0,1032,1,150.68,1,1,1,111,Lost Customers
14981.0,160,2,372.92,3,2,2,322,Lost Customers
14982.0,574,1,237.78,1,1,1,111,Lost Customers
14983.0,690,1,183.20000000000002,1,1,1,111,Lost Customers
14984.0,5,6,1271.41,5,4,4,544,Champions
14985.0,200,2,296.75,3,2,2,322,Lost Customers
14986.0,378,2,566.9,2,2,2,222,Lost Customers
14987.0,17,8,1713.85,5,4,4,544,Champions
14988.0,6,7,2066.6,5,4,4,544,Champions
14989.0,663,1,342.4,1,1,2,112,Lost Customers
14990.0,555,2,305.42,1,2,2,122,Lost Customers
14991.0,580,1,314.67,1,1,2,112,Lost Customers
14992.0,443,1,210.5,1,1,1,111,Lost Customers
14993.0,565,1,36.13,1,1,1,111,Lost Customers
14994.0,365,5,960.63,2,4,3,243,Loyal Customers
14995.0,252,2,233.23000000000002,2,2,1,221,Lost Customers
14996.0,483,2,442.28999999999996,1,2,2,122,Lost Customers
14997.0,2,4,776.6,5,3,3,533,Potential Loyalists
14998.0,7,4,770.73,5,3,3,533,Potential Loyalists
14999.0,594,1,129.48000000000002,1,1,1,111,Lost Customers
15000.0,49,1,490.52,4,1,2,412,Lost Customers
15001.0,426,2,230.85999999999999,1,2,1,121,Lost Customers
15002.0,117,9,4817.28,3,5,5,355,Loyal Customers
15003.0,465,6,1060.7,1,4,3,143,Loyal Customers
15004.0,149,1,1246.32,3,1,4,314,Lost Customers
15005.0,17,56,14106.2,5,5,5,555,Champions
15006.0,53,2,825.14,4,2,3,423,Potential Loyalists
15007.0,279,1,156.91,2,1,1,211,Lost Customers
15008.0,373,2,360.0,2,2,2,222,Lost Customers
15009.0,14,3,1261.78,5,3,4,534,Potential Loyalists
15010.0,244,1,308.94,2,1,2,212,Lost Customers
15011.0,418,2,416.6,1,2,2,122,Lost Customers
15012.0,55,3,860.62,4,3,3,433,Potential Loyalists
15013.0,459,10,1641.3,1,5,4,154,Loyal Customers
15014.0,44,2,260.17,4,2,1,421,Potential Loyalists
15015.0,402,13,2365.02,2,5,4,254,Loyal Customers
15016.0,174,5,630.3,3,4,3,343,Loyal Customers
15017.0,183,1,125.58,3,1,1,311,Lost Customers
15018.0,334,3,607.46,2,3,2,232,At Risk
15019.0,268,1,266.0,2,1,1,211,Lost Customers
15020.0,381,1,203.42,2,1,1,211,Lost Customers
15021.0,28,12,2783.83,4,5,4,454,Loyal Customers
15022.0,13,5,1186.09,5,4,3,543,Champions
15023.0,41,19,11479.04,4,5,5,455,Loyal Customers
15024.0,11,16,4075.51,5,5,5,555,Champions
15025.0,183,2,1013.09,3,2,3,323,Lost Customers
15026.0,82,5,1061.6100000000001,3,4,3,343,Loyal Customers
15027.0,91,10,3195.6,3,5,5,355,Loyal Customers
15028.0,44,6,1157.71,4,4,3,443,Loyal Customers
15029.0,621,1,365.1,1,1,2,112,Lost Customers
15030.0,73,8,1979.91,4,4,4,444,Loyal Customers
15031.0,90,13,2981.05,3,5,5,355,Loyal Customers
15032.0,258,8,13780.65,2,4,5,245,Loyal Customers
15033.0,27,9,2418.87,4,5,4,454,Loyal Customers
15034.0,17,14,8313.4,5,5,5,555,Champions
15035.0,32,1,252.73000000000002,4,1,1,411,Lost Customers
15036.0,74,3,465.55,3,3,2,332,Lost Customers
15037.0,378,2,402.51,2,2,2,222,Lost Customers
15038.0,1,9,1309.86,5,5,4,554,Champions
15039.0,11,93,40031.43,5,5,5,555,Champions
15040.0,543,1,7.49,1,1,1,111,Lost Customers
15041.0,172,2,294.02,3,2,2,322,Lost Customers
15042.0,201,2,315.45,3,2,2,322,Lost Customers
15043.0,122,6,2873.8,3,4,4,344,Loyal Customers
15044.0,7,35,16204.33,5,5,5,555,Champions
15045.0,34,2,735.66,4,2,3,423,Potential Loyalists
15046.0,11,25,7812.39,5,5,5,555,Champions
15047.0,271,1,343.62,2,1,2,212,Lost Customers
15048.0,118,4,482.75,3,3,2,332,Lost Customers
15049.0,38,1,121.17000000000002,4,1,1,411,Lost Customers
15050.0,27,5,4193.79,4,4,5,445,Loyal Customers
15051.0,4,9,3935.16,5,5,5,555,Champions
15052.0,321,1,215.78,2,1,1,211,Lost Customers
15053.0,187,2,478.6,3,2,2,322,Lost Customers
15054.0,14,2,302.1,5,2,2,522,Potential Loyalists
15055.0,476,3,560.07,1,3,2,132,At Risk
15056.0,522,1,133.45,1,1,1,111,Lost Customers
15057.0,99,5,3255.96,3,4,5,345,Loyal Customers
15058.0,27,16,3410.03,4,5,5,455,Loyal Customers
15059.0,42,19,3523.57,4,5,5,455,Loyal Customers
15060.0,11,4,303.09000000000003,5,3,2,532,Potential Loyalists
15061.0,6,126,133922.66,5,5,5,555,Champions
15062.0,73,8,2585.62,4,4,4,444,Loyal Customers
15063.0,67,1,370.79999999999995,4,1,2,412,Lost Customers
15064.0,412,4,1254.41,2,3,4,234,At Risk
15065.0,166,5,3326.86,3,4,5,345,Loyal Customers
15066.0,55,1,893.59,4,1,3,413,Lost Customers
15067.0,80,5,3877.88,3,4,5,345,Loyal Customers
15068.0,48,4,1176.85,4,3,3,433,Potential Loyalists
15069.0,181,1,1109.53,3,1,3,313,Lost Customers
15070.0,593,3,843.25,1,3,3,133,At Risk
15071.0,99,4,1455.5600000000002,3,3,4,334,Lost Customers
15072.0,481,1,187.52,1,1,1,111,Lost Customers
15073.0,11,8,2788.02,5,4,4,544,Champions
15074.0,107,3,1566.33,3,3,4,334,Lost Customers
15075.0,79,1,773.03,3,1,3,313,Lost Customers
15076.0,174,3,1447.74,3,3,4,334,Lost Customers
15077.0,671,2,2428.08,1,2,4,124,Lost Customers
15078.0,13,53,17761.88,5,5,5,555,Champions
15079.0,36,11,3767.35,4,5,5,455,Loyal Customers
15080.0,488,2,546.25,1,2,2,122,Lost Customers
15081.0,24,12,1965.72,5,5,4,554,Champions
15082.0,465,1,93.35000000000001,1,1,1,111,Lost Customers
15083.0,258,1,88.2,2,1,1,211,Lost Customers
15084.0,381,2,965.1999999999999,2,2,3,223,Lost Customers
15085.0,790,1,347.54,1,1,2,112,Lost Customers
15086.0,566,2,218.53,1,2,1,121,Lost Customers
15087.0,283,1,306.94,2,1,2,212,Lost Customers
15088.0,23,2,1160.07,5,2,3,523,Potential Loyalists
15089.0,12,6,2420.84,5,4,4,544,Champions
15090.0,253,1,381.32,2,1,2,212,Lost Customers
15091.0,276,3,1046.6100000000001,2,3,3,233,At Risk
15092.0,128,3,776.46,3,3,3,333,Lost Customers
15093.0,20,23,14326.11,5,5,5,555,Champions
15094.0,587,2,83.0,1,2,1,121,Lost Customers
15095.0,105,10,3141.64,3,5,5,355,Loyal Customers
15096.0,44,1,219.39000000000001,4,1,1,411,Lost Customers
15097.0,585,2,660.27,1,2,3,123,Lost Customers
15098.0,66,3,39916.5,4,3,5,435,Potential Loyalists
15099.0,86,1,410.48,3,1,2,312,Lost Customers
15100.0,71,7,2894.7,4,4,4,444,Loyal Customers
15101.0,333,6,1477.94,2,4,4,244,Loyal Customers
15102.0,400,2,554.67,2,2,2,222,Lost Customers
15103.0,88,2,703.36,3,2,3,323,Lost Customers
15104.0,198,2,1027.44,3,2,3,323,Lost Customers
15105.0,20,9,3094.91,5,5,5,555,Champions
15106.0,6,5,1422.52,5,4,4,544,Champions
15107.0,40,9,940.35,4,5,3,453,Loyal Customers
15108.0,143,4,1300.25,3,3,4,334,Lost Customers
15109.0,129,3,983.1,3,3,3,333,Lost Customers
15110.0,25,6,1505.8500000000001,4,4,4,444,Loyal Customers
15111.0,61,5,2730.87,4,4,4,444,Loyal Customers
15112.0,525,1,209.4,1,1,1,111,Lost Customers
15113.0,11,3,3609.33,5,3,5,535,Potential Loyalists
15114.0,39,12,3400.12,4,5,5,455,Loyal Customers
15115.0,20,2,531.85,5,2,2,522,Potential Loyalists
15116.0,19,4,1352.75,5,3,4,534,Potential Loyalists
15117.0,16,8,2485.97,5,4,4,544,Champions
15118.0,136,1,244.8,3,1,1,311,Lost Customers
15119.0,129,1,266.4,3,1,1,311,Lost Customers
15120.0,135,1,358.82,3,1,2,312,Lost Customers
15121.0,52,2,457.72,4,2,2,422,Potential Loyalists
15122.0,116,11,4497.47,3,5,5,355,Loyal Customers
15123.0,208,5,4656.17,2,4,5,245,Loyal Customers
15124.0,24,4,450.82,5,3,2,532,Potential Loyalists
15125.0,27,24,17024.87,4,5,5,455,Loyal Customers
15126.0,538,2,449.49,1,2,2,122,Lost Customers
15127.0,215,2,711.5,2,2,3,223,Lost Customers
15128.0,62,5,1783.68,4,4,4,444,Loyal Customers
15129.0,52,23,6860.18,4,5,5,455,Loyal Customers
15130.0,171,1,330.11,3,1,2,312,Lost Customers
15131.0,426,1,80.28,1,1,1,111,Lost Customers
15132.0,20,5,977.9300000000001,5,4,3,543,Champions
15133.0,39,5,1806.9,4,4,4,444,Loyal Customers
15134.0,16,10,1596.29,5,5,4,554,Champions
15135.0,240,2,305.68,2,2,2,222,Lost Customers
15136.0,24,2,1029.8,5,2,3,523,Potential Loyalists
15137.0,522,2,823.4,1,2,3,123,Lost Customers
15138.0,395,1,502.52,2,1,2,212,Lost Customers
15139.0,163,2,178.96,3,2,1,321,Lost Customers
15140.0,54,8,3243.69,4,4,5,445,Loyal Customers
15141.0,400,7,1388.47,2,4,4,244,Loyal Customers
15142.0,48,6,2619.92,4,4,4,444,Loyal Customers
15143.0,227,2,563.63,2,2,2,222,Lost Customers
15144.0,1,29,12160.31,5,5,5,555,Champions
15145.0,45,3,1036.37,4,3,3,433,Potential Loyalists
15146.0,166,2,1327.16,3,2,4,324,Lost Customers
15147.0,242,1,623.5,2,1,3,213,Lost Customers
15148.0,12,1,301.29,5,1,2,512,Lost Customers
15149.0,135,5,1554.6100000000001,3,4,4,344,Loyal Customers
15150.0,19,13,9001.08,5,5,5,555,Champions
15151.0,366,2,2085.61,2,2,4,224,Lost Customers
15152.0,11,14,5263.83,5,5,5,555,Champions
15153.0,122,1,329.25,3,1,2,312,Lost Customers
15154.0,77,3,1388.41,3,3,4,334,Lost Customers
15155.0,385,1,383.96999999999997,2,1,2,212,Lost Customers
15156.0,183,1,317.8,3,1,2,312,Lost Customers
15157.0,126,4,2223.41,3,3,4,334,Lost Customers
15158.0,47,2,606.02,4,2,2,422,Potential Loyalists
15159.0,20,31,20281.94,5,5,5,555,Champions
15160.0,359,4,589.27,2,3,2,232,At Risk
15161.0,390,1,119.92,2,1,1,211,Lost Customers
15162.0,851,1,312.9,1,1,2,112,Lost Customers
15163.0,20,2,304.47,5,2,2,522,Potential Loyalists
15164.0,210,9,2068.92,2,5,4,254,Loyal Customers
15165.0,698,1,975.5,1,1,3,113,Lost Customers
15166.0,469,1,167.16,1,1,1,111,Lost Customers
15167.0,322,5,1659.67,2,4,4,244,Loyal Customers
15168.0,27,1,106.56,4,1,1,411,Lost Customers
15169.0,384,2,569.22,2,2,2,222,Lost Customers
15170.0,408,1,81.15,2,1,1,211,Lost Customers
15171.0,10,1,1289.5,5,1,4,514,Lost Customers
15172.0,72,5,1624.05,4,4,4,444,Loyal Customers
15173.0,382,7,1494.6,2,4,4,244,Loyal Customers
15174.0,324,2,481.46,2,2,2,222,Lost Customers
15175.0,73,1,224.14,4,1,1,411,Lost Customers
15176.0,435,1,988.0400000000001,1,1,3,113,Lost Customers
15177.0,427,1,948.9300000000001,1,1,3,113,Lost Customers
15178.0,262,1,40.5,2,1,1,211,Lost Customers
15179.0,20,13,7491.92,5,5,5,555,Champions
15180.0,419,3,904.4300000000001,1,3,3,133,At Risk
15181.0,177,5,1200.2,3,4,3,343,Loyal Customers
15182.0,126,11,2998.952,3,5,5,355,Loyal Customers
15183.0,431,3,639.93,1,3,3,133,At Risk
15184.0,61,4,689.95,4,3,3,433,Potential Loyalists
15185.0,72,1,310.62,4,1,2,412,Lost Customers
15186.0,16,5,1403.2,5,4,4,544,Champions
15187.0,17,15,4447.26,5,5,5,555,Champions
15188.0,727,1,310.43,1,1,2,112,Lost Customers
15189.0,7,44,16771.56,5,5,5,555,Champions
15190.0,700,1,834.4399999999999,1,1,3,113,Lost Customers
15191.0,670,3,588.05,1,3,2,132,At Risk
15192.0,3,5,1981.39,5,4,4,544,Champions
15193.0,62,1,499.32,4,1,2,412,Lost Customers
15194.0,79,27,11721.05,3,5,5,355,Loyal Customers
15196.0,641,2,316.25,1,2,2,122,Lost Customers
15197.0,12,6,1877.51,5,4,4,544,Champions
15198.0,124,5,571.35,3,4,2,342,Loyal Customers
15199.0,31,10,3122.4,4,5,5,455,Loyal Customers
15200.0,671,1,549.0500000000001,1,1,2,112,Lost Customers
15201.0,89,7,1842.95,3,4,4,344,Loyal Customers
15202.0,422,3,6001.49,1,3,5,135,At Risk
15203.0,27,15,4400.18,4,5,5,455,Loyal Customers
15204.0,359,1,316.58,2,1,2,212,Lost Customers
15205.0,86,2,653.24,3,2,3,323,Lost Customers
15206.0,12,4,420.3,5,3,2,532,Potential Loyalists
15207.0,418,3,683.92,1,3,3,133,At Risk
15208.0,122,5,762.92,3,4,3,343,Loyal Customers
15209.0,819,1,178.98000000000002,1,1,1,111,Lost Customers
15210.0,227,3,1176.19,2,3,3,233,At Risk
15211.0,62,2,1277.48,4,2,4,424,Potential Loyalists
15212.0,7,2,208.28,5,2,1,521,Potential Loyalists
15213.0,320,2,328.35,2,2,2,222,Lost Customers
15214.0,12,7,1532.68,5,4,4,544,Champions
15215.0,48,7,2422.4300000000003,4,4,4,444,Loyal Customers
15216.0,89,2,486.09000000000003,3,2,2,322,Lost Customers
15217.0,565,1,426.24,1,1,2,112,Lost Customers
15218.0,12,22,11516.57,5,5,5,555,Champions
15219.0,178,2,685.45,3,2,3,323,Lost Customers
15220.0,53,6,1778.96,4,4,4,444,Loyal Customers
15221.0,373,4,2465.45,2,3,4,234,At Risk
15222.0,320,11,3550.91,2,5,5,255,Loyal Customers
15223.0,227,5,1417.95,2,4,4,244,Loyal Customers
15224.0,360,5,871.36,2,4,3,243,Loyal Customers
15225.0,236,1,409.40000000000003,2,1,2,212,Lost Customers
15226.0,312,1,154.41,2,1,1,211,Lost Customers
15227.0,128,9,2488.4900000000002,3,5,4,354,Loyal Customers
15228.0,171,6,5580.27,3,4,5,345,Loyal Customers
15229.0,674,1,160.5,1,1,1,111,Lost Customers
15230.0,241,2,429.6,2,2,2,222,Lost Customers
15231.0,623,1,250.26000000000002,1,1,1,111,Lost Customers
15232.0,115,2,612.06,3,2,2,322,Lost Customers
15233.0,640,1,59.400000000000006,1,1,1,111,Lost Customers
15234.0,130,1,197.0,3,1,1,311,Lost Customers
15235.0,160,16,2937.81,3,5,5,355,Loyal Customers
15236.0,300,1,321.05,2,1,2,212,Lost Customers
15237.0,80,3,1328.72,3,3,4,334,Lost Customers
15238.0,61,3,1071.99,4,3,3,433,Potential Loyalists
15239.0,12,2,780.59,5,2,3,523,Potential Loyalists
15240.0,7,12,4459.9800000000005,5,5,5,555,Champions
15241.0,75,11,3050.16,3,5,5,355,Loyal Customers
15242.0,424,1,302.04,1,1,2,112,Lost Customers
15243.0,76,2,927.28,3,2,3,323,Lost Customers
15244.0,215,3,912.08,2,3,3,233,At Risk
15245.0,135,8,4610.84,3,4,5,345,Loyal Customers
15246.0,240,3,780.4,2,3,3,233,At Risk
15247.0,94,3,976.06,3,3,3,333,Lost Customers
15248.0,413,3,1893.93,2,3,4,234,At Risk
15249.0,3,18,9266.0,5,5,5,555,Champions
15250.0,464,1,60.0,1,1,1,111,Lost Customers
15251.0,4,21,20324.54,5,5,5,555,Champions
15252.0,96,5,2103.41,3,4,4,344,Loyal Customers
15253.0,2,8,2055.09,5,4,4,544,Champions
15254.0,247,3,1088.35,2,3,3,233,At Risk
15255.0,245,9,3729.42,2,5,5,255,Loyal Customers
15256.0,150,2,170.4,3,2,1,321,Lost Customers
15257.0,342,2,685.9,2,2,3,223,Lost Customers
15258.0,170,2,623.16,3,2,3,323,Lost Customers
15259.0,514,4,1182.3799999999999,1,3,3,133,At Risk
15260.0,102,25,9188.23,3,5,5,355,Loyal Customers
15261.0,137,4,1508.0,3,3,4,334,Lost Customers
15262.0,325,3,418.82,2,3,2,232,At Risk
15263.0,108,1,156.51,3,1,1,311,Lost Customers
15264.0,184,2,848.4,3,2,3,323,Lost Customers
15265.0,34,4,3345.64,4,3,5,435,Potential Loyalists
15266.0,224,5,852.21,2,4,3,243,Loyal Customers
15267.0,1,5,1717.36,5,4,4,544,Champions
15268.0,480,3,961.9000000000001,1,3,3,133,At Risk
15269.0,25,3,1225.3600000000001,4,3,3,433,Potential Loyalists
15270.0,17,21,8524.86,5,5,5,555,Champions
15271.0,5,24,4709.54,5,5,5,555,Champions
15272.0,59,6,2085.48,4,4,4,444,Loyal Customers
15273.0,601,1,228.96,1,1,1,111,Lost Customers
15274.0,20,1,383.99,5,1,2,512,Lost Customers
15275.0,303,1,615.14,2,1,3,213,Lost Customers
15276.0,245,4,649.53,2,3,3,233,At Risk
15277.0,48,2,476.34000000000003,4,2,2,422,Potential Loyalists
15278.0,374,4,496.16,2,3,2,232,At Risk
15279.0,356,5,1580.54,2,4,4,244,Loyal Customers
15280.0,174,3,406.21999999999997,3,3,2,332,Lost Customers
15281.0,1,16,8543.57,5,5,5,555,Champions
15282.0,572,1,348.59,1,1,2,112,Lost Customers
15283.0,392,3,148.32999999999998,2,3,1,231,At Risk
15284.0,502,1,24.75,1,1,1,111,Lost Customers
15285.0,409,1,94.92,2,1,1,211,Lost Customers
15286.0,51,1,240.55,4,1,1,411,Lost Customers
15287.0,24,5,856.03,5,4,3,543,Champions
15288.0,45,10,3883.13,4,5,5,455,Loyal Customers
15289.0,61,5,1593.09,4,4,4,444,Loyal Customers
15290.0,44,24,10233.26,4,5,5,455,Loyal Customers
15291.0,5,40,13846.56,5,5,5,555,Champions
15292.0,203,1,180.94,3,1,1,311,Lost Customers
15293.0,374,1,247.5,2,1,1,211,Lost Customers
15294.0,412,1,233.35,2,1,1,211,Lost Customers
15295.0,656,1,217.23999999999998,1,1,1,111,Lost Customers
15296.0,36,12,10342.83,4,5,5,455,Loyal Customers
15297.0,12,3,641.94,5,3,3,533,Potential Loyalists
15298.0,12,22,9147.15,5,5,5,555,Champions
15299.0,166,10,7991.54,3,5,5,355,Loyal Customers
15300.0,184,1,496.44,3,1,2,312,Lost Customers
15301.0,52,17,7603.4400000000005,4,5,5,455,Loyal Customers
15302.0,820,1,308.0,1,1,2,112,Lost Customers
15303.0,292,3,1224.18,2,3,3,233,At Risk
15304.0,62,9,919.55,4,5,3,453,Loyal Customers
15305.0,673,1,93.6,1,1,1,111,Lost Customers
15306.0,124,9,3484.73,3,5,5,355,Loyal Customers
15307.0,216,1,205.3,2,1,1,211,Lost Customers
15308.0,69,1,310.47,4,1,2,412,Lost Customers
15309.0,434,4,797.96,1,3,3,133,At Risk
15310.0,480,1,1634.64,1,1,4,114,Lost Customers
15311.0,1,206,115847.2,5,5,5,555,Champions
15312.0,77,12,2930.19,3,5,4,354,Loyal Customers
15313.0,112,1,52.0,3,1,1,311,Lost Customers
15314.0,201,3,820.45,3,3,3,333,Lost Customers
15315.0,118,2,570.5,3,2,2,322,Lost Customers
15316.0,328,1,165.0,2,1,1,211,Lost Customers
15317.0,679,1,129.75,1,1,1,111,Lost Customers
15319.0,342,1,204.5,2,1,1,211,Lost Customers
15320.0,46,1,267.13,4,1,1,411,Lost Customers
15321.0,72,12,6709.7300000000005,4,5,5,455,Loyal Customers
15322.0,87,2,1390.86,3,2,4,324,Lost Customers
15323.0,525,3,434.6,1,3,2,132,At Risk
15324.0,528,1,140.22000000000003,1,1,1,111,Lost Customers
15325.0,105,8,1602.01,3,4,4,344,Loyal Customers
15326.0,71,5,1700.52,4,4,4,444,Loyal Customers
15327.0,54,1,208.75,4,1,1,411,Lost Customers
15328.0,409,1,107.24,2,1,1,211,Lost Customers
15329.0,41,11,2984.33,4,5,5,455,Loyal Customers
15330.0,62,2,714.9599999999999,4,2,3,423,Potential Loyalists
15331.0,463,3,767.91,1,3,3,133,At Risk
15332.0,486,6,6553.74,1,4,5,145,Loyal Customers
15333.0,210,1,1028.56,2,1,3,213,Lost Customers
15334.0,165,3,351.67,3,3,2,332,Lost Customers
15335.0,55,1,173.97,4,1,1,411,Lost Customers
15336.0,640,1,240.5,1,1,1,111,Lost Customers
15337.0,413,1,373.02,2,1,2,212,Lost Customers
15338.0,679,1,283.43,1,1,1,111,Lost Customers
15339.0,245,7,1827.84,2,4,4,244,Loyal Customers
15340.0,563,1,105.5,1,1,1,111,Lost Customers
15341.0,82,2,2402.72,3,2,4,324,Lost Customers
15342.0,306,1,406.09000000000003,2,1,2,212,Lost Customers
15343.0,89,1,364.5,3,1,2,312,Lost Customers
15344.0,76,2,460.64,3,2,2,322,Lost Customers
15345.0,47,1,393.54,4,1,2,412,Lost Customers
15346.0,40,3,596.12,4,3,2,432,Potential Loyalists
15347.0,380,4,1363.6,2,3,4,234,At Risk
15348.0,74,1,158.04,3,1,1,311,Lost Customers
15349.0,219,2,473.81,2,2,2,222,Lost Customers
15350.0,385,2,663.25,2,2,3,223,Lost Customers
15351.0,14,10,3738.29,5,5,5,555,Champions
15352.0,461,1,114.95,1,1,1,111,Lost Customers
15353.0,256,7,3175.95,2,4,5,245,Loyal Customers
15354.0,605,3,284.4,1,3,1,131,At Risk
15355.0,55,2,277.05,4,2,1,421,Potential Loyalists
15356.0,73,13,3464.95,4,5,5,455,Loyal Customers
15358.0,2,40,16220.35,5,5,5,555,Champions
15359.0,465,8,181.35,1,4,1,141,Loyal Customers
15360.0,41,1,427.93,4,1,2,412,Lost Customers
15361.0,363,4,689.07,2,3,3,233,At Risk
15362.0,450,2,613.08,1,2,3,123,Lost Customers
15363.0,612,2,1004.11,1,2,3,123,Lost Customers
15364.0,216,2,913.19,2,2,3,223,Lost Customers
15365.0,27,13,4557.13,4,5,5,455,Loyal Customers
15366.0,77,7,2389.08,3,4,4,344,Loyal Customers
15367.0,59,11,5081.33,4,5,5,455,Loyal Customers
15368.0,23,2,722.74,5,2,3,523,Potential Loyalists
15369.0,369,11,6251.26,2,5,5,255,Loyal Customers
15370.0,31,8,3739.01,4,4,5,445,Loyal Customers
15371.0,664,1,59.400000000000006,1,1,1,111,Lost Customers
15372.0,139,8,6017.0599999999995,3,4,5,345,Loyal Customers
15373.0,20,17,3421.39,5,5,5,555,Champions
15374.0,278,2,307.32,2,2,2,222,Lost Customers
15375.0,692,1,60.959999999999994,1,1,1,111,Lost Customers
15376.0,42,3,1233.3600000000001,4,3,4,434,Potential Loyalists
15377.0,384,4,1211.75,2,3,3,233,At Risk
15378.0,503,2,246.5,1,2,1,121,Lost Customers
15379.0,99,8,4877.84,3,4,5,345,Loyal Customers
15380.0,48,11,3479.06,4,5,5,455,Loyal Customers
15381.0,67,5,1890.57,4,4,4,444,Loyal Customers
15382.0,16,12,13733.550000000001,5,5,5,555,Champions
15384.0,171,4,2027.79,3,3,4,334,Lost Customers
15385.0,42,3,942.08,4,3,3,433,Potential Loyalists
15386.0,188,1,394.14,3,1,2,312,Lost Customers
15387.0,612,1,468.65,1,1,2,112,Lost Customers
15388.0,272,1,140.54,2,1,1,211,Lost Customers
15389.0,174,5,2733.8,3,4,4,344,Loyal Customers
15390.0,410,2,1216.66,2,2,3,223,Lost Customers
15391.0,615,1,289.87,1,1,2,112,Lost Customers
15392.0,2,6,2607.21,5,4,4,544,Champions
15393.0,18,5,891.34,5,4,3,543,Champions
15394.0,11,11,5286.8,5,5,5,555,Champions
15395.0,327,1,107.45,2,1,1,211,Lost Customers
15396.0,114,2,796.38,3,2,3,323,Lost Customers
15397.0,291,1,94.0,2,1,1,211,Lost Customers
15398.0,18,2,1345.53,5,2,4,524,Potential Loyalists
15399.0,24,2,549.13,5,2,2,522,Potential Loyalists
15400.0,115,8,1302.3,3,4,4,344,Loyal Customers
15401.0,454,2,216.95,1,2,1,121,Lost Customers
15402.0,150,6,1830.54,3,4,4,344,Loyal Customers
15403.0,582,2,170.88,1,2,1,121,Lost Customers
15404.0,377,1,257.06,2,1,1,211,Lost Customers
15405.0,280,2,659.84,2,2,3,223,Lost Customers
15406.0,39,4,975.87,4,3,3,433,Potential Loyalists
15407.0,96,4,1056.44,3,3,3,333,Lost Customers
15408.0,266,1,267.18,2,1,1,211,Lost Customers
15409.0,723,1,131.25,1,1,1,111,Lost Customers
15410.0,86,10,4685.72,3,5,5,355,Loyal Customers
15411.0,28,4,1358.88,4,3,4,434,Potential Loyalists
15412.0,173,1,190.53,3,1,1,311,Lost Customers
15413.0,436,5,6798.72,1,4,5,145,Loyal Customers
15414.0,11,3,774.9000000000001,5,3,3,533,Potential Loyalists
15415.0,315,1,572.8100000000001,2,1,2,212,Lost Customers
15416.0,156,7,4572.82,3,4,5,345,Loyal Customers
15417.0,87,1,508.8,3,1,2,312,Lost Customers
15418.0,427,2,452.32,1,2,2,122,Lost Customers
15419.0,26,1,135.86,4,1,1,411,Lost Customers
15420.0,560,6,743.0,1,4,3,143,Loyal Customers
15421.0,1,10,3805.34,5,5,5,555,Champions
15422.0,325,7,1619.97,2,4,4,244,Loyal Customers
15423.0,334,3,266.89,2,3,1,231,At Risk
15424.0,256,3,597.78,2,3,2,232,At Risk
15425.0,530,4,1944.57,1,3,4,134,At Risk
15426.0,21,9,2615.39,5,5,4,554,Champions
15427.0,49,3,1483.14,4,3,4,434,Potential Loyalists
15428.0,17,4,762.75,5,3,3,533,Potential Loyalists
15429.0,28,2,397.35,4,2,2,422,Potential Loyalists
15430.0,469,2,954.75,1,2,3,123,Lost Customers
15431.0,504,1,153.24,1,1,1,111,Lost Customers
15432.0,25,2,320.76,4,2,2,422,Potential Loyalists
15433.0,67,2,533.3,4,2,2,422,Potential Loyalists
15434.0,109,11,2567.06,3,5,4,354,Loyal Customers
15435.0,24,1,149.29,5,1,1,511,Lost Customers
15436.0,14,3,1122.53,5,3,3,533,Potential Loyalists
15437.0,264,2,393.45,2,2,2,222,Lost Customers
15438.0,133,1,156.57999999999998,3,1,1,311,Lost Customers
15439.0,396,4,1269.05,2,3,4,234,At Risk
15440.0,56,3,383.68,4,3,2,432,Potential Loyalists
15441.0,396,3,1254.21,2,3,4,234,At Risk
15442.0,221,1,594.0,2,1,2,212,Lost Customers
15443.0,14,13,4796.42,5,5,5,555,Champions
15444.0,10,2,1418.26,5,2,4,524,Potential Loyalists
15445.0,266,2,284.5,2,2,1,221,Lost Customers
15446.0,378,3,406.95,2,3,2,232,At Risk
15447.0,332,5,492.88,2,4,2,242,Loyal Customers
15448.0,314,2,788.8100000000001,2,2,3,223,Lost Customers
15449.0,28,3,974.52,4,3,3,433,Potential Loyalists
15450.0,91,1,429.84,3,1,2,312,Lost Customers
15451.0,601,2,233.21,1,2,1,121,Lost Customers
15452.0,61,6,1799.1100000000001,4,4,4,444,Loyal Customers
15453.0,58,6,1253.09,4,4,4,444,Loyal Customers
15454.0,364,2,307.69,2,2,2,222,Lost Customers
15455.0,599,1,38.25,1,1,1,111,Lost Customers
15456.0,342,10,2119.27,2,5,4,254,Loyal Customers
15457.0,264,1,237.07,2,1,1,211,Lost Customers
15458.0,27,2,370.44,4,2,2,422,Potential Loyalists
15459.0,419,2,202.83,1,2,1,121,Lost Customers
15460.0,356,1,216.76,2,1,1,211,Lost Customers
15461.0,581,2,429.7,1,2,2,122,Lost Customers
15462.0,145,4,737.05,3,3,3,333,Lost Customers
15463.0,61,1,126.14,4,1,1,411,Lost Customers
15464.0,224,1,1048.85,2,1,3,213,Lost Customers
15465.0,5,32,12655.65,5,5,5,555,Champions
15466.0,87,4,1571.01,3,3,4,334,Lost Customers
15467.0,11,3,524.88,5,3,2,532,Potential Loyalists
15468.0,53,3,1430.48,4,3,4,434,Potential Loyalists
15469.0,33,3,874.25,4,3,3,433,Potential Loyalists
15470.0,577,1,63.419999999999995,1,1,1,111,Lost Customers
15471.0,382,2,847.08,2,2,3,223,Lost Customers
15472.0,115,1,371.56,3,1,2,312,Lost Customers
15473.0,1,8,2046.0,5,4,4,544,Champions
15474.0,597,1,163.1,1,1,1,111,Lost Customers
15475.0,79,1,454.11,3,1,2,312,Lost Customers
15476.0,365,4,2209.98,2,3,4,234,At Risk
15477.0,651,1,368.4,1,1,2,112,Lost Customers
15478.0,42,3,2024.98,4,3,4,434,Potential Loyalists
15479.0,912,1,147.4,1,1,1,111,Lost Customers
15480.0,118,5,6279.0,3,4,5,345,Loyal Customers
15481.0,640,1,1993.34,1,1,4,114,Lost Customers
15482.0,17,19,14592.56,5,5,5,555,Champions
15483.0,268,10,862.2,2,5,3,253,Loyal Customers
15484.0,20,5,3981.75,5,4,5,545,Champions
15485.0,91,7,5771.51,3,4,5,345,Loyal Customers
15486.0,529,1,102.0,1,1,1,111,Lost Customers
15487.0,681,1,231.32,1,1,1,111,Lost Customers
15488.0,124,5,431.92,3,4,2,342,Loyal Customers
15489.0,6,8,2419.61,5,4,4,544,Champions
15490.0,580,1,217.6,1,1,1,111,Lost Customers
15491.0,102,6,3100.09,3,4,5,345,Loyal Customers
15492.0,30,2,659.46,4,2,3,423,Potential Loyalists
15493.0,151,9,4314.9800000000005,3,5,5,355,Loyal Customers
15494.0,23,5,3780.05,5,4,5,545,Champions
15495.0,381,1,246.5,2,1,1,211,Lost Customers
15496.0,633,1,146.14,1,1,1,111,Lost Customers
15497.0,19,9,8657.39,5,5,5,555,Champions
15498.0,6,43,25174.64,5,5,5,555,Champions
15499.0,725,1,161.6,1,1,1,111,Lost Customers
15500.0,20,4,1131.56,5,3,3,533,Potential Loyalists
15501.0,406,2,402.5,2,2,2,222,Lost Customers
15502.0,17,14,13993.47,5,5,5,555,Champions
15503.0,364,2,267.15,2,2,1,221,Lost Customers
15504.0,83,4,423.85,3,3,2,332,Lost Customers
15505.0,54,5,3610.96,4,4,5,445,Loyal Customers
15506.0,24,6,2040.03,5,4,4,544,Champions
15507.0,173,1,492.36,3,1,2,312,Lost Customers
15508.0,227,6,1000.27,2,4,3,243,Loyal Customers
15509.0,382,1,166.51,2,1,1,211,Lost Customers
15510.0,332,1,250.0,2,1,1,211,Lost Customers
15511.0,13,5,909.23,5,4,3,543,Champions
15512.0,157,4,331.58,3,3,2,332,Lost Customers
15513.0,6,35,27750.55,5,5,5,555,Champions
15514.0,14,18,6598.55,5,5,5,555,Champions
15515.0,389,1,171.81,2,1,1,211,Lost Customers
15516.0,46,3,62.43,4,3,1,431,Potential Loyalists
15517.0,235,1,267.03,2,1,1,211,Lost Customers
15518.0,40,15,4218.94,4,5,5,455,Loyal Customers
15519.0,385,2,344.61,2,2,2,222,Lost Customers
15521.0,36,16,7106.69,4,5,5,455,Loyal Customers
15522.0,89,2,398.84,3,2,2,322,Lost Customers
15523.0,86,16,17359.99,3,5,5,355,Loyal Customers
15524.0,26,2,591.4,4,2,2,422,Potential Loyalists
15525.0,19,3,981.01,5,3,3,533,Potential Loyalists
15526.0,183,2,148.44,3,2,1,321,Lost Customers
15527.0,20,23,5575.64,5,5,5,555,Champions
15528.0,256,1,229.33,2,1,1,211,Lost Customers
15529.0,24,12,5111.95,5,5,5,555,Champions
15530.0,23,5,1813.72,5,4,4,544,Champions
15531.0,90,2,2007.44,3,2,4,324,Lost Customers
15532.0,27,10,3771.9,4,5,5,455,Loyal Customers
15533.0,21,3,807.57,5,3,3,533,Potential Loyalists
15534.0,727,1,162.25,1,1,1,111,Lost Customers
15535.0,175,6,1087.82,3,4,3,343,Loyal Customers
15536.0,411,1,259.09,2,1,1,211,Lost Customers
15537.0,165,1,110.92,3,1,1,311,Lost Customers
15538.0,495,6,3358.4,1,4,5,145,Loyal Customers
15539.0,302,1,538.46,2,1,2,212,Lost Customers
15540.0,13,2,460.68,5,2,2,522,Potential Loyalists
15541.0,116,1,85.13000000000001,3,1,1,311,Lost Customers
15542.0,514,3,918.45,1,3,3,133,At Risk
15543.0,290,2,242.84,2,2,1,221,Lost Customers
15544.0,3,20,8162.43,5,5,5,555,Champions
15545.0,56,2,428.05,4,2,2,422,Potential Loyalists
15546.0,372,2,1079.1000000000001,2,2,3,223,Lost Customers
15547.0,32,26,10154.39,4,5,5,455,Loyal Customers
15548.0,597,1,158.09,1,1,1,111,Lost Customers
15549.0,79,8,2345.96,3,4,4,344,Loyal Customers
15550.0,39,11,2076.45,4,5,4,454,Loyal Customers
15551.0,275,7,1710.08,2,4,4,244,Loyal Customers
15552.0,189,2,252.52,3,2,1,321,Lost Customers
15553.0,62,1,437.23,4,1,2,412,Lost Customers
15554.0,161,1,217.2,3,1,1,311,Lost Customers
15555.0,1,36,12112.35,5,5,5,555,Champions
15556.0,26,1,279.77,4,1,1,411,Lost Customers
15557.0,30,1,473.65000000000003,4,1,2,412,Lost Customers
15558.0,434,1,214.13,1,1,1,111,Lost Customers
15559.0,570,1,1109.4,1,1,3,113,Lost Customers
15560.0,518,2,153.52,1,2,1,121,Lost Customers
15561.0,13,8,1934.3899999999999,5,4,4,544,Champions
15562.0,353,3,673.3800000000001,2,3,3,233,At Risk
15563.0,24,7,2867.0,5,4,4,544,Champions
15564.0,670,2,70.74000000000001,1,2,1,121,Lost Customers
15565.0,52,2,173.16000000000003,4,2,1,421,Potential Loyalists
15566.0,365,2,227.87,2,2,1,221,Lost Customers
15567.0,20,1,186.01,5,1,1,511,Lost Customers
15568.0,46,2,422.52,4,2,2,422,Potential Loyalists
15569.0,40,10,3586.35,4,5,5,455,Loyal Customers
15570.0,12,25,9311.04,5,5,5,555,Champions
15571.0,13,14,4051.63,5,5,5,555,Champions
15572.0,27,9,3873.69,4,5,5,455,Loyal Customers
15573.0,87,5,1207.18,3,4,3,343,Loyal Customers
15574.0,179,6,1518.7,3,4,4,344,Loyal Customers
15575.0,621,1,30.1,1,1,1,111,Lost Customers
15576.0,303,1,940.67,2,1,3,213,Lost Customers
15577.0,34,5,397.98,4,4,2,442,Loyal Customers
15578.0,164,1,127.1,3,1,1,311,Lost Customers
15579.0,304,5,1302.5,2,4,4,244,Loyal Customers
15580.0,378,8,1381.19,2,4,4,244,Loyal Customers
15581.0,33,38,7794.59,4,5,5,455,Loyal Customers
15582.0,26,3,682.9100000000001,4,3,3,433,Potential Loyalists
15583.0,378,1,107.86,2,1,1,211,Lost Customers
15584.0,25,6,1277.5,4,4,4,444,Loyal Customers
15585.0,178,1,455.3,3,1,2,312,Lost Customers
15586.0,497,3,1139.1000000000001,1,3,3,133,At Risk
15587.0,32,7,1522.08,4,4,4,444,Loyal Customers
15588.0,679,1,579.6,1,1,2,112,Lost Customers
15589.0,257,3,478.53,2,3,2,232,At Risk
15590.0,372,5,1496.6,2,4,4,244,Loyal Customers
15591.0,464,3,217.9,1,3,1,131,At Risk
15592.0,48,1,388.58,4,1,2,412,Lost Customers
15593.0,72,1,199.8,4,1,1,411,Lost Customers
15594.0,17,5,1771.78,5,4,4,544,Champions
15595.0,459,1,357.59999999999997,1,1,2,112,Lost Customers
15596.0,97,9,3130.04,3,5,5,355,Loyal Customers
15597.0,244,2,563.37,2,2,2,222,Lost Customers
15598.0,55,2,548.02,4,2,2,422,Potential Loyalists
15599.0,28,3,1250.06,4,3,4,434,Potential Loyalists
15600.0,453,4,1199.31,1,3,3,133,At Risk
15601.0,13,30,14960.12,5,5,5,555,Champions
15602.0,23,16,3230.51,5,5,5,555,Champions
15603.0,80,2,88.48,3,2,1,321,Lost Customers
15604.0,54,1,216.39000000000001,4,1,1,411,Lost Customers
15605.0,32,9,1936.8,4,5,4,454,Loyal Customers
15606.0,3,17,5230.99,5,5,5,555,Champions
15607.0,163,9,1708.97,3,5,4,354,Loyal Customers
15608.0,30,5,1785.98,4,4,4,444,Loyal Customers
15609.0,127,1,298.48,3,1,2,312,Lost Customers
15610.0,53,1,112.46000000000001,4,1,1,411,Lost Customers
15611.0,11,26,2997.28,5,5,5,555,Champions
15612.0,92,2,195.15,3,2,1,321,Lost Customers
15613.0,494,1,433.71999999999997,1,1,2,112,Lost Customers
15614.0,439,4,3147.36,1,3,5,135,At Risk
15615.0,12,47,21373.97,5,5,5,555,Champions
15616.0,440,1,317.11,1,1,2,112,Lost Customers
15617.0,417,3,828.5500000000001,1,3,3,133,At Risk
15618.0,124,4,776.851,3,3,3,333,Lost Customers
15619.0,12,1,336.4,5,1,2,512,Lost Customers
15620.0,58,4,1942.36,4,3,4,434,Potential Loyalists
15621.0,13,2,1044.96,5,2,3,523,Potential Loyalists
15622.0,45,17,7852.610000000001,4,5,5,455,Loyal Customers
15623.0,142,8,2437.05,3,5,4,354,Loyal Customers
15624.0,118,4,588.13,3,3,2,332,Lost Customers
15625.0,105,9,3236.4,3,5,5,355,Loyal Customers
15626.0,76,3,1067.52,3,3,3,333,Lost Customers
15627.0,489,2,566.9,1,2,2,122,Lost Customers
15628.0,26,16,5449.31,4,5,5,455,Loyal Customers
15629.0,452,4,2240.9,1,3,4,134,At Risk
15630.0,47,3,1481.4,4,3,4,434,Potential Loyalists
15631.0,526,1,596.67,1,1,2,112,Lost Customers
15632.0,17,8,3285.31,5,5,5,555,Champions
15633.0,374,13,4352.46,2,5,5,255,Loyal Customers
15634.0,19,2,554.65,5,2,2,522,Potential Loyalists
15635.0,456,1,100.35,1,1,1,111,Lost Customers
15636.0,32,4,1444.58,4,3,4,434,Potential Loyalists
15637.0,54,5,797.59,4,4,3,443,Loyal Customers
15638.0,380,6,2265.2,2,4,4,244,Loyal Customers
15639.0,136,3,1065.08,3,3,3,333,Lost Customers
15640.0,18,28,22771.1,5,5,5,555,Champions
15641.0,107,12,5345.55,3,5,5,355,Loyal Customers
15642.0,790,1,105.78,1,1,1,111,Lost Customers
15643.0,311,3,664.0,2,3,3,233,At Risk
15644.0,168,4,813.0,3,3,3,333,Lost Customers
15645.0,20,3,1055.17,5,3,3,533,Potential Loyalists
15646.0,160,5,974.61,3,4,3,343,Loyal Customers
15647.0,417,1,169.0,1,1,1,111,Lost Customers
15648.0,206,2,657.35,2,2,3,223,Lost Customers
15649.0,163,4,2170.35,3,3,4,334,Lost Customers
15650.0,552,2,553.88,1,2,2,122,Lost Customers
15651.0,262,5,1259.06,2,4,4,244,Loyal Customers
15652.0,93,5,1420.34,3,4,4,344,Loyal Customers
15653.0,117,2,877.44,3,2,3,323,Lost Customers
15654.0,11,2,922.53,5,2,3,523,Potential Loyalists
15655.0,68,1,560.6700000000001,4,1,2,412,Lost Customers
15656.0,47,4,748.5,4,3,3,433,Potential Loyalists
15657.0,24,1,30.0,5,1,1,511,Lost Customers
15658.0,199,8,2423.4700000000003,3,5,4,354,Loyal Customers
15659.0,45,3,532.49,4,3,2,432,Potential Loyalists
15660.0,27,15,2812.9900000000002,4,5,4,454,Loyal Customers
15661.0,224,8,1215.95,2,5,3,253,Loyal Customers
15662.0,663,2,283.73,1,2,1,121,Lost Customers
15663.0,108,1,138.14,3,1,1,311,Lost Customers
15664.0,52,4,1254.03,4,3,4,434,Potential Loyalists
15665.0,68,5,4015.12,4,4,5,445,Loyal Customers
15666.0,474,2,632.94,1,2,3,123,Lost Customers
15667.0,41,1,301.32000000000005,4,1,2,412,Lost Customers
15668.0,189,1,76.32000000000001,3,1,1,311,Lost Customers
15669.0,42,4,684.34,4,3,3,433,Potential Loyalists
15670.0,298,2,325.2,2,2,2,222,Lost Customers
15671.0,20,7,2657.13,5,4,4,544,Champions
15672.0,727,1,45.300000000000004,1,1,1,111,Lost Customers
15673.0,2,9,6414.79,5,5,5,555,Champions
15674.0,67,13,6948.2300000000005,4,5,5,455,Loyal Customers
15675.0,83,4,542.04,3,3,2,332,Lost Customers
15676.0,20,3,3435.76,5,3,5,535,Potential Loyalists
15677.0,51,3,1305.6299999999999,4,3,4,434,Potential Loyalists
15678.0,54,3,1893.89,4,3,4,434,Potential Loyalists
15679.0,26,4,781.28,4,3,3,433,Potential Loyalists
15680.0,11,10,4507.58,5,5,5,555,Champions
15681.0,27,14,2989.7000000000003,4,5,5,455,Loyal Customers
15682.0,601,2,318.24,1,2,2,122,Lost Customers
15683.0,119,2,524.54,3,2,2,322,Lost Customers
15684.0,430,3,173.95,1,3,1,131,At Risk
15685.0,452,1,55.980000000000004,1,1,1,111,Lost Customers
15686.0,422,1,90.0,1,1,1,111,Lost Customers
15687.0,25,9,2993.1,4,5,5,455,Loyal Customers
15688.0,420,1,190.57,1,1,1,111,Lost Customers
15689.0,3,3,521.03,5,3,2,532,Potential Loyalists
15690.0,102,1,111.0,3,1,1,311,Lost Customers
15691.0,341,4,571.3,2,3,2,232,At Risk
15692.0,30,1,191.04,4,1,1,411,Lost Customers
15693.0,661,1,37.5,1,1,1,111,Lost Customers
15694.0,27,23,10404.01,4,5,5,455,Loyal Customers
15695.0,268,4,1131.04,2,3,3,233,At Risk
15696.0,81,13,3906.57,3,5,5,355,Loyal Customers
15697.0,691,1,246.75,1,1,1,111,Lost Customers
15698.0,625,1,46.2,1,1,1,111,Lost Customers
15699.0,19,1,309.65,5,1,2,512,Lost Customers
15700.0,174,2,696.68,3,2,3,323,Lost Customers
15701.0,75,3,1223.2,3,3,3,333,Lost Customers
15702.0,478,2,140.39,1,2,1,121,Lost Customers
15703.0,266,1,211.5,2,1,1,211,Lost Customers
15704.0,128,6,3817.96,3,4,5,345,Loyal Customers
15705.0,203,1,143.1,3,1,1,311,Lost Customers
15706.0,77,4,1060.56,3,3,3,333,Lost Customers
15707.0,45,4,945.58,4,4,3,443,Loyal Customers
15708.0,42,9,4378.72,4,5,5,455,Loyal Customers
15709.0,342,2,327.85,2,2,2,222,Lost Customers
15710.0,419,1,898.87,1,1,3,113,Lost Customers
15711.0,686,2,420.25,1,2,2,122,Lost Customers
15712.0,11,12,3472.41,5,5,5,555,Champions
15713.0,145,4,1010.79,3,4,3,343,Loyal Customers
15714.0,13,5,784.8100000000001,5,4,3,543,Champions
15715.0,598,5,658.02,1,4,3,143,Loyal Customers
15716.0,147,11,3056.81,3,5,5,355,Loyal Customers
15717.0,236,5,607.0,2,4,2,242,Loyal Customers
15718.0,542,1,293.79,1,1,2,112,Lost Customers
15719.0,153,31,10223.06,3,5,5,355,Loyal Customers
15720.0,26,2,741.92,4,2,3,423,Potential Loyalists
15721.0,13,1,507.08000000000004,5,1,2,512,Lost Customers
15722.0,110,11,5258.1,3,5,5,355,Loyal Customers
15723.0,413,4,947.65,2,4,3,243,Loyal Customers
15724.0,203,3,310.85,3,3,2,332,Lost Customers
15725.0,17,1,415.25,5,1,2,512,Lost Customers
15726.0,392,1,321.91,2,1,2,212,Lost Customers
15727.0,10,15,9445.51,5,5,5,555,Champions
15728.0,381,2,544.6,2,2,2,222,Lost Customers
15729.0,36,3,192.55,4,3,1,431,Potential Loyalists
15730.0,124,5,1726.58,3,4,4,344,Loyal Customers
15731.0,614,1,125.3,1,1,1,111,Lost Customers
15732.0,36,10,1682.07,4,5,4,454,Loyal Customers
15733.0,311,1,162.3,2,1,1,211,Lost Customers
15734.0,116,4,2263.3,3,4,4,344,Loyal Customers
15735.0,423,1,327.68,1,1,2,112,Lost Customers
15736.0,437,2,1815.72,1,2,4,124,Lost Customers
15737.0,16,8,1205.1200000000001,5,5,3,553,Champions
15738.0,20,41,13372.97,5,5,5,555,Champions
15739.0,245,1,449.12,2,1,2,212,Lost Customers
15740.0,51,1,154.88,4,1,1,411,Lost Customers
15741.0,520,2,208.62,1,2,1,121,Lost Customers
15742.0,621,1,156.87,1,1,1,111,Lost Customers
15743.0,18,4,784.46,5,4,3,543,Champions
15744.0,79,1,34.8,3,1,1,311,Lost Customers
15745.0,21,4,1094.5900000000001,5,4,3,543,Champions
15746.0,136,1,196.88,3,1,1,311,Lost Customers
15747.0,14,9,2562.61,5,5,4,554,Champions
15748.0,42,3,614.76,4,3,3,433,Potential Loyalists
15749.0,40,3,44534.3,4,3,5,435,Potential Loyalists
15750.0,16,17,6456.801,5,5,5,555,Champions
15751.0,526,11,1380.44,1,5,4,154,Loyal Customers
15752.0,41,9,4207.54,4,5,5,455,Loyal Customers
15753.0,131,1,79.2,3,1,1,311,Lost Customers
15754.0,53,9,3037.61,4,5,5,455,Loyal Customers
15755.0,2,17,5993.12,5,5,5,555,Champions
15756.0,65,4,532.96,4,4,2,442,Loyal Customers
15757.0,189,6,2940.36,3,4,5,345,Loyal Customers
15758.0,26,1,205.25,4,1,1,411,Lost Customers
15759.0,220,7,830.9300000000001,2,4,3,243,Loyal Customers
15760.0,632,2,13916.34,1,2,5,125,Lost Customers
15761.0,444,1,143.05,1,1,1,111,Lost Customers
15762.0,79,2,583.75,3,2,2,322,Lost Customers
15763.0,79,2,1086.92,3,2,3,323,Lost Customers
15764.0,1,8,4503.08,5,5,5,555,Champions
15765.0,404,1,370.63,2,1,2,212,Lost Customers
15766.0,184,3,831.0600000000001,3,3,3,333,Lost Customers
15768.0,117,34,15601.09,3,5,5,355,Loyal Customers
15769.0,42,46,88704.32,4,5,5,455,Loyal Customers
15770.0,555,1,321.45,1,1,2,112,Lost Customers
15771.0,555,3,1006.54,1,3,3,133,At Risk
15772.0,420,1,280.88,1,1,1,111,Lost Customers
15773.0,243,2,774.52,2,2,3,223,Lost Customers
15774.0,304,6,1329.94,2,4,4,244,Loyal Customers
15775.0,129,2,150.5,3,2,1,321,Lost Customers
15776.0,135,1,241.62,3,1,1,311,Lost Customers
15777.0,7,7,1762.6100000000001,5,4,4,544,Champions
15778.0,610,1,307.95000000000005,1,1,2,112,Lost Customers
15779.0,534,2,124.08000000000001,1,2,1,121,Lost Customers
15780.0,37,3,475.28000000000003,4,3,2,432,Potential Loyalists
15781.0,27,3,345.46000000000004,4,3,2,432,Potential Loyalists
15782.0,11,4,4014.1,5,4,5,545,Champions
15783.0,12,1,246.3,5,1,1,511,Lost Customers
15784.0,469,2,848.33,1,2,3,123,Lost Customers
15785.0,153,16,5969.93,3,5,5,355,Loyal Customers
15786.0,48,5,8514.82,4,4,5,445,Loyal Customers
15787.0,28,3,948.05,4,3,3,433,Potential Loyalists
15788.0,510,1,221.83,1,1,1,111,Lost Customers
15789.0,360,6,1962.01,2,4,4,244,Loyal Customers
15790.0,12,1,220.85,5,1,1,511,Lost Customers
15791.0,45,5,3608.34,4,4,5,445,Loyal Customers
15792.0,579,2,933.84,1,2,3,123,Lost Customers
15793.0,16,8,2399.57,5,5,4,554,Champions
15794.0,1004,2,777.0,1,2,3,123,Lost Customers
15795.0,151,8,1979.8700000000001,3,5,4,354,Loyal Customers
15796.0,19,16,4728.18,5,5,5,555,Champions
15797.0,97,6,2821.08,3,4,4,344,Loyal Customers
15798.0,612,3,1535.37,1,3,4,134,At Risk
15799.0,77,4,1424.29,3,4,4,344,Loyal Customers
15800.0,109,7,1242.58,3,4,4,344,Loyal Customers
15801.0,48,3,1063.95,4,3,3,433,Potential Loyalists
15802.0,144,1,451.42,3,1,2,312,Lost Customers
15803.0,53,4,1929.66,4,4,4,444,Loyal Customers
15804.0,13,12,3877.34,5,5,5,555,Champions
15805.0,25,30,10189.23,4,5,5,455,Loyal Customers
15806.0,48,3,784.58,4,3,3,433,Potential Loyalists
15807.0,52,5,1817.52,4,4,4,444,Loyal Customers
15808.0,192,21,18409.93,3,5,5,355,Loyal Customers
15809.0,70,7,1274.44,4,4,4,444,Loyal Customers
15810.0,80,8,2999.04,3,5,5,355,Loyal Customers
15811.0,24,7,3890.52,5,4,5,545,Champions
15812.0,34,12,5201.47,4,5,5,455,Loyal Customers
15813.0,209,2,1303.9099999999999,2,2,4,224,Lost Customers
15814.0,18,6,2634.44,5,4,4,544,Champions
15815.0,36,5,2100.6,4,4,4,444,Loyal Customers
15816.0,544,2,144.15,1,2,1,121,Lost Customers
15817.0,422,3,2766.4,1,3,4,134,At Risk
15818.0,590,1,340.5,1,1,2,112,Lost Customers
15819.0,51,10,3934.79,4,5,5,455,Loyal Customers
15820.0,321,1,206.98,2,1,1,211,Lost Customers
15821.0,46,2,570.96,4,2,2,422,Potential Loyalists
15822.0,361,5,1394.79,2,4,4,244,Loyal Customers
15823.0,667,3,3897.17,1,3,5,135,At Risk
15824.0,367,2,890.94,2,2,3,223,Lost Customers
15825.0,174,1,532.94,3,1,2,312,Lost Customers
15826.0,58,4,2598.28,4,4,4,444,Loyal Customers
15827.0,75,28,3794.07,3,5,5,355,Loyal Customers
15828.0,377,1,1108.82,2,1,3,213,Lost Customers
15829.0,142,2,636.14,3,2,3,323,Lost Customers
15830.0,303,1,576.0,2,1,2,212,Lost Customers
15831.0,1,3,801.76,5,3,3,533,Potential Loyalists
15832.0,256,1,836.79,2,1,3,213,Lost Customers
15833.0,1032,1,80.4,1,1,1,111,Lost Customers
15834.0,72,7,3772.99,4,4,5,445,Loyal Customers
15835.0,46,4,954.09,4,4,3,443,Loyal Customers
15836.0,52,1,137.37,4,1,1,411,Lost Customers
15837.0,184,2,777.01,3,2,3,323,Lost Customers
15838.0,13,34,74163.0,5,5,5,555,Champions
15839.0,82,3,1048.49,3,3,3,333,Lost Customers
15840.0,1,2,355.56,5,2,2,522,Potential Loyalists
15841.0,74,9,2742.41,3,5,4,354,Loyal Customers
15842.0,395,2,548.8000000000001,2,2,2,222,Lost Customers
15843.0,100,1,118.95,3,1,1,311,Lost Customers
15844.0,48,1,130.73999999999998,4,1,1,411,Lost Customers
15845.0,19,11,4426.28,5,5,5,555,Champions
15846.0,387,1,107.01,2,1,1,211,Lost Customers
15847.0,290,5,822.57,2,4,3,243,Loyal Customers
15848.0,623,1,139.94,1,1,1,111,Lost Customers
15850.0,21,6,1058.72,5,4,3,543,Champions
15851.0,703,1,109.73,1,1,1,111,Lost Customers
15852.0,188,3,257.26,3,3,1,331,Lost Customers
15853.0,53,1,110.8,4,1,1,411,Lost Customers
15854.0,88,19,5449.1,3,5,5,355,Loyal Customers
15855.0,96,6,1052.72,3,4,3,343,Loyal Customers
15856.0,34,49,33164.54,4,5,5,455,Loyal Customers
15857.0,20,2,570.48,5,2,2,522,Potential Loyalists
15858.0,17,13,3960.37,5,5,5,555,Champions
15859.0,641,1,438.46,1,1,2,112,Lost Customers
15860.0,42,17,2505.21,4,5,4,454,Loyal Customers
15861.0,14,12,4401.79,5,5,5,555,Champions
15862.0,114,13,2928.29,3,5,4,354,Loyal Customers
15863.0,27,5,358.7,4,4,2,442,Loyal Customers
15864.0,24,7,2180.76,5,4,4,544,Champions
15865.0,2,5,2248.92,5,4,4,544,Champions
15866.0,103,1,230.53,3,1,1,311,Lost Customers
15867.0,24,30,8778.37,5,5,5,555,Champions
15868.0,585,1,94.53,1,1,1,111,Lost Customers
15869.0,160,3,323.65999999999997,3,3,2,332,Lost Customers
15870.0,153,4,862.61,3,4,3,343,Loyal Customers
15871.0,439,1,33.099999999999994,1,1,1,111,Lost Customers
15872.0,16,4,795.68,5,4,3,543,Champions
15873.0,501,4,313.91999999999996,1,4,2,142,Loyal Customers
15874.0,129,21,11284.76,3,5,5,355,Loyal Customers
15875.0,648,1,111.72,1,1,1,111,Lost Customers
15876.0,410,2,1449.14,2,2,4,224,Lost Customers
15877.0,19,1,242.26,5,1,1,511,Lost Customers
15878.0,563,2,330.77,1,2,2,122,Lost Customers
15879.0,406,4,1157.3,2,4,3,243,Loyal Customers
15880.0,578,1,686.56,1,1,3,113,Lost Customers
15881.0,314,5,501.39,2,4,2,242,Loyal Customers
15882.0,200,8,1495.98,3,5,4,354,Loyal Customers
15883.0,183,1,143.76,3,1,1,311,Lost Customers
15884.0,641,2,249.70000000000002,1,2,1,121,Lost Customers
15885.0,124,15,1951.82,3,5,4,354,Loyal Customers
15886.0,62,4,1052.8700000000001,4,4,3,443,Loyal Customers
15887.0,408,3,1027.15,2,3,3,233,At Risk
15888.0,82,3,429.16,3,3,2,332,Lost Customers
15889.0,187,8,1806.28,3,5,4,354,Loyal Customers
15890.0,426,5,535.65,1,4,2,142,Loyal Customers
15891.0,228,1,524.52,2,1,2,212,Lost Customers
15892.0,496,1,128.2,1,1,1,111,Lost Customers
15893.0,483,1,305.28000000000003,1,1,2,112,Lost Customers
15894.0,255,2,420.29,2,2,2,222,Lost Customers
15895.0,151,1,179.17,3,1,1,311,Lost Customers
15897.0,196,2,222.05,3,2,1,321,Lost Customers
15898.0,228,24,5210.42,2,5,5,255,Loyal Customers
15899.0,547,1,112.5,1,1,1,111,Lost Customers
15900.0,25,4,900.4,4,4,3,443,Loyal Customers
15901.0,18,7,703.22,5,4,3,543,Champions
15902.0,382,1,145.01,2,1,1,211,Lost Customers
15903.0,11,12,8939.84,5,5,5,555,Champions
15904.0,333,1,164.68,2,1,1,211,Lost Customers
15905.0,545,1,114.69,1,1,1,111,Lost Customers
15906.0,21,10,2555.64,5,5,4,554,Champions
15907.0,178,2,529.52,3,2,2,322,Lost Customers
15908.0,513,2,764.57,1,2,3,123,Lost Customers
15909.0,175,1,191.94,3,1,1,311,Lost Customers
15910.0,17,14,2548.45,5,5,4,554,Champions
15911.0,434,8,1702.34,1,5,4,154,Loyal Customers
15912.0,180,9,1074.7,3,5,3,353,Loyal Customers
15913.0,536,1,6.300000000000001,1,1,1,111,Lost Customers
15914.0,380,2,205.99,2,2,1,221,Lost Customers
15915.0,640,1,429.21,1,1,2,112,Lost Customers
15916.0,18,13,3427.17,5,5,5,555,Champions
15917.0,190,5,560.63,3,4,2,342,Loyal Customers
15918.0,273,3,582.88,2,3,2,232,At Risk
15919.0,21,2,910.61,5,2,3,523,Potential Loyalists
15920.0,126,9,571.64,3,5,2,352,Loyal Customers
15921.0,174,4,802.11,3,4,3,343,Loyal Customers
15922.0,698,1,739.0,1,1,3,113,Lost Customers
15923.0,667,1,254.16,1,1,1,111,Lost Customers
15924.0,851,1,102.82,1,1,1,111,Lost Customers
15925.0,196,1,207.15,3,1,1,311,Lost Customers
15926.0,544,1,134.44,1,1,1,111,Lost Customers
15927.0,676,1,123.39000000000001,1,1,1,111,Lost Customers
15928.0,658,1,293.53,1,1,2,112,Lost Customers
15929.0,587,1,594.0,1,1,2,112,Lost Customers
15930.0,276,1,426.63,2,1,2,212,Lost Customers
15931.0,519,1,239.9,1,1,1,111,Lost Customers
15932.0,2,7,2195.65,5,4,4,544,Champions
15933.0,23,3,1107.46,5,3,3,533,Potential Loyalists
15934.0,419,2,2190.66,1,2,4,124,Lost Customers
15935.0,7,2,416.86,5,2,2,522,Potential Loyalists
15936.0,381,2,282.79,2,2,1,221,Lost Customers
15937.0,184,1,145.35000000000002,3,1,1,311,Lost Customers
15938.0,114,9,734.8100000000001,3,5,3,353,Loyal Customers
15939.0,5,16,9060.39,5,5,5,555,Champions
15940.0,343,1,35.8,2,1,1,211,Lost Customers
15941.0,373,1,405.0,2,1,2,212,Lost Customers
15942.0,135,1,337.44,3,1,2,312,Lost Customers
15943.0,651,2,271.28999999999996,1,2,1,121,Lost Customers
15944.0,130,4,2164.24,3,4,4,344,Loyal Customers
15945.0,443,4,827.27,1,4,3,143,Loyal Customers
15946.0,504,3,2304.18,1,3,4,134,At Risk
15947.0,84,1,1708.24,3,1,4,314,Lost Customers
15948.0,45,3,1509.0900000000001,4,3,4,434,Potential Loyalists
15949.0,18,2,364.72,5,2,2,522,Potential Loyalists
15950.0,80,10,7180.71,3,5,5,355,Loyal Customers
15951.0,287,3,1013.1700000000001,2,3,3,233,At Risk
15952.0,183,4,806.57,3,4,3,343,Loyal Customers
15953.0,6,18,3669.5499999999997,5,5,5,555,Champions
15954.0,591,1,190.75,1,1,1,111,Lost Customers
15955.0,26,22,8658.36,4,5,5,455,Loyal Customers
15956.0,553,2,617.6,1,2,3,123,Lost Customers
15957.0,122,3,930.1,3,3,3,333,Lost Customers
15958.0,76,4,492.99,3,4,2,342,Loyal Customers
15959.0,684,3,579.49,1,3,2,132,At Risk
15960.0,376,4,410.95,2,4,2,242,Loyal Customers
15961.0,381,1,451.28999999999996,2,1,2,212,Lost Customers
15962.0,451,1,295.83,1,1,2,112,Lost Customers
15963.0,21,2,470.76,5,2,2,522,Potential Loyalists
15964.0,665,1,272.96000000000004,1,1,1,111,Lost Customers
15965.0,19,13,3013.09,5,5,5,555,Champions
15966.0,452,1,426.53,1,1,2,112,Lost Customers
15967.0,25,12,3041.6,4,5,5,455,Loyal Customers
15968.0,390,1,418.05,2,1,2,212,Lost Customers
15969.0,51,4,992.05,4,4,3,443,Loyal Customers
15970.0,100,2,1017.3199999999999,3,2,3,323,Lost Customers
15971.0,2,18,5902.83,5,5,5,555,Champions
15972.0,458,5,1810.27,1,4,4,144,Loyal Customers
15973.0,486,3,988.44,1,3,3,133,At Risk
15974.0,6,7,3442.15,5,4,5,545,Champions
15975.0,86,1,371.01,3,1,2,312,Lost Customers
15976.0,167,6,1746.64,3,4,4,344,Loyal Customers
15977.0,19,2,1054.73,5,2,3,523,Potential Loyalists
15978.0,79,3,3279.42,3,3,5,335,Lost Customers
15979.0,604,1,329.21999999999997,1,1,2,112,Lost Customers
15980.0,2,7,6593.68,5,4,5,545,Champions
15981.0,7,21,9362.77,5,5,5,555,Champions
15982.0,607,1,324.51,1,1,2,112,Lost Customers
15983.0,23,8,3958.82,5,5,5,555,Champions
15984.0,72,28,8013.61,4,5,5,455,Loyal Customers
15985.0,125,7,2715.28,3,4,4,344,Loyal Customers
15986.0,91,2,354.42,3,2,2,322,Lost Customers
15987.0,14,8,1682.13,5,5,4,554,Champions
15988.0,21,3,770.09,5,3,3,533,Potential Loyalists
15989.0,377,2,372.51,2,2,2,222,Lost Customers
15990.0,46,7,2010.05,4,4,4,444,Loyal Customers
15991.0,536,1,150.55,1,1,1,111,Lost Customers
15992.0,367,2,854.61,2,2,3,223,Lost Customers
15993.0,18,7,2797.57,5,4,4,544,Champions
15994.0,56,3,1202.18,4,3,3,433,Potential Loyalists
15995.0,416,1,696.19,2,1,3,213,Lost Customers
15996.0,2,7,1686.9,5,4,4,544,Champions
15998.0,89,16,8308.34,3,5,5,355,Loyal Customers
15999.0,973,1,20.4,1,1,1,111,Lost Customers
16001.0,383,1,583.39,2,1,2,212,Lost Customers
16002.0,627,1,169.21,1,1,1,111,Lost Customers
16003.0,61,10,5613.83,4,5,5,455,Loyal Customers
16004.0,476,5,2146.39,1,4,4,144,Loyal Customers
16005.0,14,10,2436.22,5,5,4,554,Champions
16006.0,6,2,347.17,5,2,2,522,Potential Loyalists
16007.0,5,7,3075.14,5,4,5,545,Champions
16008.0,25,15,5384.13,4,5,5,455,Loyal Customers
16009.0,24,4,992.71,5,4,3,543,Champions
16010.0,129,11,1724.06,3,5,4,354,Loyal Customers
16011.0,3,29,5880.46,5,5,5,555,Champions
16012.0,156,5,2989.79,3,4,5,345,Loyal Customers
16013.0,3,83,56655.4,5,5,5,555,Champions
16014.0,65,5,1130.27,4,4,3,443,Loyal Customers
16015.0,28,2,502.28999999999996,4,2,2,422,Potential Loyalists
16016.0,16,10,2393.34,5,5,4,554,Champions
16017.0,49,5,1553.83,4,4,4,444,Loyal Customers
16018.0,5,4,698.13,5,4,3,543,Champions
16019.0,48,27,17465.85,4,5,5,455,Loyal Customers
16020.0,18,3,851.01,5,3,3,533,Potential Loyalists
16021.0,456,2,532.25,1,2,2,122,Lost Customers
16022.0,262,1,628.28,2,1,3,213,Lost Customers
16023.0,48,3,719.81,4,3,3,433,Potential Loyalists
16024.0,14,3,484.2,5,3,2,532,Potential Loyalists
16025.0,61,1,439.65999999999997,4,1,2,412,Lost Customers
16026.0,45,1,236.09,4,1,1,411,Lost Customers
16027.0,70,15,2048.36,4,5,4,454,Loyal Customers
16028.0,597,1,82.2,1,1,1,111,Lost Customers
16029.0,31,107,122209.14,4,5,5,455,Loyal Customers
16030.0,284,1,331.24,2,1,2,212,Lost Customers
16031.0,124,2,548.94,3,2,2,322,Lost Customers
16032.0,457,6,1970.45,1,4,4,144,Loyal Customers
16033.0,6,27,10836.13,5,5,5,555,Champions
16034.0,40,6,928.72,4,4,3,443,Loyal Customers
16035.0,562,1,217.73,1,1,1,111,Lost Customers
16036.0,89,4,2556.84,3,4,4,344,Loyal Customers
16037.0,131,5,1509.3400000000001,3,4,4,344,Loyal Customers
16038.0,179,3,471.78,3,3,2,332,Lost Customers
16039.0,366,2,456.4,2,2,2,222,Lost Customers
16040.0,150,7,2416.9,3,4,4,344,Loyal Customers
16041.0,91,3,3166.4,3,3,5,335,Lost Customers
16042.0,23,8,2265.12,5,5,4,554,Champions
16043.0,6,8,1856.5900000000001,5,5,4,554,Champions
16044.0,436,1,340.84000000000003,1,1,2,112,Lost Customers
16045.0,3,8,3434.93,5,5,5,555,Champions
16046.0,564,1,235.78,1,1,1,111,Lost Customers
16047.0,684,1,107.14,1,1,1,111,Lost Customers
16048.0,492,4,1075.23,1,4,3,143,Loyal Customers
16049.0,42,6,1899.68,4,4,4,444,Loyal Customers
16050.0,175,3,300.7,3,3,2,332,Lost Customers
16051.0,683,1,188.44,1,1,1,111,Lost Customers
16052.0,56,1,362.06,4,1,2,412,Lost Customers
16053.0,94,6,3634.84,3,4,5,345,Loyal Customers
16054.0,147,4,2111.88,3,4,4,344,Loyal Customers
16055.0,281,1,134.8,2,1,1,211,Lost Customers
16056.0,47,1,664.85,4,1,3,413,Lost Customers
16057.0,6,10,3854.85,5,5,5,555,Champions
16058.0,408,1,62.7,2,1,1,211,Lost Customers
16059.0,73,12,3217.77,4,5,5,455,Loyal Customers
16060.0,580,3,541.95,1,3,2,132,At Risk
16061.0,610,1,89.65,1,1,1,111,Lost Customers
16062.0,7,8,2863.45,5,5,4,554,Champions
16063.0,262,1,335.32,2,1,2,212,Lost Customers
16064.0,727,1,111.0,1,1,1,111,Lost Customers
16065.0,382,8,2382.62,2,5,4,254,Loyal Customers
16066.0,18,5,1521.87,5,4,4,544,Champions
16067.0,564,3,3395.29,1,3,5,135,At Risk
16068.0,595,1,122.93,1,1,1,111,Lost Customers
16069.0,419,1,457.7,1,1,2,112,Lost Customers
16070.0,24,2,852.15,5,2,3,523,Potential Loyalists
16071.0,46,4,1076.8,4,4,3,443,Loyal Customers
16072.0,290,4,4328.89,2,4,5,245,Loyal Customers
16073.0,299,1,122.4,2,1,1,211,Lost Customers
16074.0,392,1,265.25,2,1,1,211,Lost Customers
16075.0,504,2,736.9300000000001,1,2,3,123,Lost Customers
16076.0,24,9,2073.75,5,5,4,554,Champions
16077.0,627,1,2300.4,1,1,4,114,Lost Customers
16078.0,342,2,362.99,2,2,2,222,Lost Customers
16079.0,18,3,1352.0,5,3,4,534,Potential Loyalists
16080.0,69,4,602.5600000000001,4,4,2,442,Loyal Customers
16081.0,58,8,4460.18,4,5,5,455,Loyal Customers
16082.0,527,1,106.75,1,1,1,111,Lost Customers
16083.0,102,4,2351.42,3,4,4,344,Loyal Customers
16084.0,301,1,436.18,2,1,2,212,Lost Customers
16085.0,1,12,2343.53,5,5,4,554,Champions
16086.0,31,10,2864.9900000000002,4,5,4,454,Loyal Customers
16087.0,391,5,1739.92,2,4,4,244,Loyal Customers
16088.0,577,2,1437.43,1,2,4,124,Lost Customers
16089.0,388,2,271.44,2,2,1,221,Lost Customers
16090.0,626,1,205.91,1,1,1,111,Lost Customers
16091.0,126,2,315.06,3,2,2,322,Lost Customers
16092.0,116,6,1587.94,3,4,4,344,Loyal Customers
16093.0,108,1,17.0,3,1,1,311,Lost Customers
16094.0,13,11,3695.56,5,5,5,555,Champions
16095.0,458,1,447.05,1,1,2,112,Lost Customers
16096.0,266,4,1584.97,2,4,4,244,Loyal Customers
16097.0,242,1,185.04999999999998,2,1,1,211,Lost Customers
16098.0,89,14,4448.1,3,5,5,355,Loyal Customers
16099.0,52,7,1573.2,4,4,4,444,Loyal Customers
16100.0,642,1,582.64,1,1,2,112,Lost Customers
16101.0,72,4,3229.16,4,4,5,445,Loyal Customers
16102.0,44,3,1842.14,4,3,4,434,Potential Loyalists
16103.0,81,22,6191.71,3,5,5,355,Loyal Customers
16104.0,92,9,2778.61,3,5,4,354,Loyal Customers
16105.0,221,5,2386.19,2,4,4,244,Loyal Customers
16106.0,215,1,108.38,2,1,1,211,Lost Customers
16107.0,19,7,3204.1600000000003,5,4,5,545,Champions
16108.0,86,4,2235.92,3,4,4,344,Loyal Customers
16109.0,220,3,939.48,2,3,3,233,At Risk
16110.0,47,4,1819.27,4,4,4,444,Loyal Customers
16111.0,518,1,562.48,1,1,2,112,Lost Customers
16112.0,71,4,195.74,4,4,1,441,Loyal Customers
16113.0,96,1,161.38,3,1,1,311,Lost Customers
16114.0,172,1,135.75000000000003,3,1,1,311,Lost Customers
16115.0,5,12,2575.14,5,5,4,554,Champions
16116.0,6,1,612.78,5,1,2,512,Lost Customers
16117.0,280,3,654.4,2,3,3,233,At Risk
16118.0,654,1,4376.25,1,1,5,115,Lost Customers
16119.0,74,8,1720.81,3,5,4,354,Loyal Customers
16120.0,31,6,3056.91,4,4,5,445,Loyal Customers
16121.0,59,5,1477.09,4,4,4,444,Loyal Customers
16122.0,40,6,1001.34,4,4,3,443,Loyal Customers
16123.0,53,1,307.78000000000003,4,1,2,412,Lost Customers
16124.0,319,4,1772.49,2,4,4,244,Loyal Customers
16125.0,382,14,4587.65,2,5,5,255,Loyal Customers
16126.0,61,15,14646.800000000001,4,5,5,455,Loyal Customers
16127.0,41,2,801.3100000000001,4,2,3,423,Potential Loyalists
16128.0,19,11,3801.05,5,5,5,555,Champions
16129.0,409,3,1396.05,2,3,4,234,At Risk
16130.0,424,4,987.48,1,4,3,143,Loyal Customers
16131.0,53,12,9957.42,4,5,5,455,Loyal Customers
16132.0,546,2,664.1999999999999,1,2,3,123,Lost Customers
16133.0,18,55,22683.04,5,5,5,555,Champions
16134.0,23,5,2145.34,5,4,4,544,Champions
16135.0,264,2,819.45,2,2,3,223,Lost Customers
16136.0,31,4,946.8000000000001,4,4,3,443,Loyal Customers
16137.0,682,1,422.7,1,1,2,112,Lost Customers
16138.0,380,3,910.35,2,3,3,233,At Risk
16139.0,20,5,1111.15,5,4,3,543,Champions
16140.0,215,3,1557.6000000000001,2,3,4,234,At Risk
16141.0,2,2,955.94,5,2,3,523,Potential Loyalists
16142.0,251,1,535.34,2,1,2,212,Lost Customers
16143.0,36,11,4435.25,4,5,5,455,Loyal Customers
16144.0,160,1,175.2,3,1,1,311,Lost Customers
16145.0,4,19,6805.4400000000005,5,5,5,555,Champions
16146.0,205,4,946.38,3,4,3,343,Loyal Customers
16147.0,135,5,2398.91,3,4,4,344,Loyal Customers
16148.0,298,2,386.62,2,2,2,222,Lost Customers
16149.0,144,2,305.38,3,2,2,322,Lost Customers
16150.0,2,10,4395.59,5,5,5,555,Champions
16152.0,270,1,1829.04,2,1,4,214,Lost Customers
16153.0,51,11,5133.49,4,5,5,455,Loyal Customers
16155.0,383,5,796.9,2,4,3,243,Loyal Customers
16156.0,26,20,6218.18,4,5,5,455,Loyal Customers
16157.0,17,3,656.69,5,3,3,533,Potential Loyalists
16158.0,546,9,628.32,1,5,3,153,Loyal Customers
16159.0,283,4,1232.79,2,4,4,244,Loyal Customers
16160.0,87,2,1025.44,3,2,3,323,Lost Customers
16161.0,16,42,12513.29,5,5,5,555,Champions
16162.0,341,1,37.4,2,1,1,211,Lost Customers
16163.0,234,6,2849.58,2,4,4,244,Loyal Customers
16164.0,19,3,822.48,5,3,3,533,Potential Loyalists
16165.0,507,1,79.9,1,1,1,111,Lost Customers
16166.0,519,2,435.83,1,2,2,122,Lost Customers
16167.0,416,5,1386.12,2,4,4,244,Loyal Customers
16168.0,4,66,10636.47,5,5,5,555,Champions
16169.0,41,4,1822.97,4,4,4,444,Loyal Customers
16170.0,52,20,6869.0,4,5,5,455,Loyal Customers
16171.0,31,1,73.19999999999999,4,1,1,411,Lost Customers
16172.0,7,8,1884.55,5,5,4,554,Champions
16173.0,17,6,1418.32,5,4,4,544,Champions
16174.0,34,7,2246.75,4,4,4,444,Loyal Customers
16175.0,170,7,1836.44,3,4,4,344,Loyal Customers
16176.0,423,4,2052.69,1,4,4,144,Loyal Customers
16177.0,52,8,2247.31,4,5,4,454,Loyal Customers
16178.0,140,2,612.6,3,2,2,322,Lost Customers
16179.0,62,1,215.83,4,1,1,411,Lost Customers
16180.0,102,13,16249.87,3,5,5,355,Loyal Customers
16181.0,75,1,305.54,3,1,2,312,Lost Customers
16182.0,74,9,9971.65,3,5,5,355,Loyal Customers
16183.0,276,4,1077.81,2,4,3,243,Loyal Customers
16184.0,6,6,1158.79,5,4,3,543,Champions
16185.0,18,3,644.72,5,3,3,533,Potential Loyalists
16186.0,6,26,9026.11,5,5,5,555,Champions
16187.0,53,15,6911.4400000000005,4,5,5,455,Loyal Customers
16188.0,37,5,1087.66,4,4,3,443,Loyal Customers
16189.0,17,2,215.48,5,2,1,521,Potential Loyalists
16190.0,42,8,2723.55,4,5,4,454,Loyal Customers
16191.0,13,23,15443.36,5,5,5,555,Champions
16192.0,973,1,351.3,1,1,2,112,Lost Customers
16193.0,238,2,630.4300000000001,2,2,3,223,Lost Customers
16194.0,377,1,308.6,2,1,2,212,Lost Customers
16195.0,725,1,323.25,1,1,2,112,Lost Customers
16196.0,490,1,93.3,1,1,1,111,Lost Customers
16197.0,471,9,2016.71,1,5,4,154,Loyal Customers
16198.0,77,2,1030.0410000000002,3,2,3,323,Lost Customers
16199.0,365,7,942.75,2,4,3,243,Loyal Customers
16200.0,166,11,5113.4,3,5,5,355,Loyal Customers
16201.0,22,4,1602.72,5,4,4,544,Champions
16202.0,362,9,2501.9900000000002,2,5,4,254,Loyal Customers
16203.0,1,6,1114.54,5,4,3,543,Champions
16204.0,25,3,944.24,4,3,3,433,Potential Loyalists
16205.0,91,7,1830.61,3,4,4,344,Loyal Customers
16206.0,56,13,2602.32,4,5,4,454,Loyal Customers
16207.0,27,1,394.38,4,1,2,412,Lost Customers
16208.0,46,10,3440.4500000000003,4,5,5,455,Loyal Customers
16209.0,2,9,4146.78,5,5,5,555,Champions
16210.0,11,34,34890.11,5,5,5,555,Champions
16211.0,2,3,1090.59,5,3,3,533,Potential Loyalists
16212.0,21,4,1293.71,5,4,4,544,Champions
16213.0,80,1,159.0,3,1,1,311,Lost Customers
16214.0,172,4,2038.25,3,4,4,344,Loyal Customers
16215.0,82,1,242.35,3,1,1,311,Lost Customers
16216.0,269,1,914.9300000000001,2,1,3,213,Lost Customers
16217.0,237,2,304.25,2,2,2,222,Lost Customers
16218.0,61,13,4439.97,4,5,5,455,Loyal Customers
16219.0,502,1,40.8,1,1,1,111,Lost Customers
16221.0,99,9,2235.5099999999998,3,5,4,354,Loyal Customers
16222.0,320,2,1345.22,2,2,4,224,Lost Customers
16223.0,376,2,1102.3500000000001,2,2,3,223,Lost Customers
16224.0,58,5,1616.54,4,4,4,444,Loyal Customers
16225.0,46,15,2867.41,4,5,4,454,Loyal Customers
16226.0,205,5,672.17,3,4,3,343,Loyal Customers
16227.0,227,3,1027.22,2,3,3,233,At Risk
16228.0,387,3,890.81,2,3,3,233,At Risk
16229.0,36,6,2867.86,4,4,4,444,Loyal Customers
16230.0,280,2,542.03,2,2,2,222,Lost Customers
16231.0,381,4,1078.22,2,4,3,243,Loyal Customers
16232.0,45,7,2712.97,4,4,4,444,Loyal Customers
16233.0,72,9,1965.71,4,5,4,454,Loyal Customers
16234.0,478,3,333.18,1,3,2,132,At Risk
16235.0,40,9,2053.71,4,5,4,454,Loyal Customers
16236.0,80,1,432.2,3,1,2,312,Lost Customers
16237.0,439,1,136.65,1,1,1,111,Lost Customers
16238.0,424,1,63.66,1,1,1,111,Lost Customers
16239.0,58,6,1492.2,4,4,4,444,Loyal Customers
16240.0,26,2,3718.8,4,2,5,425,Potential Loyalists
16241.0,1,16,4329.31,5,5,5,555,Champions
16242.0,20,14,7474.400000000001,5,5,5,555,Champions
16243.0,56,2,409.1,4,2,2,422,Potential Loyalists
16244.0,6,2,2579.38,5,2,4,524,Potential Loyalists
16245.0,25,3,1413.66,4,3,4,434,Potential Loyalists
16246.0,496,2,827.25,1,2,3,123,Lost Customers
16247.0,172,1,114.56,3,1,1,311,Lost Customers
16248.0,92,1,152.94,3,1,1,311,Lost Customers
16249.0,54,5,1800.07,4,4,4,444,Loyal Customers
16250.0,263,3,791.38,2,3,3,233,At Risk
16251.0,514,1,128.31,1,1,1,111,Lost Customers
16252.0,384,1,295.09000000000003,2,1,2,212,Lost Customers
16253.0,245,7,7310.15,2,4,5,245,Loyal Customers
16254.0,380,3,985.14,2,3,3,233,At Risk
16255.0,18,15,4906.8,5,5,5,555,Champions
16256.0,268,3,1629.37,2,3,4,234,At Risk
16257.0,178,1,46.95,3,1,1,311,Lost Customers
16258.0,47,15,11942.52,4,5,5,455,Loyal Customers
16259.0,412,3,361.94,2,3,2,232,At Risk
16260.0,52,1,1035.45,4,1,3,413,Lost Customers
16261.0,18,6,1059.45,5,4,3,543,Champions
16262.0,380,1,755.15,2,1,3,213,Lost Customers
16263.0,366,1,351.01,2,1,2,212,Lost Customers
16264.0,440,2,837.53,1,2,3,123,Lost Customers
16265.0,11,12,6935.17,5,5,5,555,Champions
16266.0,75,14,1757.95,3,5,4,354,Loyal Customers
16267.0,593,1,186.66,1,1,1,111,Lost Customers
16268.0,72,2,667.65,4,2,3,423,Potential Loyalists
16269.0,439,1,717.57,1,1,3,113,Lost Customers
16270.0,355,1,1141.24,2,1,3,213,Lost Customers
16271.0,17,9,3448.02,5,5,5,555,Champions
16272.0,118,1,411.7,3,1,2,312,Lost Customers
16273.0,658,2,336.03999999999996,1,2,2,122,Lost Customers
16274.0,698,1,715.9,1,1,3,113,Lost Customers
16275.0,198,3,2151.11,3,3,4,334,Lost Customers
16276.0,178,3,2629.3900000000003,3,3,4,334,Lost Customers
16277.0,912,1,188.69,1,1,1,111,Lost Customers
16278.0,102,3,1117.84,3,3,3,333,Lost Customers
16279.0,23,9,5705.08,5,5,5,555,Champions
16280.0,727,1,238.05,1,1,1,111,Lost Customers
16281.0,74,3,3424.02,3,3,5,335,Lost Customers
16282.0,254,3,1307.5800000000002,2,3,4,234,At Risk
16283.0,33,8,4403.82,4,5,5,455,Loyal Customers
16284.0,52,3,1029.77,4,3,3,433,Potential Loyalists
16285.0,648,1,176.9,1,1,1,111,Lost Customers
16286.0,479,2,328.95,1,2,2,122,Lost Customers
16287.0,171,5,1006.98,3,4,3,343,Loyal Customers
16288.0,472,1,129.85,1,1,1,111,Lost Customers
16289.0,642,1,136.31,1,1,1,111,Lost Customers
16290.0,483,4,2069.3,1,4,4,144,Loyal Customers
16291.0,684,1,117.72,1,1,1,111,Lost Customers
16292.0,64,5,1253.76,4,4,4,444,Loyal Customers
16293.0,23,15,4657.95,5,5,5,555,Champions
16294.0,478,1,126.05000000000001,1,1,1,111,Lost Customers
16295.0,1,4,1328.55,5,4,4,544,Champions
16296.0,527,4,1313.67,1,4,4,144,Loyal Customers
16297.0,270,1,301.9,2,1,2,212,Lost Customers
16298.0,24,7,1085.7,5,4,3,543,Champions
16299.0,478,1,193.65,1,1,1,111,Lost Customers
16300.0,580,3,1392.43,1,3,4,134,At Risk
16301.0,1004,1,107.33,1,1,1,111,Lost Customers
16302.0,217,1,233.22,2,1,1,211,Lost Customers
16303.0,27,7,7928.27,4,4,5,445,Loyal Customers
16304.0,696,1,381.66,1,1,2,112,Lost Customers
16305.0,140,1,361.22,3,1,2,312,Lost Customers
16306.0,39,7,1192.82,4,4,3,443,Loyal Customers
16307.0,401,3,1194.92,2,3,3,233,At Risk
16308.0,109,7,5120.0,3,4,5,345,Loyal Customers
16309.0,108,2,706.57,3,2,3,323,Lost Customers
16310.0,416,2,460.08,2,2,2,222,Lost Customers
16311.0,19,2,616.26,5,2,3,523,Potential Loyalists
16312.0,641,1,171.15,1,1,1,111,Lost Customers
16313.0,51,1,167.62,4,1,1,411,Lost Customers
16314.0,391,3,1491.4,2,3,4,234,At Risk
16315.0,332,2,402.71,2,2,2,222,Lost Customers
16316.0,99,13,5744.91,3,5,5,355,Loyal Customers
16317.0,3,5,2192.51,5,4,4,544,Champions
16318.0,244,1,328.15000000000003,2,1,2,212,Lost Customers
16319.0,189,1,404.40000000000003,3,1,2,312,Lost Customers
16320.0,67,6,5628.99,4,4,5,445,Loyal Customers
16321.0,74,7,604.5500000000001,3,4,2,342,Loyal Customers
16322.0,275,1,213.08,2,1,1,211,Lost Customers
16323.0,198,2,353.66,3,2,2,322,Lost Customers
16324.0,179,3,428.68,3,3,2,332,Lost Customers
16325.0,48,12,3597.5,4,5,5,455,Loyal Customers
16326.0,17,24,4826.99,5,5,5,555,Champions
16327.0,16,16,10731.34,5,5,5,555,Champions
16328.0,565,1,310.83,1,1,2,112,Lost Customers
16329.0,445,4,1703.07,1,4,4,144,Loyal Customers
16330.0,19,7,634.33,5,4,3,543,Champions
16331.0,526,6,2037.7,1,4,4,144,Loyal Customers
16332.0,30,11,2010.41,4,5,4,454,Loyal Customers
16333.0,125,22,26626.8,3,5,5,355,Loyal Customers
16334.0,612,1,277.48,1,1,1,111,Lost Customers
16335.0,553,7,2774.0,1,4,4,144,Loyal Customers
16336.0,422,4,3517.69,1,4,5,145,Loyal Customers
16337.0,275,1,151.05,2,1,1,211,Lost Customers
16338.0,218,1,214.8,2,1,1,211,Lost Customers
16339.0,286,1,109.95,2,1,1,211,Lost Customers
16340.0,109,3,1526.06,3,3,4,334,Lost Customers
16341.0,26,7,3850.79,4,4,5,445,Loyal Customers
16342.0,77,4,322.41,3,4,2,342,Loyal Customers
16343.0,17,3,687.0699999999999,5,3,3,533,Potential Loyalists
16344.0,248,4,842.42,2,4,3,243,Loyal Customers
16345.0,46,2,1198.74,4,2,3,423,Potential Loyalists
16346.0,387,1,224.51,2,1,1,211,Lost Customers
16347.0,13,11,3509.41,5,5,5,555,Champions
16348.0,80,8,1798.22,3,5,4,354,Loyal Customers
16349.0,292,1,53.5,2,1,1,211,Lost Customers
16350.0,23,9,2253.89,5,5,4,554,Champions
16351.0,40,13,3330.03,4,5,5,455,Loyal Customers
16352.0,19,2,494.44,5,2,2,522,Potential Loyalists
16353.0,10,37,9643.06,5,5,5,555,Champions
16354.0,75,5,1129.51,3,4,3,343,Loyal Customers
16355.0,377,1,416.35,2,1,2,212,Lost Customers
16356.0,161,6,415.87,3,4,2,342,Loyal Customers
16357.0,67,4,868.37,4,4,3,443,Loyal Customers
16358.0,81,4,2486.4900000000002,3,4,4,344,Loyal Customers
16359.0,10,16,2697.75,5,5,4,554,Champions
16360.0,2,5,2748.19,5,4,4,544,Champions
16361.0,11,4,896.66,5,4,3,543,Champions
16362.0,31,6,946.94,4,4,3,443,Loyal Customers
16363.0,55,1,109.36000000000001,4,1,1,411,Lost Customers
16364.0,13,2,707.04,5,2,3,523,Potential Loyalists
16365.0,4,15,3307.2,5,5,5,555,Champions
16366.0,20,4,1548.13,5,4,4,544,Champions
16367.0,303,3,1362.4,2,3,4,234,At Risk
16368.0,30,2,445.26,4,2,2,422,Potential Loyalists
16369.0,20,7,2664.81,5,4,4,544,Champions
16370.0,66,4,1320.56,4,4,4,444,Loyal Customers
16371.0,450,1,157.2,1,1,1,111,Lost Customers
16372.0,183,5,1328.61,3,4,4,344,Loyal Customers
16373.0,384,2,309.49,2,2,2,222,Lost Customers
16374.0,245,5,1771.45,2,4,4,244,Loyal Customers
16375.0,472,2,104.0,1,2,1,121,Lost Customers
16376.0,19,2,987.01,5,2,3,523,Potential Loyalists
16377.0,269,2,1308.48,2,2,4,224,Lost Customers
16378.0,190,3,362.95,3,3,2,332,Lost Customers
16379.0,20,3,1755.76,5,3,4,534,Potential Loyalists
16380.0,92,1,1780.59,3,1,4,314,Lost Customers
16381.0,420,2,258.7,1,2,1,121,Lost Customers
16382.0,410,2,353.1,2,2,2,222,Lost Customers
16383.0,76,7,2974.84,3,4,5,345,Loyal Customers
16384.0,32,4,1358.95,4,4,4,444,Loyal Customers
16385.0,62,5,1030.61,4,4,3,443,Loyal Customers
16386.0,30,3,1102.59,4,3,3,433,Potential Loyalists
16387.0,324,5,918.55,2,4,3,243,Loyal Customers
16388.0,655,1,186.05,1,1,1,111,Lost Customers
16389.0,55,4,1382.0700000000002,4,4,4,444,Loyal Customers
16390.0,538,3,467.5,1,3,2,132,At Risk
16391.0,499,4,1103.61,1,4,3,143,Loyal Customers
16392.0,271,3,763.05,2,3,3,233,At Risk
16393.0,13,22,5254.96,5,5,5,555,Champions
16394.0,58,5,1555.34,4,4,4,444,Loyal Customers
16395.0,62,14,3537.85,4,5,5,455,Loyal Customers
16396.0,478,1,137.8,1,1,1,111,Lost Customers
16397.0,630,1,127.88,1,1,1,111,Lost Customers
16398.0,126,2,1705.8,3,2,4,324,Lost Customers
16399.0,21,3,641.82,5,3,3,533,Potential Loyalists
16400.0,185,9,3159.44,3,5,5,355,Loyal Customers
16401.0,16,22,6536.41,5,5,5,555,Champions
16402.0,266,2,511.4,2,2,2,222,Lost Customers
16403.0,314,1,177.5,2,1,1,211,Lost Customers
16404.0,72,1,443.05,4,1,2,412,Lost Customers
16405.0,70,2,167.25,4,2,1,421,Potential Loyalists
16406.0,20,3,552.68,5,3,2,532,Potential Loyalists
16407.0,14,14,2821.65,5,5,4,554,Champions
16408.0,593,1,231.93,1,1,1,111,Lost Customers
16409.0,4,12,5709.04,5,5,5,555,Champions
16410.0,943,1,130.32,1,1,1,111,Lost Customers
16411.0,21,4,910.1899999999999,5,4,3,543,Champions
16412.0,55,5,647.23,4,4,3,443,Loyal Customers
16413.0,58,2,528.98,4,2,2,422,Potential Loyalists
16414.0,23,5,559.71,5,4,2,542,Champions
16415.0,46,3,719.44,4,3,3,433,Potential Loyalists
16416.0,28,9,2972.88,4,5,5,455,Loyal Customers
16417.0,612,1,35.7,1,1,1,111,Lost Customers
16418.0,46,5,1101.94,4,4,3,443,Loyal Customers
16419.0,99,8,1487.42,3,5,4,354,Loyal Customers
16420.0,487,1,75.0,1,1,1,111,Lost Customers
16421.0,378,3,526.27,2,3,2,232,At Risk
16422.0,19,109,63651.47,5,5,5,555,Champions
16423.0,26,1,346.12,4,1,2,412,Lost Customers
16424.0,339,2,443.06,2,2,2,222,Lost Customers
16425.0,70,1,302.7,4,1,2,412,Lost Customers
16426.0,23,9,1663.23,5,5,4,554,Champions
16427.0,265,2,241.06,2,2,1,221,Lost Customers
16428.0,415,3,660.28,2,3,3,233,At Risk
16429.0,108,1,284.55,3,1,1,311,Lost Customers
16430.0,59,7,1117.94,4,4,3,443,Loyal Customers
16431.0,67,3,642.81,4,3,3,433,Potential Loyalists
16432.0,184,1,287.40000000000003,3,1,2,312,Lost Customers
16433.0,30,2,384.52,4,2,2,422,Potential Loyalists
16434.0,49,12,2741.74,4,5,4,454,Loyal Customers
16435.0,513,3,1011.5699999999999,1,3,3,133,At Risk
16436.0,465,3,329.34,1,3,2,132,At Risk
16437.0,383,2,301.25,2,2,2,222,Lost Customers
16438.0,28,5,798.35,4,4,3,443,Loyal Customers
16439.0,724,1,310.70000000000005,1,1,2,112,Lost Customers
16440.0,53,6,3856.97,4,4,5,445,Loyal Customers
16441.0,275,5,1034.43,2,4,3,243,Loyal Customers
16442.0,229,4,719.71,2,4,3,243,Loyal Customers
16443.0,522,1,162.24,1,1,1,111,Lost Customers
16444.0,48,17,3656.58,4,5,5,455,Loyal Customers
16445.0,183,4,602.73,3,4,2,342,Loyal Customers
16446.0,207,1,2.9,2,1,1,211,Lost Customers
16447.0,137,3,775.14,3,3,3,333,Lost Customers
16448.0,200,2,367.87,3,2,2,322,Lost Customers
16449.0,199,2,707.69,3,2,3,323,Lost Customers
16450.0,151,3,1505.73,3,3,4,334,Lost Customers
16451.0,89,3,1013.15,3,3,3,333,Lost Customers
16452.0,632,2,332.17,1,2,2,122,Lost Customers
16453.0,461,2,251.71,1,2,1,121,Lost Customers
16454.0,46,4,30.950000000000003,4,4,1,441,Loyal Customers
16455.0,154,11,4384.37,3,5,5,355,Loyal Customers
16456.0,105,13,6862.91,3,5,5,355,Loyal Customers
16457.0,220,1,208.36,2,1,1,211,Lost Customers
16458.0,2,29,5539.84,5,5,5,555,Champions
16459.0,790,1,71.78999999999999,1,1,1,111,Lost Customers
16460.0,30,3,814.72,4,3,3,433,Potential Loyalists
16461.0,179,3,1615.22,3,3,4,334,Lost Customers
16462.0,75,3,136.0,3,3,1,331,Lost Customers
16463.0,23,4,1422.4,5,4,4,544,Champions
16464.0,21,3,1314.68,5,3,4,534,Potential Loyalists
16465.0,422,2,746.24,1,2,3,123,Lost Customers
16466.0,5,15,3838.59,5,5,5,555,Champions
16467.0,510,7,2869.16,1,4,4,144,Loyal Customers
16468.0,76,3,787.52,3,3,3,333,Lost Customers
16469.0,25,5,828.91,4,4,3,443,Loyal Customers
16470.0,53,11,2458.6,4,5,4,454,Loyal Customers
16471.0,69,4,1189.98,4,4,3,443,Loyal Customers
16472.0,599,2,789.6,1,2,3,123,Lost Customers
16473.0,163,4,470.83,3,4,2,342,Loyal Customers
16474.0,19,7,1871.5,5,4,4,544,Champions
16475.0,2,4,544.3,5,4,2,542,Champions
16476.0,610,1,350.35,1,1,2,112,Lost Customers
16477.0,69,11,4320.02,4,5,5,455,Loyal Customers
16478.0,27,3,331.0,4,3,2,432,Potential Loyalists
16479.0,12,2,300.83,5,2,2,522,Potential Loyalists
16480.0,77,1,769.29,3,1,3,313,Lost Customers
16481.0,684,1,453.38,1,1,2,112,Lost Customers
16482.0,17,1,220.62,5,1,1,511,Lost Customers
16483.0,194,1,139.35,3,1,1,311,Lost Customers
16484.0,175,2,404.3,3,2,2,322,Lost Customers
16485.0,79,5,2294.68,3,4,4,344,Loyal Customers
16486.0,539,1,134.36,1,1,1,111,Lost Customers
16487.0,401,2,209.4,2,2,1,221,Lost Customers
16488.0,116,3,498.8,3,3,2,332,Lost Customers
16489.0,382,2,303.7,2,2,2,222,Lost Customers
16490.0,438,1,205.41000000000003,1,1,1,111,Lost Customers
16491.0,48,2,1533.16,4,2,4,424,Potential Loyalists
16492.0,542,1,385.56,1,1,2,112,Lost Customers
16493.0,81,7,2132.09,3,4,4,344,Loyal Customers
16494.0,298,1,826.53,2,1,3,213,Lost Customers
16495.0,130,2,246.51,3,2,1,321,Lost Customers
16496.0,209,6,2330.77,2,4,4,244,Loyal Customers
16497.0,51,23,6695.28,4,5,5,455,Loyal Customers
16498.0,163,2,100.97,3,2,1,321,Lost Customers
16499.0,362,8,2578.34,2,5,4,254,Loyal Customers
16500.0,18,8,791.1700000000001,5,5,3,553,Champions
16501.0,385,1,1237.23,2,1,4,214,Lost Customers
16502.0,622,2,266.5,1,2,1,121,Lost Customers
16503.0,97,11,3614.34,3,5,5,355,Loyal Customers
16504.0,27,1,484.38,4,1,2,412,Lost Customers
16505.0,122,1,777.6,3,1,3,313,Lost Customers
16506.0,21,2,90.30000000000001,5,2,1,521,Potential Loyalists
16507.0,574,1,152.76,1,1,1,111,Lost Customers
16508.0,632,1,248.8,1,1,1,111,Lost Customers
16509.0,298,1,363.70000000000005,2,1,2,212,Lost Customers
16510.0,469,6,2100.0,1,4,4,144,Loyal Customers
16511.0,23,6,1819.02,5,4,4,544,Champions
16513.0,21,3,752.79,5,3,3,533,Potential Loyalists
16515.0,4,10,3216.3,5,5,5,555,Champions
16516.0,91,1,101.69999999999999,3,1,1,311,Lost Customers
16517.0,161,1,162.70000000000002,3,1,1,311,Lost Customers
16518.0,92,4,959.37,3,4,3,343,Loyal Customers
16519.0,27,4,556.26,4,4,2,442,Loyal Customers
16520.0,188,6,2482.62,3,4,4,344,Loyal Customers
16521.0,417,3,1148.01,1,3,3,133,At Risk
16522.0,437,2,433.36,1,2,2,122,Lost Customers
16523.0,17,26,11060.710000000001,5,5,5,555,Champions
16524.0,448,2,308.14,1,2,2,122,Lost Customers
16525.0,10,47,24260.920000000002,5,5,5,555,Champions
16526.0,173,2,717.21,3,2,3,323,Lost Customers
16527.0,83,2,1272.44,3,2,4,324,Lost Customers
16529.0,307,4,2012.0,2,4,4,244,Loyal Customers
16530.0,465,1,48.35,1,1,1,111,Lost Customers
16531.0,24,11,2298.33,5,5,4,554,Champions
16532.0,19,5,8756.64,5,4,5,545,Champions
16533.0,21,3,1095.56,5,3,3,533,Potential Loyalists
16534.0,526,1,635.9,1,1,3,113,Lost Customers
16535.0,387,2,407.84,2,2,2,222,Lost Customers
16536.0,112,1,548.97,3,1,2,312,Lost Customers
16537.0,495,1,23.35,1,1,1,111,Lost Customers
16538.0,543,3,399.62,1,3,2,132,At Risk
16539.0,250,9,3396.81,2,5,5,255,Loyal Customers
16540.0,415,1,226.70000000000002,2,1,1,211,Lost Customers
16541.0,973,1,424.03,1,1,2,112,Lost Customers
16542.0,55,2,257.32,4,2,1,421,Potential Loyalists
16543.0,593,1,292.21,1,1,2,112,Lost Customers
16544.0,491,4,376.70000000000005,1,4,2,142,Loyal Customers
16545.0,166,2,689.8199999999999,3,2,3,323,Lost Customers
16546.0,292,5,5606.47,2,4,5,245,Loyal Customers
16547.0,400,1,111.71,2,1,1,211,Lost Customers
16548.0,601,1,30.15,1,1,1,111,Lost Customers
16549.0,12,34,13182.19,5,5,5,555,Champions
16550.0,110,18,9435.13,3,5,5,355,Loyal Customers
16551.0,163,7,2237.12,3,4,4,344,Loyal Customers
16552.0,37,2,475.02,4,2,2,422,Potential Loyalists
16553.0,69,33,16644.01,4,5,5,455,Loyal Customers
16554.0,10,8,2841.7200000000003,5,5,4,554,Champions
16555.0,111,6,1915.68,3,4,4,344,Loyal Customers
16556.0,107,17,8012.58,3,5,5,355,Loyal Customers
16557.0,26,2,281.85,4,2,1,421,Potential Loyalists
16558.0,23,37,13274.54,5,5,5,555,Champions
16559.0,518,1,185.20000000000002,1,1,1,111,Lost Customers
16560.0,28,8,3048.38,4,5,5,455,Loyal Customers
16561.0,31,2,511.12,4,2,2,422,Potential Loyalists
16562.0,478,1,223.86,1,1,1,111,Lost Customers
16563.0,55,6,4422.76,4,4,5,445,Loyal Customers
16564.0,571,1,87.80000000000001,1,1,1,111,Lost Customers
16565.0,408,4,773.05,2,4,3,243,Loyal Customers
16566.0,17,5,614.66,5,4,3,543,Champions
16567.0,163,2,865.6,3,2,3,323,Lost Customers
16568.0,488,2,1020.9,1,2,3,123,Lost Customers
16569.0,405,4,1331.03,2,4,4,244,Loyal Customers
16570.0,17,20,7434.31,5,5,5,555,Champions
16571.0,28,10,4248.74,4,5,5,455,Loyal Customers
16572.0,34,3,1009.6,4,3,3,433,Potential Loyalists
16573.0,86,2,663.61,3,2,3,323,Lost Customers
16574.0,73,3,1301.78,4,3,4,434,Potential Loyalists
16576.0,422,2,540.87,1,2,2,122,Lost Customers
16577.0,404,1,380.0,2,1,2,212,Lost Customers
16578.0,628,1,156.6,1,1,1,111,Lost Customers
16579.0,427,1,295.05,1,1,2,112,Lost Customers
16581.0,66,1,105.84,4,1,1,411,Lost Customers
16582.0,115,1,313.62,3,1,2,312,Lost Customers
16583.0,618,2,531.4,1,2,2,122,Lost Customers
16584.0,82,5,3163.67,3,4,5,345,Loyal Customers
16585.0,595,2,341.59000000000003,1,2,2,122,Lost Customers
16586.0,221,3,1462.78,2,3,4,234,At Risk
16587.0,234,1,225.15,2,1,1,211,Lost Customers
16588.0,387,4,1361.28,2,4,4,244,Loyal Customers
16589.0,73,4,612.36,4,4,2,442,Loyal Customers
16590.0,416,2,605.9,2,2,2,222,Lost Customers
16591.0,304,1,213.5,2,1,1,211,Lost Customers
16592.0,14,27,6889.75,5,5,5,555,Champions
16593.0,52,8,1071.14,4,5,3,453,Loyal Customers
16594.0,77,1,181.09,3,1,1,311,Lost Customers
16595.0,92,5,1810.18,3,4,4,344,Loyal Customers
16596.0,17,4,579.63,5,4,2,542,Champions
16598.0,287,1,145.05,2,1,1,211,Lost Customers
16599.0,387,1,172.8,2,1,1,211,Lost Customers
16600.0,18,12,1913.09,5,5,4,554,Champions
16601.0,42,3,684.25,4,3,3,433,Potential Loyalists
16602.0,275,2,763.33,2,2,3,223,Lost Customers
16603.0,76,2,482.47,3,2,2,322,Lost Customers
16604.0,564,2,432.45000000000005,1,2,2,122,Lost Customers
16605.0,725,1,60.48,1,1,1,111,Lost Customers
16606.0,406,2,357.66,2,2,2,222,Lost Customers
16607.0,1,25,5706.87,5,5,5,555,Champions
16608.0,367,2,1288.72,2,2,4,224,Lost Customers
16609.0,4,7,5493.46,5,4,5,545,Champions
16610.0,250,1,75.66,2,1,1,211,Lost Customers
16611.0,188,6,1785.13,3,4,4,344,Loyal Customers
16612.0,3,9,3245.4300000000003,5,5,5,555,Champions
16613.0,72,1,618.59,4,1,3,413,Lost Customers
16614.0,66,3,1179.79,4,3,3,433,Potential Loyalists
16615.0,628,1,291.5,1,1,2,112,Lost Customers
16616.0,17,2,500.42,5,2,2,522,Potential Loyalists
16617.0,237,1,151.85,2,1,1,211,Lost Customers
16618.0,122,5,2647.59,3,4,4,344,Loyal Customers
16619.0,265,4,1938.3300000000002,2,4,4,244,Loyal Customers
16620.0,262,5,1675.73,2,4,4,244,Loyal Customers
16621.0,53,4,813.48,4,4,3,443,Loyal Customers
16622.0,545,1,225.4,1,2,1,121,Lost Customers
16623.0,129,4,1015.24,3,4,3,343,Loyal Customers
16624.0,82,2,810.57,3,2,3,323,Lost Customers
16625.0,69,5,1654.03,4,4,4,444,Loyal Customers
16626.0,24,16,4023.89,5,5,5,555,Champions
16627.0,81,1,322.8,3,2,2,322,Lost Customers
16628.0,61,7,2318.1,4,4,4,444,Loyal Customers
16629.0,75,2,417.73,3,2,2,322,Lost Customers
16630.0,409,1,106.80000000000001,2,2,1,221,Lost Customers
16631.0,401,7,1892.52,2,4,4,244,Loyal Customers
16632.0,398,2,406.4,2,2,2,222,Lost Customers
16633.0,5,6,2883.1,5,4,4,544,Champions
16634.0,340,6,1814.6100000000001,2,4,4,244,Loyal Customers
16635.0,408,1,473.0,2,2,2,222,Lost Customers
16636.0,440,4,3802.04,1,4,5,145,Loyal Customers
16637.0,62,4,1154.47,4,4,3,443,Loyal Customers
16638.0,24,15,2430.53,5,5,4,554,Champions
16639.0,122,4,1747.98,3,4,4,344,Loyal Customers
16640.0,518,1,179.4,1,2,1,121,Lost Customers
16641.0,107,2,554.5,3,2,2,322,Lost Customers
16642.0,209,2,696.85,2,2,3,223,Lost Customers
16643.0,129,2,923.11,3,2,3,323,Lost Customers
16644.0,36,2,833.78,4,3,3,433,Potential Loyalists
16645.0,973,1,160.39,1,2,1,121,Lost Customers
16646.0,451,1,678.8,1,2,3,123,Lost Customers
16647.0,171,4,541.9,3,4,2,342,Loyal Customers
16648.0,44,3,672.8,4,3,3,433,Potential Loyalists
16649.0,522,1,306.58,1,2,2,122,Lost Customers
16650.0,73,7,1916.11,4,4,4,444,Loyal Customers
16651.0,674,1,136.2,1,2,1,121,Lost Customers
16652.0,1,16,17550.39,5,5,5,555,Champions
16653.0,18,2,1212.66,5,3,3,533,Potential Loyalists
16654.0,143,8,1711.47,3,5,4,354,Loyal Customers
16655.0,10,13,6548.37,5,5,5,555,Champions
16656.0,4,30,16833.170000000002,5,5,5,555,Champions
16657.0,11,4,933.62,5,4,3,543,Champions
16658.0,438,6,814.07,1,4,3,143,Loyal Customers
16659.0,280,1,39.12,2,2,1,221,Lost Customers
16660.0,18,7,1879.55,5,4,4,544,Champions
16661.0,432,4,986.63,1,4,3,143,Loyal Customers
16662.0,426,1,163.8,1,2,1,121,Lost Customers
16663.0,790,1,165.0,1,2,1,121,Lost Customers
16664.0,571,1,109.2,1,2,1,121,Lost Customers
16665.0,364,1,135.4,2,2,1,221,Lost Customers
16666.0,21,2,225.94,5,3,1,531,Potential Loyalists
16667.0,286,2,570.13,2,3,2,232,At Risk
16668.0,16,13,862.42,5,5,3,553,Champions
16669.0,25,3,1374.87,4,3,4,434,Potential Loyalists
16670.0,18,20,8030.150000000001,5,5,5,555,Champions
16671.0,30,3,1692.27,4,3,4,434,Potential Loyalists
16672.0,7,19,7864.9400000000005,5,5,5,555,Champions
16673.0,681,1,188.83,1,2,1,121,Lost Customers
16674.0,56,2,319.61,4,3,2,432,Potential Loyalists
16675.0,443,2,608.86,1,3,2,132,At Risk
16676.0,67,6,2361.9,4,4,4,444,Loyal Customers
16677.0,413,2,880.62,2,3,3,233,At Risk
16678.0,3,11,2786.05,5,5,4,554,Champions
16679.0,426,3,793.06,1,3,3,133,At Risk
16680.0,44,3,821.45,4,3,3,433,Potential Loyalists
16681.0,74,7,1921.8400000000001,3,4,4,344,Loyal Customers
16682.0,59,4,917.14,4,4,3,443,Loyal Customers
16683.0,535,1,320.25,1,2,2,122,Lost Customers
16684.0,13,54,141740.79,5,5,5,555,Champions
16685.0,92,2,324.24,3,3,2,332,Lost Customers
16686.0,49,16,5070.92,4,5,5,455,Loyal Customers
16687.0,392,1,157.63,2,2,1,221,Lost Customers
16688.0,12,3,1115.16,5,3,3,533,Potential Loyalists
16689.0,77,2,422.6,3,3,2,332,Lost Customers
16690.0,74,4,353.03000000000003,3,4,2,342,Loyal Customers
16691.0,420,2,178.83,1,3,1,131,At Risk
16692.0,258,4,1914.6999999999998,2,4,4,244,Loyal Customers
16693.0,273,5,1199.46,2,4,3,243,Loyal Customers
16694.0,725,1,98.30000000000001,1,2,1,121,Lost Customers
16695.0,563,2,193.15,1,3,1,131,At Risk
16696.0,67,4,657.9,4,4,3,443,Loyal Customers
16697.0,7,1,112.75,5,2,1,521,Potential Loyalists
16698.0,228,2,1998.0,2,3,4,234,At Risk
16699.0,382,7,994.6,2,4,3,243,Loyal Customers
16700.0,4,25,9167.710000000001,5,5,5,555,Champions
16701.0,10,26,9916.73,5,5,5,555,Champions
16702.0,417,4,1110.83,1,4,3,143,Loyal Customers
16704.0,588,2,695.66,1,3,3,133,At Risk
16705.0,7,41,43264.531,5,5,5,555,Champions
16706.0,116,3,531.35,3,3,2,332,Lost Customers
16707.0,461,4,551.11,1,4,2,142,Loyal Customers
16708.0,47,1,656.63,4,2,3,423,Potential Loyalists
16709.0,86,14,9087.460000000001,3,5,5,355,Loyal Customers
16710.0,21,22,6349.09,5,5,5,555,Champions
16711.0,28,8,2572.88,4,5,4,454,Loyal Customers
16712.0,11,13,4266.99,5,5,5,555,Champions
16713.0,7,32,14560.69,5,5,5,555,Champions
16714.0,220,4,1529.8,2,4,4,244,Loyal Customers
16715.0,79,2,625.52,3,3,3,333,Lost Customers
16716.0,268,3,2149.6800000000003,2,3,4,234,At Risk
16717.0,25,14,6986.2300000000005,4,5,5,455,Loyal Customers
16718.0,402,5,3647.53,2,4,5,245,Loyal Customers
16719.0,16,14,3973.3,5,5,5,555,Champions
16720.0,28,3,795.48,4,3,3,433,Potential Loyalists
16721.0,264,1,292.47,2,2,2,222,Lost Customers
16722.0,19,22,8989.08,5,5,5,555,Champions
16723.0,93,4,1301.63,3,4,4,344,Loyal Customers
16724.0,406,1,147.35,2,2,1,221,Lost Customers
16725.0,70,14,1882.11,4,5,4,454,Loyal Customers
16726.0,28,7,2088.41,4,4,4,444,Loyal Customers
16727.0,365,4,1437.42,2,4,4,244,Loyal Customers
16728.0,48,4,1054.67,4,4,3,443,Loyal Customers
16729.0,7,21,7239.92,5,5,5,555,Champions
16730.0,54,3,743.11,4,3,3,433,Potential Loyalists
16731.0,707,1,174.05,1,2,1,121,Lost Customers
16732.0,122,4,4387.64,3,4,5,345,Loyal Customers
16733.0,531,1,259.68,1,2,1,121,Lost Customers
16734.0,54,3,650.51,4,3,3,433,Potential Loyalists
16735.0,80,14,6270.56,3,5,5,355,Loyal Customers
16736.0,507,5,2956.56,1,4,5,145,Loyal Customers
16737.0,55,2,835.2,4,3,3,433,Potential Loyalists
16738.0,299,1,3.75,2,2,1,221,Lost Customers
16739.0,178,2,786.4300000000001,3,3,3,333,Lost Customers
16740.0,456,1,236.81,1,2,1,121,Lost Customers
16741.0,627,1,173.06,1,2,1,121,Lost Customers
16742.0,48,14,2852.61,4,5,4,454,Loyal Customers
16743.0,6,14,4253.26,5,5,5,555,Champions
16744.0,13,7,1304.76,5,4,4,544,Champions
16745.0,3,17,7194.3,5,5,5,555,Champions
16746.0,3,41,17616.48,5,5,5,555,Champions
16747.0,276,2,836.0600000000001,2,3,3,233,At Risk
16748.0,19,14,3637.33,5,5,5,555,Champions
16749.0,593,2,4387.08,1,3,5,135,At Risk
16750.0,46,5,623.93,4,4,3,443,Loyal Customers
16751.0,91,1,1764.72,3,2,4,324,Lost Customers
16752.0,667,1,415.0,1,2,2,122,Lost Customers
16753.0,1,1,223.92000000000002,5,2,1,521,Potential Loyalists
16754.0,372,29,67502.47,2,5,5,255,Loyal Customers
16755.0,116,7,2900.58,3,4,4,344,Loyal Customers
16756.0,97,7,1312.3700000000001,3,4,4,344,Loyal Customers
16757.0,320,2,270.48,2,3,1,231,At Risk
16758.0,215,1,369.34000000000003,2,2,2,222,Lost Customers
16759.0,91,3,789.79,3,3,3,333,Lost Customers
16760.0,580,1,228.0,1,2,1,121,Lost Customers
16761.0,246,1,316.62,2,2,2,222,Lost Customers
16762.0,21,3,1501.38,5,3,4,534,Potential Loyalists
16763.0,200,2,964.6999999999999,3,3,3,333,Lost Customers
16764.0,11,12,2596.38,5,5,4,554,Champions
16765.0,296,2,454.75,2,3,2,232,At Risk
16766.0,38,2,1145.6,4,3,3,433,Potential Loyalists
16767.0,66,15,8073.8,4,5,5,455,Loyal Customers
16768.0,49,9,1708.1200000000001,4,5,4,454,Loyal Customers
16769.0,262,4,1141.75,2,4,3,243,Loyal Customers
16770.0,59,9,1932.13,4,5,4,454,Loyal Customers
16771.0,77,10,3967.6,3,5,5,355,Loyal Customers
16772.0,366,3,3723.55,2,3,5,235,At Risk
16773.0,59,3,421.24,4,3,2,432,Potential Loyalists
16774.0,118,8,1594.45,3,5,4,354,Loyal Customers
16775.0,12,16,3056.89,5,5,5,555,Champions
16776.0,62,2,619.85,4,3,3,433,Potential Loyalists
16777.0,82,5,1307.76,3,4,4,344,Loyal Customers
16778.0,69,2,245.94,4,3,1,431,Potential Loyalists
16779.0,10,51,32311.18,5,5,5,555,Champions
16780.0,102,3,605.55,3,3,2,332,Lost Customers
16781.0,496,2,934.25,1,3,3,133,At Risk
16782.0,12,38,10438.41,5,5,5,555,Champions
16783.0,438,1,391.95,1,2,2,122,Lost Customers
16784.0,21,5,896.53,5,4,3,543,Champions
16785.0,411,1,533.78,2,2,2,222,Lost Customers
16786.0,395,1,51.84,2,2,1,221,Lost Customers
16787.0,367,4,1035.43,2,4,3,243,Loyal Customers
16788.0,125,5,1950.3,3,4,4,344,Loyal Customers
16789.0,333,1,80.80000000000001,2,2,1,221,Lost Customers
16790.0,18,5,1366.1200000000001,5,4,4,544,Champions
16791.0,40,15,4038.69,4,5,5,455,Loyal Customers
16792.0,311,5,623.46,2,4,3,243,Loyal Customers
16793.0,59,1,243.84,4,2,1,421,Potential Loyalists
16794.0,5,14,1990.25,5,5,4,554,Champions
16795.0,418,3,2492.39,1,3,4,134,At Risk
16796.0,32,1,305.62,4,2,2,422,Potential Loyalists
16797.0,394,5,1827.77,2,4,4,244,Loyal Customers
16798.0,526,3,848.71,1,3,3,133,At Risk
16799.0,367,2,495.98,2,3,2,232,At Risk
16800.0,13,1,1201.49,5,2,3,523,Potential Loyalists
16801.0,38,4,1619.73,4,4,4,444,Loyal Customers
16802.0,681,2,582.61,1,3,2,132,At Risk
16803.0,215,1,332.3,2,2,2,222,Lost Customers
16804.0,25,3,536.99,4,3,2,432,Potential Loyalists
16805.0,175,5,1097.24,3,4,3,343,Loyal Customers
16806.0,105,4,801.49,3,4,3,343,Loyal Customers
16807.0,128,6,2123.88,3,4,4,344,Loyal Customers
16808.0,68,2,288.42,4,3,2,432,Potential Loyalists
16809.0,25,9,1727.43,4,5,4,454,Loyal Customers
16810.0,194,2,842.04,3,3,3,333,Lost Customers
16811.0,19,1,314.77,5,2,2,522,Potential Loyalists
16812.0,362,4,2392.0,2,4,4,244,Loyal Customers
16813.0,52,10,1692.98,4,5,4,454,Loyal Customers
16814.0,7,36,12499.710000000001,5,5,5,555,Champions
16815.0,367,2,410.97,2,3,2,232,At Risk
16816.0,105,4,417.06,3,4,2,342,Loyal Customers
16817.0,38,12,2587.57,4,5,4,454,Loyal Customers
16818.0,12,11,3349.57,5,5,5,555,Champions
16819.0,466,2,182.59,1,3,1,131,At Risk
16820.0,216,1,497.61,2,2,2,222,Lost Customers
16821.0,383,1,113.35,2,2,1,221,Lost Customers
16822.0,688,1,181.39,1,2,1,121,Lost Customers
16823.0,229,7,2260.09,2,4,4,244,Loyal Customers
16824.0,17,3,686.24,5,3,3,533,Potential Loyalists
16825.0,158,5,1826.89,3,4,4,344,Loyal Customers
16826.0,53,1,341.7,4,2,2,422,Potential Loyalists
16827.0,395,5,392.13,2,4,2,242,Loyal Customers
16828.0,114,2,128.5,3,3,1,331,Lost Customers
16829.0,187,2,513.32,3,3,2,332,Lost Customers
16830.0,334,4,1207.5,2,4,3,243,Loyal Customers
16831.0,566,1,91.8,1,2,1,121,Lost Customers
16832.0,127,5,417.61,3,4,2,342,Loyal Customers
16833.0,101,5,1973.8,3,4,4,344,Loyal Customers
16834.0,229,2,898.96,2,3,3,233,At Risk
16835.0,278,6,1538.41,2,4,4,244,Loyal Customers
16836.0,41,4,782.37,4,4,3,443,Loyal Customers
16837.0,31,11,3170.98,4,5,5,455,Loyal Customers
16838.0,199,4,1159.6100000000001,3,4,3,343,Loyal Customers
16839.0,2,44,22310.49,5,5,5,555,Champions
16840.0,605,2,139.85,1,3,1,131,At Risk
16841.0,67,12,4006.06,4,5,5,455,Loyal Customers
16842.0,70,3,1264.19,4,3,4,434,Potential Loyalists
16843.0,7,35,19571.43,5,5,5,555,Champions
16844.0,554,2,614.34,1,3,3,133,At Risk
16845.0,620,1,253.88,1,2,1,121,Lost Customers
16846.0,52,3,842.41,4,3,3,433,Potential Loyalists
16847.0,45,2,614.89,4,3,3,433,Potential Loyalists
16848.0,54,4,1411.62,4,4,4,444,Loyal Customers
16849.0,188,1,124.57,3,2,1,321,Lost Customers
16850.0,71,1,332.41,4,2,2,422,Potential Loyalists
16851.0,44,2,239.46,4,3,1,431,Potential Loyalists
16852.0,12,2,144.91,5,3,1,531,Potential Loyalists
16854.0,419,2,1408.96,1,3,4,134,At Risk
16855.0,25,2,328.40000000000003,4,3,2,432,Potential Loyalists
16856.0,16,3,358.49,5,3,2,532,Potential Loyalists
16857.0,444,1,352.8,1,2,2,122,Lost Customers
16858.0,374,10,4668.28,2,5,5,255,Loyal Customers
16859.0,146,7,1932.41,3,4,4,344,Loyal Customers
16860.0,454,3,1610.62,1,3,4,134,At Risk
16861.0,31,5,946.59,4,4,3,443,Loyal Customers
16862.0,431,4,662.33,1,4,3,143,Loyal Customers
16863.0,122,3,998.52,3,3,3,333,Lost Customers
16864.0,600,2,409.25,1,3,2,132,At Risk
16865.0,640,1,130.95,1,2,1,121,Lost Customers
16866.0,65,3,207.74,4,3,1,431,Potential Loyalists
16867.0,691,1,76.74000000000001,1,2,1,121,Lost Customers
16868.0,426,3,393.39,1,3,2,132,At Risk
16869.0,24,4,825.4200000000001,5,4,3,543,Champions
16870.0,471,1,450.16,1,2,2,122,Lost Customers
16871.0,23,6,2812.34,5,4,4,544,Champions
16872.0,79,6,1213.13,3,4,3,343,Loyal Customers
16873.0,92,11,12762.56,3,5,5,355,Loyal Customers
16874.0,381,1,217.74,2,2,1,221,Lost Customers
16875.0,146,11,4234.53,3,5,5,355,Loyal Customers
16876.0,699,1,136.01,1,2,1,121,Lost Customers
16877.0,14,6,853.72,5,4,3,543,Champions
16878.0,85,1,13.3,3,2,1,321,Lost Customers
16880.0,65,8,1840.86,4,5,4,454,Loyal Customers
16881.0,245,1,432.0,2,2,2,222,Lost Customers
16882.0,241,3,705.12,2,3,3,233,At Risk
16883.0,219,19,2396.59,2,5,4,254,Loyal Customers
16884.0,303,4,1073.92,2,4,3,243,Loyal Customers
16885.0,17,4,710.74,5,4,3,543,Champions
16886.0,458,1,134.0,1,2,1,121,Lost Customers
16887.0,244,3,660.72,2,3,3,233,At Risk
16888.0,528,3,437.15,1,3,2,132,At Risk
16889.0,68,6,2530.9,4,4,4,444,Loyal Customers
16890.0,478,3,285.41,1,3,1,131,At Risk
16891.0,143,10,1940.8700000000001,3,5,4,354,Loyal Customers
16892.0,17,5,627.18,5,4,3,543,Champions
16893.0,378,2,401.77,2,3,2,232,At Risk
16894.0,504,3,1324.06,1,3,4,134,At Risk
16895.0,184,5,1121.42,3,4,3,343,Loyal Customers
16896.0,673,1,103.95,1,2,1,121,Lost Customers
16897.0,301,2,289.78,2,3,2,232,At Risk
16898.0,28,5,1016.37,4,4,3,443,Loyal Customers
16899.0,21,8,1721.02,5,5,4,554,Champions
16900.0,18,3,887.11,5,3,3,533,Potential Loyalists
16901.0,790,1,204.26,1,2,1,121,Lost Customers
16902.0,118,1,1706.88,3,2,4,324,Lost Customers
16903.0,61,3,1062.28,4,3,3,433,Potential Loyalists
16904.0,61,20,4783.35,4,5,5,455,Loyal Customers
16905.0,21,16,4699.45,5,5,5,555,Champions
16906.0,83,7,1448.8,3,4,4,344,Loyal Customers
16907.0,60,9,1707.9,4,5,4,454,Loyal Customers
16908.0,724,1,252.59,1,2,1,121,Lost Customers
16909.0,74,1,379.14,3,2,2,322,Lost Customers
16910.0,11,7,1323.26,5,4,4,544,Champions
16911.0,637,2,255.25,1,3,1,131,At Risk
16912.0,30,15,4480.31,4,5,5,455,Loyal Customers
16913.0,292,3,423.91,2,3,2,232,At Risk
16914.0,275,1,208.46,2,2,1,221,Lost Customers
16915.0,11,11,1543.18,5,5,4,554,Champions
16916.0,25,4,1123.4,4,4,3,443,Loyal Customers
16917.0,130,2,1857.83,3,3,4,334,Lost Customers
16918.0,51,16,3213.29,4,5,5,455,Loyal Customers
16919.0,7,24,5125.91,5,5,5,555,Champions
16920.0,413,1,355.45,2,2,2,222,Lost Customers
16921.0,92,3,446.67,3,3,2,332,Lost Customers
16922.0,574,1,611.08,1,2,2,122,Lost Customers
16923.0,14,32,13378.36,5,5,5,555,Champions
16924.0,23,3,846.75,5,3,3,533,Potential Loyalists
16925.0,542,1,125.65,1,2,1,121,Lost Customers
16926.0,429,5,1421.35,1,4,4,144,Loyal Customers
16927.0,117,3,543.05,3,3,2,332,Lost Customers
16928.0,33,29,4113.23,4,5,5,455,Loyal Customers
16929.0,19,6,1089.45,5,4,3,543,Champions
16930.0,28,3,380.55,4,3,2,432,Potential Loyalists
16931.0,21,23,4839.56,5,5,5,555,Champions
16932.0,55,3,440.71,4,3,2,432,Potential Loyalists
16933.0,241,8,2842.75,2,5,4,254,Loyal Customers
16934.0,56,6,2110.9900000000002,4,4,4,444,Loyal Customers
16935.0,383,3,535.1,2,3,2,232,At Risk
16936.0,27,2,551.17,4,3,2,432,Potential Loyalists
16937.0,500,1,202.1,1,2,1,121,Lost Customers
16938.0,5,9,7043.18,5,5,5,555,Champions
16939.0,490,3,449.0,1,3,2,132,At Risk
16940.0,54,8,6427.66,4,5,5,455,Loyal Customers
16941.0,525,1,33.0,1,2,1,121,Lost Customers
16942.0,14,9,1920.59,5,5,4,554,Champions
16943.0,6,5,1299.49,5,4,4,544,Champions
16944.0,463,1,101.36,1,2,1,121,Lost Customers
16945.0,1,33,8548.16,5,5,5,555,Champions
16946.0,385,5,1222.04,2,4,3,243,Loyal Customers
16947.0,237,5,955.21,2,4,3,243,Loyal Customers
16948.0,140,7,868.77,3,4,3,343,Loyal Customers
16949.0,42,5,1204.23,4,4,3,443,Loyal Customers
16950.0,58,10,3784.37,4,5,5,455,Loyal Customers
16951.0,131,3,1277.75,3,3,4,334,Lost Customers
16952.0,111,5,798.78,3,4,3,343,Loyal Customers
16953.0,91,1,20.8,3,2,1,321,Lost Customers
16954.0,18,19,5910.28,5,5,5,555,Champions
16955.0,127,6,1309.41,3,4,4,344,Loyal Customers
16956.0,19,1,308.74,5,2,2,522,Potential Loyalists
16957.0,241,2,416.64,2,3,2,232,At Risk
16958.0,437,1,809.44,1,2,3,123,Lost Customers
16959.0,89,1,117.35000000000001,3,2,1,321,Lost Customers
16960.0,62,8,2043.43,4,5,4,454,Loyal Customers
16961.0,118,3,794.56,3,3,3,333,Lost Customers
16962.0,411,1,251.04,2,2,1,221,Lost Customers
16963.0,219,1,110.55000000000001,2,2,1,221,Lost Customers
16964.0,912,2,207.85,1,3,1,131,At Risk
16965.0,228,1,201.19,2,2,1,221,Lost Customers
16966.0,17,7,2154.97,5,4,4,544,Champions
16967.0,280,1,319.02,2,2,2,222,Lost Customers
16968.0,109,1,253.31,3,2,1,321,Lost Customers
16969.0,41,3,650.41,4,3,3,433,Potential Loyalists
16970.0,628,1,71.4,1,2,1,121,Lost Customers
16971.0,334,1,357.21,2,2,2,222,Lost Customers
16972.0,384,2,786.25,2,3,3,233,At Risk
16973.0,388,1,127.0,2,2,1,221,Lost Customers
16974.0,566,2,365.5,1,3,2,132,At Risk
16975.0,365,3,926.12,2,3,3,233,At Risk
16976.0,269,1,251.51999999999998,2,2,1,221,Lost Customers
16977.0,456,4,496.0,1,4,2,142,Loyal Customers
16978.0,79,3,768.88,3,3,3,333,Lost Customers
16979.0,19,8,2628.0,5,5,4,554,Champions
16980.0,257,3,1473.33,2,3,4,234,At Risk
16982.0,62,1,384.06,4,2,2,422,Potential Loyalists
16983.0,5,11,3710.2200000000003,5,5,5,555,Champions
16984.0,2,9,10754.8,5,5,5,555,Champions
16985.0,2,23,10923.16,5,5,5,555,Champions
16986.0,61,11,4888.75,4,5,5,455,Loyal Customers
16987.0,43,10,2303.97,4,5,4,454,Loyal Customers
16988.0,381,1,256.55,2,2,1,221,Lost Customers
16989.0,4,6,1133.25,5,4,3,543,Champions
16990.0,220,2,344.0,2,3,2,232,At Risk
16991.0,423,1,1041.21,1,2,3,123,Lost Customers
16992.0,12,13,5476.5,5,5,5,555,Champions
16993.0,371,2,1950.95,2,3,4,234,At Risk
16996.0,64,9,2123.61,4,5,4,454,Loyal Customers
16997.0,284,3,702.0,2,3,3,233,At Risk
16998.0,131,5,402.0,3,4,2,342,Loyal Customers
16999.0,25,2,484.82,4,3,2,432,Potential Loyalists
17000.0,410,2,406.3,2,3,2,232,At Risk
17001.0,24,18,6233.12,5,5,5,555,Champions
17002.0,87,7,2571.55,3,4,4,344,Loyal Customers
17003.0,366,4,830.16,2,4,3,243,Loyal Customers
17004.0,48,4,2425.16,4,4,4,444,Loyal Customers
17005.0,472,2,742.36,1,3,3,133,At Risk
17006.0,20,7,1389.26,5,4,4,544,Champions
17007.0,52,7,1120.1000000000001,4,4,3,443,Loyal Customers
17008.0,549,1,81.36,1,2,1,121,Lost Customers
17009.0,553,1,242.06,1,2,1,121,Lost Customers
17010.0,20,1,195.36,5,2,1,521,Potential Loyalists
17011.0,91,3,671.7,3,3,3,333,Lost Customers
17012.0,726,1,384.16,1,2,2,122,Lost Customers
17014.0,153,3,586.33,3,3,2,332,Lost Customers
17015.0,30,3,1842.56,4,3,4,434,Potential Loyalists
17016.0,371,1,552.4,2,2,2,222,Lost Customers
17017.0,11,28,13480.01,5,5,5,555,Champions
17018.0,42,6,2287.7,4,4,4,444,Loyal Customers
17019.0,13,11,4012.2,5,5,5,555,Champions
17020.0,544,2,935.62,1,3,3,133,At Risk
17021.0,367,6,1182.22,2,4,3,243,Loyal Customers
17022.0,122,2,260.0,3,3,1,331,Lost Customers
17023.0,405,3,800.1800000000001,2,3,3,233,At Risk
17024.0,47,3,95.85,4,3,1,431,Potential Loyalists
17025.0,62,5,1510.64,4,4,4,444,Loyal Customers
17026.0,158,3,208.98000000000002,3,3,1,331,Lost Customers
17027.0,80,9,1327.11,3,5,4,354,Loyal Customers
17028.0,524,3,1593.83,1,3,4,134,At Risk
17029.0,112,7,2137.3,3,4,4,344,Loyal Customers
17030.0,154,1,146.87,3,2,1,321,Lost Customers
17031.0,13,6,2773.85,5,4,4,544,Champions
17032.0,431,8,3004.6,1,5,5,155,Loyal Customers
17033.0,88,4,1332.79,3,4,4,344,Loyal Customers
17034.0,18,5,1283.92,5,4,4,544,Champions
17035.0,129,4,613.59,3,4,3,343,Loyal Customers
17036.0,385,1,176.9,2,2,1,221,Lost Customers
17037.0,89,1,1267.32,3,2,4,324,Lost Customers
17038.0,91,2,743.17,3,3,3,333,Lost Customers
17039.0,606,1,1954.99,1,2,4,124,Lost Customers
17040.0,139,2,463.25,3,3,2,332,Lost Customers
17041.0,28,6,1686.28,4,4,4,444,Loyal Customers
17042.0,64,4,922.8199999999999,4,4,3,443,Loyal Customers
17043.0,53,8,2616.55,4,5,4,454,Loyal Customers
17044.0,27,12,11962.300000000001,4,5,5,455,Loyal Customers
17045.0,115,5,827.6800000000001,3,4,3,343,Loyal Customers
17046.0,218,5,1906.07,2,4,4,244,Loyal Customers
17047.0,87,6,2289.23,3,4,4,344,Loyal Customers
17048.0,10,7,2071.68,5,4,4,544,Champions
17049.0,23,18,9551.48,5,5,5,555,Champions
17050.0,191,11,4691.79,3,5,5,355,Loyal Customers
17051.0,196,4,714.39,3,4,3,343,Loyal Customers
17052.0,30,1,413.75,4,2,2,422,Potential Loyalists
17053.0,337,1,498.48,2,2,2,222,Lost Customers
17054.0,30,5,1356.33,4,4,4,444,Loyal Customers
17055.0,447,1,239.55,1,2,1,121,Lost Customers
17056.0,1063,1,128.60000000000002,1,2,1,121,Lost Customers
17057.0,597,1,294.74,1,2,2,122,Lost Customers
17058.0,83,3,1179.89,3,3,3,333,Lost Customers
17059.0,61,9,5602.53,4,5,5,455,Loyal Customers
17060.0,268,1,234.24,2,2,1,221,Lost Customers
17061.0,75,11,5232.2300000000005,3,5,5,355,Loyal Customers
17062.0,315,6,1208.22,2,4,3,243,Loyal Customers
17063.0,23,13,3638.53,5,5,5,555,Champions
17064.0,1,3,859.35,5,3,3,533,Potential Loyalists
17065.0,373,2,194.7,2,3,1,231,At Risk
17066.0,728,1,228.34,1,2,1,121,Lost Customers
17067.0,726,3,454.54,1,3,2,132,At Risk
17068.0,14,47,9161.08,5,5,5,555,Champions
17069.0,30,14,5794.28,4,5,5,455,Loyal Customers
17070.0,116,2,445.32,3,3,2,332,Lost Customers
17071.0,2,13,3801.2000000000003,5,5,5,555,Champions
17072.0,627,1,282.05,1,2,1,121,Lost Customers
17073.0,19,4,1446.09,5,4,4,544,Champions
17074.0,564,1,203.05,1,2,1,121,Lost Customers
17075.0,19,10,2241.73,5,5,4,554,Champions
17076.0,38,6,1242.75,4,4,4,444,Loyal Customers
17077.0,432,1,306.0,1,2,2,122,Lost Customers
17078.0,274,2,378.2,2,3,2,232,At Risk
17079.0,80,1,118.80000000000001,3,2,1,321,Lost Customers
17080.0,24,7,957.53,5,4,3,543,Champions
17081.0,27,6,964.39,4,4,3,443,Loyal Customers
17082.0,183,6,4732.03,3,4,5,345,Loyal Customers
17083.0,100,9,4049.79,3,5,5,355,Loyal Customers
17084.0,244,3,5202.97,2,3,5,235,At Risk
17085.0,125,28,7891.41,3,5,5,355,Loyal Customers
17086.0,26,6,2050.08,4,4,4,444,Loyal Customers
17087.0,1032,1,221.53,1,2,1,121,Lost Customers
17088.0,30,4,1991.01,4,4,4,444,Loyal Customers
17089.0,388,1,128.45,2,2,1,221,Lost Customers
17090.0,2,12,2925.44,5,5,4,554,Champions
17091.0,122,18,7360.3,3,5,5,355,Loyal Customers
17092.0,51,11,5594.96,4,5,5,455,Loyal Customers
17093.0,594,1,235.88,1,2,1,121,Lost Customers
17094.0,324,2,402.20000000000005,2,3,2,232,At Risk
17095.0,24,7,2572.25,5,4,4,544,Champions
17096.0,1,11,3759.1800000000003,5,5,5,555,Champions
17097.0,12,8,1196.3,5,5,3,553,Champions
17098.0,383,3,591.07,2,3,2,232,At Risk
17099.0,535,1,582.17,1,2,2,122,Lost Customers
17100.0,20,2,971.74,5,3,3,533,Potential Loyalists
17101.0,12,7,2507.05,5,4,4,544,Champions
17102.0,263,1,25.5,2,2,1,221,Lost Customers
17103.0,724,1,424.3,1,2,2,122,Lost Customers
17104.0,366,1,474.03000000000003,2,2,2,222,Lost Customers
17105.0,192,2,665.78,3,3,3,333,Lost Customers
17106.0,391,1,491.23,2,2,2,222,Lost Customers
17107.0,77,10,16075.42,3,5,5,355,Loyal Customers
17108.0,665,1,174.95,1,2,1,121,Lost Customers
17109.0,46,8,1295.46,4,5,4,454,Loyal Customers
17110.0,167,3,510.7,3,3,2,332,Lost Customers
17111.0,49,2,476.58,4,3,2,432,Potential Loyalists
17112.0,504,1,205.17000000000002,1,2,1,121,Lost Customers
17113.0,402,6,2322.59,2,4,4,244,Loyal Customers
17114.0,101,8,808.62,3,5,3,353,Loyal Customers
17115.0,66,7,2761.4900000000002,4,4,4,444,Loyal Customers
17116.0,707,1,389.78,1,2,2,122,Lost Customers
17117.0,290,1,116.2,2,2,1,221,Lost Customers
17118.0,319,1,157.02,2,2,1,221,Lost Customers
17119.0,31,1,547.25,4,2,2,422,Potential Loyalists
17120.0,235,1,307.46,2,2,2,222,Lost Customers
17121.0,668,1,314.74,1,2,2,122,Lost Customers
17122.0,3,4,570.5,5,4,2,542,Champions
17123.0,338,3,977.1700000000001,2,3,3,233,At Risk
17124.0,158,1,298.89,3,2,2,322,Lost Customers
17125.0,52,1,259.35,4,2,1,421,Potential Loyalists
17126.0,65,9,2070.44,4,5,4,454,Loyal Customers
17127.0,446,5,1155.0300000000002,1,4,3,143,Loyal Customers
17128.0,101,1,157.09,3,2,1,321,Lost Customers
17129.0,522,1,31.85,1,2,1,121,Lost Customers
17131.0,49,5,2463.17,4,4,4,444,Loyal Customers
17132.0,454,2,1272.8,1,3,4,134,At Risk
17133.0,17,12,14622.33,5,5,5,555,Champions
17134.0,108,3,637.1,3,3,3,333,Lost Customers
17135.0,18,10,1954.16,5,5,4,554,Champions
17136.0,664,1,231.68,1,2,1,121,Lost Customers
17137.0,418,6,1133.63,1,4,3,143,Loyal Customers
17138.0,99,7,4417.27,3,4,5,345,Loyal Customers
17139.0,2,25,19584.46,5,5,5,555,Champions
17140.0,190,1,465.32,3,2,2,322,Lost Customers
17141.0,420,4,754.33,1,4,3,143,Loyal Customers
17142.0,240,4,1283.75,2,4,4,244,Loyal Customers
17143.0,369,2,924.11,2,3,3,233,At Risk
17144.0,86,1,595.89,3,2,2,322,Lost Customers
17145.0,514,4,3120.91,1,4,5,145,Loyal Customers
17146.0,107,13,5860.24,3,5,5,355,Loyal Customers
17147.0,24,9,3199.95,5,5,5,555,Champions
17148.0,53,1,124.88,4,2,1,421,Potential Loyalists
17149.0,453,1,143.10000000000002,1,2,1,121,Lost Customers
17150.0,378,6,1375.65,2,4,4,244,Loyal Customers
17151.0,973,1,231.90000000000003,1,2,1,121,Lost Customers
17152.0,196,4,2016.5,3,4,4,344,Loyal Customers
17153.0,26,1,213.78,4,2,1,421,Potential Loyalists
17154.0,77,1,329.34,3,2,2,322,Lost Customers
17155.0,19,7,892.46,5,4,3,543,Champions
17156.0,582,1,591.87,1,2,2,122,Lost Customers
17157.0,178,19,5151.900000000001,3,5,5,355,Loyal Customers
17158.0,153,5,1980.0,3,4,4,344,Loyal Customers
17159.0,23,5,2099.59,5,4,4,544,Champions
17160.0,7,17,10209.16,5,5,5,555,Champions
17161.0,446,1,856.01,1,2,3,123,Lost Customers
17162.0,30,10,1715.46,4,5,4,454,Loyal Customers
17163.0,23,4,699.78,5,4,3,543,Champions
17164.0,34,7,2467.35,4,4,4,444,Loyal Customers
17165.0,286,6,1794.32,2,4,4,244,Loyal Customers
17166.0,205,2,206.34,3,3,1,331,Lost Customers
17167.0,381,3,867.11,2,3,3,233,At Risk
17168.0,500,1,400.2,1,2,2,122,Lost Customers
17169.0,59,3,1156.73,4,3,3,433,Potential Loyalists
17170.0,376,2,178.68,2,3,1,231,At Risk
17171.0,291,2,384.59000000000003,2,3,2,232,At Risk
17172.0,80,3,956.5699999999999,3,3,3,333,Lost Customers
17173.0,1,7,3209.4,5,4,5,545,Champions
17174.0,189,1,59.9,3,2,1,321,Lost Customers
17175.0,5,4,1443.69,5,4,4,544,Champions
17176.0,203,3,902.3199999999999,3,3,3,333,Lost Customers
17177.0,507,1,119.5,1,2,1,121,Lost Customers
17178.0,851,1,436.71000000000004,1,2,2,122,Lost Customers
17179.0,180,6,1507.26,3,4,4,344,Loyal Customers
17180.0,7,11,2256.98,5,5,4,554,Champions
17181.0,59,3,465.37,4,3,2,432,Potential Loyalists
17182.0,424,2,321.3,1,3,2,132,At Risk
17183.0,24,6,3347.31,5,4,5,545,Champions
17184.0,571,2,198.41000000000003,1,3,1,131,At Risk
17185.0,593,3,229.46,1,3,1,131,At Risk
17186.0,48,2,144.0,4,3,1,431,Potential Loyalists
17187.0,228,2,467.71,2,3,2,232,At Risk
17188.0,13,13,4592.93,5,5,5,555,Champions
17189.0,107,5,957.63,3,4,3,343,Loyal Customers
17190.0,1,7,1743.04,5,4,4,544,Champions
17191.0,30,15,4836.05,4,5,5,455,Loyal Customers
17192.0,538,1,77.83,1,2,1,121,Lost Customers
17193.0,1,9,2310.04,5,5,4,554,Champions
17194.0,38,3,812.5,4,3,3,433,Potential Loyalists
17195.0,657,1,562.98,1,2,2,122,Lost Customers
17196.0,488,1,352.9,1,2,2,122,Lost Customers
17197.0,61,1,1013.01,4,2,3,423,Potential Loyalists
17198.0,25,3,1213.88,4,3,3,433,Potential Loyalists
17199.0,554,1,145.12,1,2,1,121,Lost Customers
17200.0,389,4,356.71,2,4,2,242,Loyal Customers
17201.0,55,4,1242.04,4,4,4,444,Loyal Customers
17202.0,422,1,160.65,1,2,1,121,Lost Customers
17203.0,54,10,5575.88,4,5,5,455,Loyal Customers
17204.0,7,9,5504.6900000000005,5,5,5,555,Champions
17205.0,55,3,999.35,4,3,3,433,Potential Loyalists
17206.0,55,1,204.24,4,2,1,421,Potential Loyalists
17207.0,653,1,303.21999999999997,1,2,2,122,Lost Customers
17208.0,456,1,115.35,1,2,1,121,Lost Customers
17209.0,651,3,611.6,1,3,2,132,At Risk
17210.0,365,1,253.37,2,2,1,221,Lost Customers
17211.0,5,13,4046.65,5,5,5,555,Champions
17212.0,254,3,794.41,2,3,3,233,At Risk
17213.0,42,13,5182.3,4,5,5,455,Loyal Customers
17214.0,62,6,1069.1200000000001,4,4,3,443,Loyal Customers
17215.0,701,1,186.15,1,2,1,121,Lost Customers
17216.0,645,1,65.05,1,2,1,121,Lost Customers
17217.0,236,2,218.0,2,3,1,231,At Risk
17218.0,13,17,4083.99,5,5,5,555,Champions
17219.0,122,2,259.13,3,3,1,331,Lost Customers
17220.0,26,21,4481.75,4,5,5,455,Loyal Customers
17221.0,274,5,978.52,2,4,3,243,Loyal Customers
17222.0,215,6,1605.01,2,4,4,244,Loyal Customers
17223.0,312,3,873.53,2,3,3,233,At Risk
17224.0,503,1,100.86000000000001,1,2,1,121,Lost Customers
17225.0,524,1,131.15,1,2,1,121,Lost Customers
17226.0,253,3,900.12,2,3,3,233,At Risk
17227.0,20,12,2022.03,5,5,4,554,Champions
17228.0,17,13,3177.24,5,5,5,555,Champions
17229.0,144,2,318.76,3,3,2,332,Lost Customers
17230.0,266,18,9924.95,2,5,5,255,Loyal Customers
17231.0,14,25,7197.04,5,5,5,555,Champions
17232.0,16,1,208.04000000000002,5,2,1,521,Potential Loyalists
17233.0,244,3,560.86,2,3,2,232,At Risk
17234.0,66,1,149.89,4,2,1,421,Potential Loyalists
17235.0,27,8,1904.88,4,5,4,454,Loyal Customers
17236.0,14,12,1929.26,5,5,4,554,Champions
17237.0,13,4,1002.08,5,4,3,543,Champions
17238.0,19,31,7644.43,5,5,5,555,Champions
17239.0,314,4,1189.45,2,4,3,243,Loyal Customers
17240.0,598,1,130.60000000000002,1,2,1,121,Lost Customers
17241.0,369,12,2744.14,2,5,4,254,Loyal Customers
17242.0,5,5,2889.2799999999997,5,4,4,544,Champions
17243.0,16,68,20285.56,5,5,5,555,Champions
17244.0,55,5,1826.04,4,4,4,444,Loyal Customers
17245.0,206,2,371.63,2,3,2,232,At Risk
17246.0,400,2,38.92,2,3,1,231,At Risk
17247.0,17,1,282.19,5,2,1,521,Potential Loyalists
17248.0,33,2,546.16,4,3,2,432,Potential Loyalists
17249.0,519,1,68.03,1,2,1,121,Lost Customers
17250.0,263,1,162.65,2,2,1,221,Lost Customers
17251.0,364,3,812.4300000000001,2,3,3,233,At Risk
17252.0,118,2,353.86,3,3,2,332,Lost Customers
17253.0,20,1,178.26,5,2,1,521,Potential Loyalists
17254.0,17,2,368.59999999999997,5,3,2,532,Potential Loyalists
17255.0,42,4,799.13,4,4,3,443,Loyal Customers
17256.0,109,5,498.93,3,4,2,342,Loyal Customers
17257.0,438,2,192.73,1,3,1,131,At Risk
17258.0,374,2,417.3,2,3,2,232,At Risk
17259.0,150,6,1889.34,3,4,4,344,Loyal Customers
17260.0,413,1,120.95,2,2,1,221,Lost Customers
17261.0,511,1,230.44,1,2,1,121,Lost Customers
17262.0,54,11,2757.62,4,5,4,454,Loyal Customers
17263.0,210,1,63.440000000000005,2,2,1,221,Lost Customers
17264.0,396,1,279.59,2,2,1,221,Lost Customers
17265.0,5,2,562.9,5,3,2,532,Potential Loyalists
17266.0,149,3,320.15,3,3,2,332,Lost Customers
17267.0,246,2,317.62,2,3,2,232,At Risk
17268.0,4,11,1733.8899999999999,5,5,4,554,Champions
17269.0,387,1,537.46,2,2,2,222,Lost Customers
17270.0,471,2,604.4,1,3,2,132,At Risk
17271.0,1004,1,210.39,1,2,1,121,Lost Customers
17272.0,44,4,2148.63,4,4,4,444,Loyal Customers
17273.0,396,1,141.12,2,2,1,221,Lost Customers
17274.0,244,2,577.38,2,3,2,232,At Risk
17275.0,385,1,114.52,2,2,1,221,Lost Customers
17276.0,668,1,508.39,1,2,2,122,Lost Customers
17277.0,229,2,1065.3500000000001,2,3,3,233,At Risk
17278.0,7,2,271.24,5,3,1,531,Potential Loyalists
17279.0,59,1,187.82999999999998,4,2,1,421,Potential Loyalists
17280.0,440,1,118.86,1,2,1,121,Lost Customers
17281.0,375,6,797.85,2,4,3,243,Loyal Customers
17282.0,175,5,2339.66,3,4,4,344,Loyal Customers
17283.0,380,1,188.46,2,2,1,221,Lost Customers
17284.0,33,8,2793.16,4,5,4,454,Loyal Customers
17285.0,630,2,428.34,1,3,2,132,At Risk
17286.0,23,3,395.48,5,3,2,532,Potential Loyalists
17287.0,28,21,4111.96,4,5,5,455,Loyal Customers
17288.0,11,11,2499.98,5,5,4,554,Champions
17289.0,5,9,2079.39,5,5,4,554,Champions
17290.0,18,7,1329.23,5,4,4,544,Champions
17291.0,253,1,550.8000000000001,2,2,2,222,Lost Customers
17292.0,462,2,271.75,1,3,1,131,At Risk
17293.0,1,17,3774.23,5,5,5,555,Champions
17294.0,496,2,467.79,1,3,2,132,At Risk
17295.0,30,3,556.95,4,3,2,432,Potential Loyalists
17296.0,820,1,338.13,1,2,2,122,Lost Customers
17297.0,19,1,131.78,5,2,1,521,Potential Loyalists
17298.0,103,5,957.5600000000001,3,4,3,343,Loyal Customers
17299.0,13,6,1016.08,5,4,3,543,Champions
17300.0,392,2,393.64,2,3,2,232,At Risk
17301.0,23,2,330.43,5,3,2,532,Potential Loyalists
17302.0,16,5,1135.63,5,4,3,543,Champions
17303.0,363,1,250.04,2,2,1,221,Lost Customers
17304.0,536,1,111.5,1,2,1,121,Lost Customers
17305.0,707,1,2135.46,1,2,4,124,Lost Customers
17306.0,12,21,9782.35,5,5,5,555,Champions
17307.0,396,11,3999.8900000000003,2,5,5,255,Loyal Customers
17308.0,395,2,4511.76,2,3,5,235,At Risk
17309.0,216,3,330.59,2,3,2,232,At Risk
17310.0,389,2,1025.1,2,3,3,233,At Risk
17311.0,80,6,3566.56,3,4,5,345,Loyal Customers
17312.0,140,3,644.3,3,3,3,333,Lost Customers
17313.0,122,1,2328.84,3,2,4,324,Lost Customers
17314.0,1,17,4904.43,5,5,5,555,Champions
17315.0,6,42,9460.42,5,5,5,555,Champions
17316.0,422,1,124.45,1,2,1,121,Lost Customers
17317.0,32,3,2600.34,4,3,4,434,Potential Loyalists
17318.0,727,1,164.28,1,2,1,121,Lost Customers
17319.0,496,1,29.099999999999998,1,2,1,121,Lost Customers
17320.0,102,6,2895.77,3,4,4,344,Loyal Customers
17321.0,276,6,1741.18,2,4,4,244,Loyal Customers
17322.0,378,5,922.59,2,4,3,243,Loyal Customers
17323.0,16,12,1565.59,5,5,4,554,Champions
17324.0,10,12,2301.87,5,5,4,554,Champions
17325.0,252,3,609.5699999999999,2,3,2,232,At Risk
17326.0,410,2,321.95,2,3,2,232,At Risk
17327.0,411,2,152.35,2,3,1,231,At Risk
17328.0,618,1,104.7,1,2,1,121,Lost Customers
17329.0,16,5,1004.4300000000001,5,4,3,543,Champions
17330.0,24,4,423.8,5,4,2,542,Champions
17331.0,125,1,175.2,3,2,1,321,Lost Customers
17332.0,462,5,838.27,1,4,3,143,Loyal Customers
17333.0,87,1,494.25,3,2,2,322,Lost Customers
17334.0,70,3,635.1500000000001,4,3,3,433,Potential Loyalists
17335.0,385,2,508.0,2,3,2,232,At Risk
17336.0,474,1,81.12,1,2,1,121,Lost Customers
17337.0,5,4,2027.8700000000001,5,4,4,544,Champions
17338.0,10,17,12142.57,5,5,5,555,Champions
17339.0,185,3,362.36,3,3,2,332,Lost Customers
17340.0,33,18,22404.82,4,5,5,455,Loyal Customers
17341.0,187,5,1889.83,3,4,4,344,Loyal Customers
17342.0,381,4,1227.54,2,4,3,243,Loyal Customers
17343.0,357,6,1259.94,2,4,4,244,Loyal Customers
17344.0,48,2,468.11,4,3,2,432,Potential Loyalists
17345.0,17,10,1604.68,5,5,4,554,Champions
17346.0,1,25,5185.91,5,5,5,555,Champions
17347.0,88,1,228.96,3,2,1,321,Lost Customers
17348.0,16,9,2476.41,5,5,4,554,Champions
17349.0,181,5,852.25,3,4,3,343,Loyal Customers
17350.0,47,7,1906.041,4,4,4,444,Loyal Customers
17351.0,38,12,1988.23,4,5,4,454,Loyal Customers
17352.0,375,1,36.25,2,2,1,221,Lost Customers
17353.0,126,4,3242.0,3,4,5,345,Loyal Customers
17354.0,52,4,3143.46,4,4,5,445,Loyal Customers
17355.0,388,1,285.11,2,2,1,221,Lost Customers
17356.0,343,5,946.47,2,4,3,243,Loyal Customers
17357.0,26,2,388.14,4,3,2,432,Potential Loyalists
17358.0,100,5,866.05,3,4,3,343,Loyal Customers
17359.0,13,2,284.46,5,3,1,531,Potential Loyalists
17360.0,19,6,1231.3799999999999,5,4,3,543,Champions
17361.0,51,5,880.64,4,4,3,443,Loyal Customers
17362.0,241,7,1024.04,2,4,3,243,Loyal Customers
17363.0,456,3,940.86,1,3,3,133,At Risk
17364.0,10,26,11649.9,5,5,5,555,Champions
17365.0,14,15,8224.98,5,5,5,555,Champions
17366.0,457,2,1096.24,1,3,3,133,At Risk
17367.0,240,1,168.4,2,2,1,221,Lost Customers
17368.0,25,14,2826.14,4,5,4,454,Loyal Customers
17369.0,428,1,979.2,1,2,3,123,Lost Customers
17370.0,74,4,446.18,3,4,2,342,Loyal Customers
17371.0,19,6,662.55,5,4,3,543,Champions
17372.0,42,28,4377.56,4,5,5,455,Loyal Customers
17373.0,42,7,1167.5,4,4,3,443,Loyal Customers
17374.0,220,3,727.11,2,3,3,233,At Risk
17375.0,201,4,660.55,3,4,3,343,Loyal Customers
17376.0,72,4,453.64,4,4,2,442,Loyal Customers
17377.0,25,78,18319.41,4,5,5,455,Loyal Customers
17378.0,375,1,10.95,2,2,1,221,Lost Customers
17379.0,13,1,404.66,5,2,2,522,Potential Loyalists
17380.0,502,3,645.0,1,3,3,133,At Risk
17381.0,3,38,40002.37,5,5,5,555,Champions
17382.0,215,8,902.28,2,5,3,253,Loyal Customers
17383.0,367,1,110.7,2,2,1,221,Lost Customers
17384.0,21,3,507.55,5,3,2,532,Potential Loyalists
17385.0,16,1,261.11,5,2,1,521,Potential Loyalists
17386.0,115,7,2812.77,3,4,4,344,Loyal Customers
17387.0,21,2,784.11,5,3,3,533,Potential Loyalists
17388.0,6,11,2691.57,5,5,4,554,Champions
17389.0,10,58,51347.9,5,5,5,555,Champions
17390.0,422,1,149.3,1,2,1,121,Lost Customers
17391.0,165,2,508.8,3,3,2,332,Lost Customers
17392.0,192,3,626.56,3,3,3,333,Lost Customers
17393.0,412,2,381.15000000000003,2,3,2,232,At Risk
17394.0,250,1,203.86999999999998,2,2,1,221,Lost Customers
17395.0,510,1,97.5,1,2,1,121,Lost Customers
17396.0,41,14,8807.1,4,5,5,455,Loyal Customers
17397.0,24,3,1233.18,5,3,4,534,Potential Loyalists
17398.0,116,3,653.38,3,3,3,333,Lost Customers
17400.0,211,8,4677.05,2,5,5,255,Loyal Customers
17401.0,543,1,114.85,1,2,1,121,Lost Customers
17402.0,52,22,4809.38,4,5,5,455,Loyal Customers
17403.0,275,2,400.57,2,3,2,232,At Risk
17404.0,6,22,47543.12,5,5,5,555,Champions
17405.0,4,2,883.01,5,3,3,533,Potential Loyalists
17406.0,71,13,4905.05,4,5,5,455,Loyal Customers
17407.0,413,1,552.9,2,2,2,222,Lost Customers
17408.0,165,3,316.09000000000003,3,3,2,332,Lost Customers
17409.0,127,10,7793.51,3,5,5,355,Loyal Customers
17410.0,1,5,1214.72,5,4,3,543,Champions
17411.0,14,5,1425.38,5,4,4,544,Champions
17412.0,25,15,4231.12,4,5,5,455,Loyal Customers
17413.0,406,2,560.14,2,3,2,232,At Risk
17414.0,45,6,2249.52,4,4,4,444,Loyal Customers
17415.0,81,1,507.84,3,2,2,322,Lost Customers
17416.0,61,22,17298.45,4,5,5,455,Loyal Customers
17417.0,461,1,164.18,1,2,1,121,Lost Customers
17418.0,44,3,670.0600000000001,4,3,3,433,Potential Loyalists
17419.0,13,18,6500.52,5,5,5,555,Champions
17420.0,52,6,1084.43,4,4,3,443,Loyal Customers
17421.0,388,3,1059.41,2,3,3,233,At Risk
17422.0,5,11,3594.76,5,5,5,555,Champions
17423.0,48,3,1118.95,4,3,3,433,Potential Loyalists
17425.0,21,2,759.1700000000001,5,3,3,533,Potential Loyalists
17426.0,93,13,8077.77,3,5,5,355,Loyal Customers
17427.0,73,1,100.8,4,2,1,421,Potential Loyalists
17428.0,7,44,31404.16,5,5,5,555,Champions
17429.0,158,5,1357.46,3,4,4,344,Loyal Customers
17430.0,153,4,735.17,3,4,3,343,Loyal Customers
17431.0,315,1,403.3,2,2,2,222,Lost Customers
17432.0,19,9,1751.39,5,5,4,554,Champions
17433.0,2,2,569.96,5,3,2,532,Potential Loyalists
17434.0,11,6,2052.48,5,4,4,544,Champions
17435.0,413,1,331.35,2,2,2,222,Lost Customers
17436.0,228,4,440.16,2,4,2,242,Loyal Customers
17437.0,531,1,373.17,1,2,2,122,Lost Customers
17438.0,255,5,1422.77,2,4,4,244,Loyal Customers
17439.0,657,1,325.74,1,2,2,122,Lost Customers
17440.0,187,4,323.58,3,4,2,342,Loyal Customers
17441.0,882,1,293.35,1,2,2,122,Lost Customers
17442.0,64,15,4620.3,4,5,5,455,Loyal Customers
17443.0,250,1,534.24,2,2,2,222,Lost Customers
17444.0,34,3,2940.04,4,3,5,435,Potential Loyalists
17446.0,178,2,120.89999999999999,3,3,1,331,Lost Customers
17447.0,42,2,541.53,4,3,2,432,Potential Loyalists
17448.0,373,46,14556.970000000001,2,5,5,255,Loyal Customers
17449.0,46,12,4525.46,4,5,5,455,Loyal Customers
17450.0,4,51,246973.09,5,5,5,555,Champions
17451.0,17,6,1427.22,5,4,4,544,Champions
17453.0,19,2,486.72,5,3,2,532,Potential Loyalists
17454.0,194,10,1547.94,3,5,4,354,Loyal Customers
17455.0,205,1,131.7,3,2,1,321,Lost Customers
17456.0,455,2,1225.42,1,3,3,133,At Risk
17457.0,206,14,5984.81,2,5,5,255,Loyal Customers
17458.0,17,2,529.58,5,3,2,532,Potential Loyalists
17459.0,45,2,657.3,4,3,3,433,Potential Loyalists
17460.0,185,16,2228.27,3,5,4,354,Loyal Customers
17461.0,24,3,757.46,5,3,3,533,Potential Loyalists
17462.0,62,2,675.69,4,3,3,433,Potential Loyalists
17463.0,18,7,2557.91,5,4,4,544,Champions
17464.0,248,3,1000.94,2,3,3,233,At Risk
17465.0,427,7,2542.79,1,4,4,144,Loyal Customers
17466.0,12,2,763.28,5,3,3,533,Potential Loyalists
17467.0,456,1,102.6,1,2,1,121,Lost Customers
17468.0,12,3,194.8,5,3,1,531,Potential Loyalists
17469.0,18,17,5051.25,5,5,5,555,Champions
17470.0,46,11,2804.87,4,5,4,454,Loyal Customers
17471.0,476,1,321.65000000000003,1,2,2,122,Lost Customers
17472.0,289,4,935.1,2,4,3,243,Loyal Customers
17473.0,410,2,607.0,2,3,2,232,At Risk
17474.0,601,1,1047.0,1,2,3,123,Lost Customers
17475.0,81,1,194.37,3,2,1,321,Lost Customers
17476.0,456,2,489.86,1,3,2,132,At Risk
17477.0,555,2,1144.3,1,3,3,133,At Risk
17478.0,410,2,1272.8000000000002,2,3,4,234,At Risk
17479.0,634,1,389.26000000000005,1,2,2,122,Lost Customers
17480.0,79,2,902.03,3,3,3,333,Lost Customers
17481.0,17,3,1083.19,5,3,3,533,Potential Loyalists
17482.0,432,2,778.19,1,3,3,133,At Risk
17483.0,95,4,591.73,3,4,2,342,Loyal Customers
17484.0,371,2,209.57,2,3,1,231,At Risk
17486.0,263,1,396.87,2,2,2,222,Lost Customers
17487.0,759,1,160.55,1,2,1,121,Lost Customers
17488.0,495,1,336.5,1,2,2,122,Lost Customers
17489.0,1,2,376.64,5,3,2,532,Potential Loyalists
17490.0,75,6,1979.4,3,4,4,344,Loyal Customers
17491.0,16,16,5538.17,5,5,5,555,Champions
17492.0,221,3,1122.42,2,3,3,233,At Risk
17493.0,387,1,100.91,2,2,1,221,Lost Customers
17494.0,503,1,54.7,1,2,1,121,Lost Customers
17495.0,302,3,806.72,2,3,3,233,At Risk
17496.0,360,4,1412.89,2,4,4,244,Loyal Customers
17497.0,392,2,287.25,2,3,2,232,At Risk
17498.0,77,1,272.21999999999997,3,2,1,321,Lost Customers
17499.0,291,2,1341.3899999999999,2,3,4,234,At Risk
17500.0,19,3,1138.0,5,3,3,533,Potential Loyalists
17501.0,281,2,288.6,2,3,2,232,At Risk
17502.0,11,4,689.1,5,4,3,543,Champions
17503.0,334,1,340.43,2,2,2,222,Lost Customers
17504.0,189,18,9565.12,3,5,5,355,Loyal Customers
17505.0,207,5,2435.48,2,4,4,244,Loyal Customers
17506.0,77,1,302.2,3,2,2,322,Lost Customers
17507.0,263,2,605.58,2,3,2,232,At Risk
17508.0,252,8,4579.23,2,5,5,255,Loyal Customers
17509.0,59,8,6115.14,4,5,5,455,Loyal Customers
17510.0,26,2,514.56,4,3,2,432,Potential Loyalists
17511.0,7,58,168224.23,5,5,5,555,Champions
17512.0,30,18,5467.820000000001,4,5,5,455,Loyal Customers
17513.0,74,3,1158.8,3,3,3,333,Lost Customers
17514.0,278,2,542.83,2,3,2,232,At Risk
17515.0,122,9,1617.46,3,5,4,354,Loyal Customers
17516.0,3,6,957.55,5,4,3,543,Champions
17517.0,253,1,153.94,2,2,1,221,Lost Customers
17518.0,427,2,329.42,1,3,2,132,At Risk
17519.0,19,15,5109.47,5,5,5,555,Champions
17520.0,55,1,546.81,4,2,2,422,Potential Loyalists
17521.0,61,5,1278.06,4,4,4,444,Loyal Customers
17522.0,96,4,912.25,3,4,3,343,Loyal Customers
17523.0,13,4,652.74,5,4,3,543,Champions
17524.0,363,3,539.14,2,3,2,232,At Risk
17525.0,361,3,1161.9,2,3,3,233,At Risk
17526.0,292,11,3842.9399999999996,2,5,5,255,Loyal Customers
17527.0,55,4,939.37,4,4,3,443,Loyal Customers
17528.0,1,7,3428.0,5,4,5,545,Champions
17529.0,405,2,1240.25,2,3,4,234,At Risk
17530.0,17,11,2925.7,5,5,4,554,Champions
17531.0,307,3,1266.82,2,3,4,234,At Risk
17532.0,387,1,65.34,2,2,1,221,Lost Customers
17533.0,700,1,34.8,1,2,1,121,Lost Customers
17534.0,55,5,1668.83,4,4,4,444,Loyal Customers
17535.0,252,1,164.4,2,2,1,221,Lost Customers
17536.0,179,3,364.83,3,3,2,332,Lost Customers
17537.0,61,2,897.62,4,3,3,433,Potential Loyalists
17538.0,27,1,98.42,4,2,1,421,Potential Loyalists
17539.0,436,4,1226.57,1,4,3,143,Loyal Customers
17540.0,26,6,1590.6000000000001,4,4,4,444,Loyal Customers
17541.0,511,1,124.46,1,2,1,121,Lost Customers
17542.0,271,3,341.7,2,3,2,232,At Risk
17543.0,492,1,120.05,1,2,1,121,Lost Customers
17544.0,392,3,960.69,2,3,3,233,At Risk
17545.0,45,6,1448.54,4,4,4,444,Loyal Customers
17547.0,374,2,727.85,2,3,3,233,At Risk
17548.0,235,4,731.26,2,4,3,243,Loyal Customers
17549.0,25,2,148.86,4,3,1,431,Potential Loyalists
17550.0,68,9,2547.64,4,5,4,454,Loyal Customers
17551.0,361,1,306.84,2,2,2,222,Lost Customers
17552.0,62,12,3085.29,4,5,5,455,Loyal Customers
17553.0,306,4,3757.6,2,4,5,245,Loyal Customers
17554.0,18,4,1714.15,5,4,4,544,Champions
17555.0,21,5,1057.74,5,4,3,543,Champions
17556.0,207,2,300.67,2,3,2,232,At Risk
17557.0,16,4,575.46,5,4,2,542,Champions
17558.0,395,1,259.17,2,2,1,221,Lost Customers
17559.0,514,1,167.62,1,2,1,121,Lost Customers
17560.0,157,8,1895.8,3,5,4,354,Loyal Customers
17561.0,21,4,722.34,5,4,3,543,Champions
17562.0,16,7,1122.38,5,4,3,543,Champions
17563.0,432,2,392.38,1,3,2,132,At Risk
17564.0,26,3,454.01,4,3,2,432,Potential Loyalists
17565.0,674,1,131.83,1,2,1,121,Lost Customers
17566.0,27,2,901.21,4,3,3,433,Potential Loyalists
17567.0,59,9,5356.03,4,5,5,455,Loyal Customers
17568.0,635,1,382.79,1,2,2,122,Lost Customers
17569.0,40,1,344.14,4,2,2,422,Potential Loyalists
17570.0,383,1,100.0,2,2,1,221,Lost Customers
17571.0,52,5,1703.75,4,4,4,444,Loyal Customers
17572.0,72,10,723.0100000000001,4,5,3,453,Loyal Customers
17573.0,61,3,380.6,4,3,2,432,Potential Loyalists
17574.0,37,1,185.65,4,2,1,421,Potential Loyalists
17575.0,435,1,171.7,1,2,1,121,Lost Customers
17576.0,3,41,9056.81,5,5,5,555,Champions
17577.0,465,2,348.75,1,3,2,132,At Risk
17578.0,219,7,1047.33,2,4,3,243,Loyal Customers
17579.0,139,3,575.24,3,3,2,332,Lost Customers
17580.0,314,5,545.27,2,4,2,242,Loyal Customers
17581.0,67,40,17773.07,4,5,5,455,Loyal Customers
17582.0,238,5,1450.7,2,4,4,244,Loyal Customers
17583.0,562,1,135.95,1,2,1,121,Lost Customers
17584.0,247,6,5309.42,2,4,5,245,Loyal Customers
17585.0,111,7,2093.3,3,4,4,344,Loyal Customers
17586.0,621,1,167.4,1,2,1,121,Lost Customers
17587.0,630,1,181.66,1,2,1,121,Lost Customers
17588.0,102,7,2939.55,3,4,5,345,Loyal Customers
17589.0,34,18,14049.87,4,5,5,455,Loyal Customers
17590.0,19,2,1158.29,5,3,3,533,Potential Loyalists
17591.0,75,8,2776.67,3,5,4,354,Loyal Customers
17592.0,1063,1,148.3,1,2,1,121,Lost Customers
17593.0,93,10,7417.6,3,5,5,355,Loyal Customers
17594.0,87,4,2497.88,3,4,4,344,Loyal Customers
17595.0,14,2,388.79,5,3,2,532,Potential Loyalists
17596.0,25,13,4920.67,4,5,5,455,Loyal Customers
17597.0,67,5,3484.09,4,4,5,445,Loyal Customers
17598.0,382,1,409.98,2,2,2,222,Lost Customers
17599.0,479,1,52.05,1,2,1,121,Lost Customers
17600.0,19,1,161.67000000000002,5,2,1,521,Potential Loyalists
17601.0,240,2,421.48,2,3,2,232,At Risk
17602.0,25,13,6362.4400000000005,4,5,5,455,Loyal Customers
17603.0,80,4,1793.48,3,4,4,344,Loyal Customers
17604.0,189,6,945.9300000000001,3,4,3,343,Loyal Customers
17605.0,592,1,160.75,1,2,1,121,Lost Customers
17606.0,1032,1,87.30000000000001,1,2,1,121,Lost Customers
17607.0,378,1,333.81,2,2,2,222,Lost Customers
17608.0,183,4,498.53,3,4,2,342,Loyal Customers
17609.0,42,11,1894.34,4,5,4,454,Loyal Customers
17610.0,542,5,1529.49,1,4,4,144,Loyal Customers
17611.0,37,28,8371.98,4,5,5,455,Loyal Customers
17612.0,55,18,5394.86,4,5,5,455,Loyal Customers
17613.0,24,14,4559.150000000001,5,5,5,555,Champions
17614.0,59,1,390.07,4,2,2,422,Potential Loyalists
17615.0,205,6,733.2,3,4,3,343,Loyal Customers
17616.0,175,4,1060.8,3,4,3,343,Loyal Customers
17617.0,560,1,395.33,1,2,2,122,Lost Customers
17618.0,221,11,4073.2400000000002,2,5,5,255,Loyal Customers
17619.0,314,1,218.52,2,2,1,221,Lost Customers
17620.0,31,1,81.44,4,2,1,421,Potential Loyalists
17621.0,23,6,3175.12,5,4,5,545,Champions
17622.0,599,2,1130.21,1,3,3,133,At Risk
17623.0,153,7,2383.67,3,4,4,344,Loyal Customers
17624.0,16,4,1568.63,5,4,4,544,Champions
17625.0,20,8,6067.8,5,5,5,555,Champions
17626.0,604,1,254.0,1,2,1,121,Lost Customers
17627.0,480,1,296.36,1,2,2,122,Lost Customers
17628.0,83,1,75.75,3,2,1,321,Lost Customers
17629.0,20,10,2455.52,5,5,4,554,Champions
17630.0,171,2,503.6,3,3,2,332,Lost Customers
17631.0,139,6,886.66,3,4,3,343,Loyal Customers
17633.0,33,7,2057.39,4,4,4,444,Loyal Customers
17634.0,36,9,2361.9700000000003,4,5,4,454,Loyal Customers
17635.0,396,3,1265.58,2,3,4,234,At Risk
17636.0,21,1,285.56,5,2,1,521,Potential Loyalists
17637.0,117,2,547.0600000000001,3,3,2,332,Lost Customers
17638.0,676,2,842.4000000000001,1,3,3,133,At Risk
17639.0,130,6,615.17,3,4,3,343,Loyal Customers
17640.0,88,6,3168.94,3,4,5,345,Loyal Customers
17642.0,3,5,1824.49,5,4,4,544,Champions
17643.0,507,2,541.25,1,3,2,132,At Risk
17644.0,33,19,5695.84,4,5,5,455,Loyal Customers
17646.0,250,12,4149.79,2,5,5,255,Loyal Customers
17647.0,215,3,331.65999999999997,2,3,2,232,At Risk
17648.0,62,5,2216.37,4,4,4,444,Loyal Customers
17649.0,140,3,1578.89,3,3,4,334,Lost Customers
17650.0,23,1,166.07999999999998,5,2,1,521,Potential Loyalists
17651.0,13,16,5703.52,5,5,5,555,Champions
17652.0,27,12,4867.72,4,5,5,455,Loyal Customers
17653.0,33,4,1207.56,4,4,3,443,Loyal Customers
17654.0,161,1,117.55,3,2,1,321,Lost Customers
17655.0,12,9,3652.48,5,5,5,555,Champions
17656.0,2,5,1674.69,5,4,4,544,Champions
17657.0,580,1,126.0,1,2,1,121,Lost Customers
17658.0,6,2,595.42,5,3,2,532,Potential Loyalists
17659.0,19,14,3834.79,5,5,5,555,Champions
17660.0,143,2,359.47,3,3,2,332,Lost Customers
17662.0,663,2,412.92,1,3,2,132,At Risk
17663.0,27,17,5175.83,4,5,5,455,Loyal Customers
17664.0,20,4,1166.23,5,4,3,543,Champions
17665.0,643,1,563.1,1,2,2,122,Lost Customers
17666.0,215,4,1728.7199999999998,2,4,4,244,Loyal Customers
17667.0,6,9,3950.7,5,5,5,555,Champions
17668.0,334,1,161.85,2,2,1,221,Lost Customers
17669.0,44,10,6142.35,4,5,5,455,Loyal Customers
17670.0,229,1,205.7,2,2,1,221,Lost Customers
17671.0,5,5,2403.34,5,4,4,544,Champions
17672.0,52,7,5778.63,4,4,5,445,Loyal Customers
17673.0,164,12,4121.11,3,5,5,355,Loyal Customers
17674.0,76,2,851.7,3,3,3,333,Lost Customers
17675.0,4,69,37530.68,5,5,5,555,Champions
17676.0,1,9,2418.2400000000002,5,5,4,554,Champions
17677.0,30,52,35988.75,4,5,5,455,Loyal Customers
17678.0,265,2,599.76,2,3,2,232,At Risk
17679.0,54,7,3577.61,4,4,5,445,Loyal Customers
17680.0,25,3,497.45000000000005,4,3,2,432,Potential Loyalists
17681.0,598,5,731.2,1,4,3,143,Loyal Customers
17682.0,12,11,4456.78,5,5,5,555,Champions
17683.0,387,3,819.01,2,3,3,233,At Risk
17684.0,45,1,239.41,4,2,1,421,Potential Loyalists
17685.0,2,12,5943.17,5,5,5,555,Champions
17686.0,33,9,8296.81,4,5,5,455,Loyal Customers
17687.0,422,1,432.68,1,2,2,122,Lost Customers
17688.0,395,1,304.2,2,2,2,222,Lost Customers
17689.0,390,2,317.08,2,3,2,232,At Risk
17690.0,47,20,7448.1,4,5,5,455,Loyal Customers
17691.0,359,4,780.0500000000001,2,4,3,243,Loyal Customers
17692.0,162,12,2975.8,3,5,5,355,Loyal Customers
17693.0,139,1,200.47,3,2,1,321,Lost Customers
17694.0,143,3,1695.97,3,3,4,334,Lost Customers
17695.0,133,5,1746.04,3,4,4,344,Loyal Customers
17696.0,110,27,7679.59,3,5,5,355,Loyal Customers
17697.0,238,1,338.95,2,2,2,222,Lost Customers
17698.0,262,1,154.95,2,2,1,221,Lost Customers
17699.0,478,2,442.0,1,3,2,132,At Risk
17700.0,18,14,6679.97,5,5,5,555,Champions
17701.0,341,1,417.95,2,2,2,222,Lost Customers
17702.0,91,6,3144.04,3,4,5,345,Loyal Customers
17703.0,111,4,1094.84,3,4,3,343,Loyal Customers
17704.0,170,2,885.19,3,3,3,333,Lost Customers
17705.0,39,10,1865.9,4,5,4,454,Loyal Customers
17706.0,46,30,19974.14,4,5,5,455,Loyal Customers
17707.0,158,8,609.3,3,5,2,352,Loyal Customers
17708.0,219,4,887.9300000000001,2,4,3,243,Loyal Customers
17709.0,171,5,671.01,3,4,3,343,Loyal Customers
17710.0,366,1,293.5,2,2,2,222,Lost Customers
17711.0,12,2,385.1,5,3,2,532,Potential Loyalists
17712.0,46,1,522.91,4,2,2,422,Potential Loyalists
17713.0,384,4,1198.09,2,4,3,243,Loyal Customers
17714.0,322,5,1410.18,2,4,4,244,Loyal Customers
17715.0,202,2,489.59999999999997,3,3,2,332,Lost Customers
17716.0,24,24,15956.970000000001,5,5,5,555,Champions
17717.0,423,1,376.92,1,2,2,122,Lost Customers
17718.0,234,2,439.18,2,3,2,232,At Risk
17719.0,2,15,5396.04,5,5,5,555,Champions
17720.0,28,10,2768.91,4,5,4,454,Loyal Customers
17721.0,661,1,307.21000000000004,1,2,2,122,Lost Customers
17722.0,246,5,4430.36,2,4,5,245,Loyal Customers
17723.0,97,7,3378.4000000000005,3,4,5,345,Loyal Customers
17724.0,73,3,1033.0,4,3,3,433,Potential Loyalists
17725.0,18,11,3439.08,5,5,5,555,Champions
17726.0,446,7,1092.06,1,4,3,143,Loyal Customers
17727.0,17,1,1060.25,5,2,3,523,Potential Loyalists
17728.0,88,4,3650.91,3,4,5,345,Loyal Customers
17729.0,598,1,438.65000000000003,1,2,2,122,Lost Customers
17730.0,30,19,7111.1,4,5,5,455,Loyal Customers
17731.0,81,6,1708.99,3,4,4,344,Loyal Customers
17732.0,388,8,2470.39,2,5,4,254,Loyal Customers
17733.0,263,2,692.19,2,3,3,233,At Risk
17734.0,55,6,1442.32,4,4,4,444,Loyal Customers
17735.0,110,25,16351.33,3,5,5,355,Loyal Customers
17736.0,11,3,377.44,5,3,2,532,Potential Loyalists
17737.0,1,2,168.24,5,3,1,531,Potential Loyalists
17738.0,21,13,4183.56,5,5,5,555,Champions
17739.0,13,18,7730.59,5,5,5,555,Champions
17740.0,391,6,426.90000000000003,2,4,2,242,Loyal Customers
17741.0,408,2,101.1,2,3,1,231,At Risk
17742.0,40,11,2098.48,4,5,4,454,Loyal Customers
17743.0,450,1,229.2,1,2,1,121,Lost Customers
17744.0,27,6,1918.76,4,4,4,444,Loyal Customers
17745.0,479,2,600.34,1,3,2,132,At Risk
17746.0,242,4,904.1800000000001,2,4,3,243,Loyal Customers
17747.0,114,1,71.4,3,2,1,321,Lost Customers
17748.0,529,1,358.15,1,2,2,122,Lost Customers
17749.0,180,3,1026.18,3,3,3,333,Lost Customers
17750.0,58,8,1684.25,4,5,4,454,Loyal Customers
17751.0,423,1,157.85999999999999,1,2,1,121,Lost Customers
17752.0,361,1,80.64,2,2,1,221,Lost Customers
17753.0,481,4,390.56,1,4,2,142,Loyal Customers
17754.0,144,12,4376.54,3,5,5,355,Loyal Customers
17756.0,377,3,733.7,2,3,3,233,At Risk
17757.0,15,54,9005.9,5,5,5,555,Champions
17758.0,21,12,5012.53,5,5,5,555,Champions
17759.0,19,5,1276.91,5,4,4,544,Champions
17760.0,23,6,918.93,5,4,3,543,Champions
17761.0,153,1,712.78,3,2,3,323,Lost Customers
17762.0,457,1,129.75,1,2,1,121,Lost Customers
17763.0,265,4,86.15,2,4,1,241,Loyal Customers
17764.0,6,5,1623.64,5,4,4,544,Champions
17765.0,212,4,530.8,2,4,2,242,Loyal Customers
17766.0,383,2,299.61,2,3,2,232,At Risk
17767.0,17,2,413.05,5,3,2,532,Potential Loyalists
17768.0,168,7,3509.51,3,4,5,345,Loyal Customers
17769.0,14,17,7103.08,5,5,5,555,Champions
17770.0,36,5,1143.27,4,4,3,443,Loyal Customers
17771.0,58,4,387.41,4,4,2,442,Loyal Customers
17772.0,12,3,384.77,5,3,2,532,Potential Loyalists
17773.0,516,2,585.27,1,3,2,132,At Risk
17774.0,147,9,3328.05,3,5,5,355,Loyal Customers
17775.0,256,1,56.4,2,2,1,221,Lost Customers
17776.0,388,2,338.56,2,3,2,232,At Risk
17777.0,26,3,665.86,4,3,3,433,Potential Loyalists
17778.0,663,1,197.70000000000002,1,2,1,121,Lost Customers
17779.0,23,3,658.57,5,3,3,533,Potential Loyalists
17780.0,435,3,352.91,1,3,2,132,At Risk
17781.0,254,2,188.02,2,3,1,231,At Risk
17782.0,384,2,679.02,2,3,3,233,At Risk
17783.0,74,3,379.91,3,3,2,332,Lost Customers
17784.0,523,1,112.86,1,2,1,121,Lost Customers
17785.0,55,3,403.38,4,3,2,432,Potential Loyalists
17786.0,87,2,278.74,3,3,1,331,Lost Customers
17787.0,65,4,2601.4700000000003,4,4,4,444,Loyal Customers
17788.0,75,2,1117.9,3,3,3,333,Lost Customers
17789.0,283,2,397.15,2,3,2,232,At Risk
17790.0,4,20,2783.61,5,5,4,554,Champions
17791.0,61,1,106.1,4,2,1,421,Potential Loyalists
17792.0,469,2,370.05,1,3,2,132,At Risk
17793.0,27,1,323.04,4,2,2,422,Potential Loyalists
17794.0,688,2,147.3,1,3,1,131,At Risk
17795.0,181,2,350.39,3,3,2,332,Lost Customers
17796.0,42,7,1361.99,4,4,4,444,Loyal Customers
17797.0,24,8,1985.8700000000001,5,5,4,554,Champions
17798.0,524,1,183.09,1,2,1,121,Lost Customers
17799.0,24,20,6341.89,5,5,5,555,Champions
17800.0,38,9,1199.01,4,5,3,453,Loyal Customers
17801.0,453,3,798.33,1,3,3,133,At Risk
17802.0,5,10,5053.12,5,5,5,555,Champions
17803.0,365,1,184.66,2,2,1,221,Lost Customers
17804.0,378,3,385.23,2,3,2,232,At Risk
17805.0,75,2,927.03,3,3,3,333,Lost Customers
17806.0,13,1,546.04,5,2,2,522,Potential Loyalists
17807.0,456,3,437.87,1,3,2,132,At Risk
17808.0,461,4,262.64,1,4,1,141,Loyal Customers
17809.0,18,20,11337.39,5,5,5,555,Champions
17810.0,465,2,374.81,1,3,2,132,At Risk
17811.0,2,46,9453.7,5,5,5,555,Champions
17812.0,14,7,1165.89,5,4,3,543,Champions
17813.0,16,5,1770.88,5,4,4,544,Champions
17814.0,377,2,1617.32,2,3,4,234,At Risk
17815.0,395,1,591.96,2,2,2,222,Lost Customers
17816.0,215,6,112.32,2,4,1,241,Loyal Customers
17817.0,160,5,689.87,3,4,3,343,Loyal Customers
17818.0,1032,1,130.18,1,2,1,121,Lost Customers
17819.0,66,12,6612.52,4,5,5,455,Loyal Customers
17820.0,375,1,183.56,2,2,1,221,Lost Customers
17821.0,408,1,334.62,2,2,2,222,Lost Customers
17822.0,422,5,2188.5,1,4,4,144,Loyal Customers
17823.0,423,2,494.25,1,3,2,132,At Risk
17824.0,53,1,298.4,4,2,2,422,Potential Loyalists
17825.0,600,4,731.96,1,4,3,143,Loyal Customers
17826.0,376,1,134.59,2,2,1,221,Lost Customers
17827.0,37,5,1976.4,4,4,4,444,Loyal Customers
17828.0,24,4,1820.09,5,4,4,544,Champions
17829.0,300,5,4756.74,2,4,5,245,Loyal Customers
17830.0,263,2,287.65000000000003,2,3,2,232,At Risk
17831.0,183,1,35.400000000000006,3,2,1,321,Lost Customers
17832.0,51,1,155.37,4,2,1,421,Potential Loyalists
17833.0,725,1,342.36,1,2,2,122,Lost Customers
17834.0,416,2,730.47,2,3,3,233,At Risk
17835.0,11,2,236.5,5,3,1,531,Potential Loyalists
17836.0,49,1,110.21000000000001,4,2,1,421,Potential Loyalists
17837.0,31,8,1593.38,4,5,4,454,Loyal Customers
17838.0,28,13,6722.900000000001,4,5,5,455,Loyal Customers
17839.0,43,1,338.8,4,2,2,422,Potential Loyalists
17840.0,445,1,185.72,1,2,1,121,Lost Customers
17841.0,1,209,69074.93000000001,5,5,5,555,Champions
17842.0,604,1,430.69,1,2,2,122,Lost Customers
17843.0,100,2,326.23,3,3,2,332,Lost Customers
17844.0,108,1,51.559999999999995,3,2,1,321,Lost Customers
17845.0,371,4,598.19,2,4,2,242,Loyal Customers
17846.0,87,1,2033.1,3,2,4,324,Lost Customers
17847.0,369,2,129.69,2,3,1,231,At Risk
17848.0,83,30,3650.9,3,5,5,355,Loyal Customers
17849.0,71,8,1063.76,4,5,3,453,Loyal Customers
17850.0,440,155,56600.08,1,5,5,155,Loyal Customers
17851.0,424,6,1563.34,1,4,4,144,Loyal Customers
17852.0,13,5,663.21,5,4,3,543,Champions
17853.0,409,3,1608.19,2,3,4,234,At Risk
17854.0,158,6,1071.45,3,4,3,343,Loyal Customers
17855.0,667,1,417.94,1,2,2,122,Lost Customers
17856.0,235,3,1142.63,2,3,3,233,At Risk
17857.0,19,22,25702.64,5,5,5,555,Champions
17858.0,3,30,12797.65,5,5,5,555,Champions
17859.0,131,1,148.21,3,2,1,321,Lost Customers
17860.0,519,4,1015.54,1,4,3,143,Loyal Customers
17861.0,26,17,4689.11,4,5,5,455,Loyal Customers
17862.0,325,4,1279.09,2,4,4,244,Loyal Customers
17863.0,31,12,5745.2,4,5,5,455,Loyal Customers
17864.0,14,5,924.32,5,4,3,543,Champions
17865.0,2,46,26374.39,5,5,5,555,Champions
17866.0,144,3,1134.95,3,3,3,333,Lost Customers
17867.0,91,15,1621.2800000000002,3,5,4,354,Loyal Customers
17868.0,387,1,234.65,2,2,1,221,Lost Customers
17869.0,109,7,1036.16,3,4,3,343,Loyal Customers
17870.0,16,12,2843.24,5,5,4,554,Champions
17871.0,206,5,1118.99,2,4,3,243,Loyal Customers
17872.0,383,1,235.87,2,2,1,221,Lost Customers
17873.0,82,18,6515.88,3,5,5,355,Loyal Customers
17874.0,158,6,683.46,3,4,3,343,Loyal Customers
17875.0,690,1,167.1,1,2,1,121,Lost Customers
17876.0,579,3,3424.02,1,3,5,135,At Risk
17877.0,172,1,237.61,3,2,1,321,Lost Customers
17878.0,45,3,1412.33,4,3,4,434,Potential Loyalists
17879.0,175,1,178.52,3,2,1,321,Lost Customers
17880.0,425,3,824.9200000000001,1,3,3,133,At Risk
17881.0,131,1,133.35,3,2,1,321,Lost Customers
17882.0,381,2,313.46,2,3,2,232,At Risk
17883.0,16,6,810.98,5,4,3,543,Champions
17884.0,343,19,2958.28,2,5,5,255,Loyal Customers
17885.0,14,1,190.19,5,2,1,521,Potential Loyalists
17886.0,122,6,1608.38,3,4,4,344,Loyal Customers
17887.0,305,1,111.35,2,2,1,221,Lost Customers
17888.0,23,25,1820.44,5,5,4,554,Champions
17889.0,36,7,774.87,4,4,3,443,Loyal Customers
17890.0,324,2,602.09,2,3,2,232,At Risk
17891.0,163,1,203.85999999999999,3,2,1,321,Lost Customers
17892.0,58,3,244.1,4,3,1,431,Potential Loyalists
17893.0,227,1,112.25,2,2,1,221,Lost Customers
17894.0,73,18,2453.38,4,5,4,454,Loyal Customers
17895.0,46,1,98.0,4,2,1,421,Potential Loyalists
17896.0,25,1,256.32,4,2,1,421,Potential Loyalists
17897.0,174,9,2585.0,3,5,4,354,Loyal Customers
17898.0,87,4,299.18,3,4,2,342,Loyal Customers
17899.0,279,1,155.8,2,2,1,221,Lost Customers
17900.0,308,2,112.19999999999999,2,3,1,231,At Risk
17901.0,60,3,260.08,4,3,1,431,Potential Loyalists
17902.0,400,1,216.4,2,2,1,221,Lost Customers
17903.0,426,1,381.09000000000003,1,2,2,122,Lost Customers
17904.0,23,1,191.67000000000002,5,2,1,521,Potential Loyalists
17905.0,72,13,2383.52,4,5,4,454,Loyal Customers
17906.0,189,1,72.9,3,2,1,321,Lost Customers
17907.0,464,1,291.76,1,2,2,122,Lost Customers
17908.0,506,5,1411.54,1,4,4,144,Loyal Customers
17909.0,1032,1,132.55,1,2,1,121,Lost Customers
17910.0,728,1,261.7,1,2,1,121,Lost Customers
17911.0,11,1,366.23,5,2,2,522,Potential Loyalists
17912.0,312,6,375.5,2,4,2,242,Loyal Customers
17913.0,1,14,3479.64,5,5,5,555,Champions
17915.0,553,1,242.13,1,2,1,121,Lost Customers
17916.0,630,2,43.87,1,3,1,131,At Risk
17917.0,47,3,341.28,4,3,2,432,Potential Loyalists
17918.0,502,3,396.39,1,3,2,132,At Risk
17919.0,2,2,1840.3200000000002,5,3,4,534,Potential Loyalists
17920.0,13,53,24213.170000000002,5,5,5,555,Champions
17921.0,149,10,2423.5,3,5,4,354,Loyal Customers
17922.0,545,1,170.4,1,2,1,121,Lost Customers
17923.0,311,3,497.0,2,3,2,232,At Risk
17924.0,13,8,3536.7000000000003,5,5,5,555,Champions
17925.0,667,1,488.16,1,2,2,122,Lost Customers
17926.0,135,5,1035.49,3,4,3,343,Loyal Customers
17927.0,723,1,294.0,1,2,2,122,Lost Customers
17928.0,47,3,341.24,4,3,2,432,Potential Loyalists
17929.0,13,12,3082.1,5,5,5,555,Champions
17930.0,73,13,4275.22,4,5,5,455,Loyal Customers
17931.0,135,14,3437.29,3,5,5,355,Loyal Customers
17932.0,6,3,1331.57,5,3,4,534,Potential Loyalists
17933.0,634,1,114.69,1,2,1,121,Lost Customers
17934.0,1,3,1049.15,5,3,3,533,Potential Loyalists
17935.0,140,7,686.14,3,4,3,343,Loyal Customers
17937.0,116,7,4301.22,3,4,5,345,Loyal Customers
17938.0,422,1,144.29,1,2,1,121,Lost Customers
17939.0,279,1,99.14,2,2,1,221,Lost Customers
17940.0,51,16,30393.19,4,5,5,455,Loyal Customers
17941.0,337,4,1433.28,2,4,4,244,Loyal Customers
17942.0,302,1,77.50000000000001,2,2,1,221,Lost Customers
17944.0,366,1,75.41,2,2,1,221,Lost Customers
17945.0,375,3,360.35,2,3,2,232,At Risk
17946.0,235,2,149.57999999999998,2,3,1,231,At Risk
17947.0,303,1,176.68,2,2,1,221,Lost Customers
17948.0,149,1,358.56000000000006,3,2,2,322,Lost Customers
17949.0,4,116,116684.08,5,5,5,555,Champions
17950.0,74,7,1432.81,3,4,4,344,Loyal Customers
17951.0,41,4,1636.0800000000002,4,4,4,444,Loyal Customers
17952.0,380,4,819.61,2,4,3,243,Loyal Customers
17953.0,542,1,160.82,1,2,1,121,Lost Customers
17954.0,125,18,3673.09,3,5,5,355,Loyal Customers
17955.0,200,6,949.9,3,4,3,343,Loyal Customers
17956.0,251,1,12.75,2,2,1,221,Lost Customers
17957.0,245,1,111.68,2,2,1,221,Lost Customers
17958.0,118,2,973.88,3,3,3,333,Lost Customers
17959.0,594,1,140.75,1,2,1,121,Lost Customers
17960.0,173,3,135.08,3,3,1,331,Lost Customers
17961.0,2,100,2995.54,5,5,5,555,Champions
17962.0,144,4,687.42,3,4,3,343,Loyal Customers
17963.0,400,4,651.51,2,4,3,243,Loyal Customers
17964.0,122,2,733.46,3,3,3,333,Lost Customers
17965.0,10,29,7240.9800000000005,5,5,5,555,Champions
17966.0,34,10,1974.42,4,5,4,454,Loyal Customers
17967.0,418,2,357.29,1,3,2,132,At Risk
17968.0,390,4,888.04,2,4,3,243,Loyal Customers
17969.0,168,20,2369.94,3,5,4,354,Loyal Customers
17970.0,5,1,582.59,5,2,2,522,Potential Loyalists
17971.0,461,1,161.94,1,2,1,121,Lost Customers
17972.0,7,1,136.04,5,2,1,521,Potential Loyalists
17973.0,53,1,337.04,4,2,2,422,Potential Loyalists
17974.0,26,6,1858.06,4,4,4,444,Loyal Customers
17975.0,17,24,7028.83,5,5,5,555,Champions
17976.0,667,1,706.38,1,2,3,123,Lost Customers
17977.0,61,2,1565.63,4,3,4,434,Potential Loyalists
17978.0,405,4,1461.76,2,4,4,244,Loyal Customers
17979.0,170,4,757.71,3,4,3,343,Loyal Customers
17980.0,167,4,1033.42,3,4,3,343,Loyal Customers
17981.0,412,1,239.12,2,2,1,221,Lost Customers
17982.0,682,1,138.18,1,2,1,121,Lost Customers
17983.0,456,1,171.71,1,2,1,121,Lost Customers
17984.0,147,5,1191.27,3,4,3,343,Loyal Customers
17985.0,24,1,634.95,5,2,3,523,Potential Loyalists
17986.0,58,1,20.8,4,2,1,421,Potential Loyalists
17987.0,158,5,1003.64,3,4,3,343,Loyal Customers
17988.0,13,14,489.54,5,5,2,552,Champions
17989.0,381,1,228.83,2,2,1,221,Lost Customers
17990.0,238,6,1527.6100000000001,2,4,4,244,Loyal Customers
17991.0,227,3,320.55,2,3,2,232,At Risk
17992.0,391,1,254.13,2,2,1,221,Lost Customers
17993.0,706,1,235.19,1,2,1,121,Lost Customers
17994.0,38,11,2313.32,4,5,4,454,Loyal Customers
17995.0,283,3,495.48,2,3,2,232,At Risk
17996.0,381,3,482.33,2,3,2,232,At Risk
17997.0,65,8,1970.67,4,5,4,454,Loyal Customers
17998.0,382,3,639.24,2,3,3,233,At Risk
17999.0,303,3,730.9,2,3,3,233,At Risk
18000.0,565,1,124.25,1,2,1,121,Lost Customers
18001.0,14,6,953.84,5,4,3,543,Champions
18002.0,377,4,249.92,2,4,1,241,Loyal Customers
18003.0,378,1,358.61,2,2,2,222,Lost Customers
18004.0,364,1,169.47,2,2,1,221,Lost Customers
18005.0,49,1,139.97,4,2,1,421,Potential Loyalists
18006.0,25,4,997.86,4,4,3,443,Loyal Customers
18007.0,365,1,220.32,2,2,1,221,Lost Customers
18008.0,37,23,19787.13,4,5,5,455,Loyal Customers
18009.0,237,8,2155.83,2,5,4,254,Loyal Customers
18010.0,258,1,174.8,2,2,1,221,Lost Customers
18011.0,569,2,527.03,1,3,2,132,At Risk
18012.0,725,1,115.3,1,2,1,121,Lost Customers
18013.0,157,2,187.29,3,3,1,331,Lost Customers
18014.0,30,1,166.42,4,2,1,421,Potential Loyalists
18016.0,76,7,1960.46,3,4,4,344,Loyal Customers
18017.0,83,4,688.0,3,4,3,343,Loyal Customers
18018.0,109,4,297.99,3,4,2,342,Loyal Customers
18019.0,53,1,38.45,4,2,1,421,Potential Loyalists
18020.0,545,1,190.48000000000002,1,2,1,121,Lost Customers
18021.0,511,2,227.06,1,3,1,131,At Risk
18022.0,244,5,1651.79,2,4,4,244,Loyal Customers
18024.0,65,2,389.78,4,3,2,432,Potential Loyalists
18025.0,365,6,1177.72,2,4,3,243,Loyal Customers
18026.0,502,2,2074.07,1,3,4,134,At Risk
18027.0,305,1,115.31,2,2,1,221,Lost Customers
18028.0,585,1,192.05,1,2,1,121,Lost Customers
18029.0,526,1,433.77,1,2,2,122,Lost Customers
18030.0,44,1,121.1,4,2,1,421,Potential Loyalists
18031.0,380,1,462.1,2,2,2,222,Lost Customers
18032.0,101,1,73.5,3,2,1,321,Lost Customers
18033.0,214,1,97.97,2,2,1,221,Lost Customers
18034.0,23,3,793.7,5,3,3,533,Potential Loyalists
18035.0,44,5,1276.74,4,4,4,444,Loyal Customers
18036.0,107,11,1563.64,3,5,4,354,Loyal Customers
18037.0,126,15,167.42,3,5,1,351,Loyal Customers
18038.0,704,1,149.41,1,2,1,121,Lost Customers
18039.0,376,4,579.17,2,4,2,242,Loyal Customers
18040.0,21,2,357.20000000000005,5,3,2,532,Potential Loyalists
18041.0,13,38,8752.38,5,5,5,555,Champions
18042.0,55,2,281.15,4,3,1,431,Potential Loyalists
18043.0,26,3,875.97,4,3,3,433,Potential Loyalists
18044.0,89,17,3294.71,3,5,5,355,Loyal Customers
18045.0,47,1,189.4,4,2,1,421,Potential Loyalists
18046.0,651,1,189.63,1,2,1,121,Lost Customers
18047.0,383,2,342.69,2,3,2,232,At Risk
18048.0,205,3,401.73,3,3,2,332,Lost Customers
18049.0,439,2,556.52,1,3,2,132,At Risk
18050.0,361,2,412.06,2,3,2,232,At Risk
18051.0,527,7,2282.28,1,4,4,144,Loyal Customers
18052.0,566,1,10877.18,1,2,5,125,Lost Customers
18053.0,72,3,571.07,4,3,2,432,Potential Loyalists
18054.0,365,1,176.5,2,2,1,221,Lost Customers
18055.0,41,14,11195.57,4,5,5,455,Loyal Customers
18056.0,290,2,554.6,2,3,2,232,At Risk
18057.0,395,3,1203.56,2,3,3,233,At Risk
18058.0,11,3,774.06,5,3,3,533,Potential Loyalists
18059.0,25,3,306.46,4,3,2,432,Potential Loyalists
18060.0,410,2,1185.46,2,3,3,233,At Risk
18061.0,23,28,6488.97,5,5,5,555,Champions
18062.0,175,6,1632.67,3,4,4,344,Loyal Customers
18063.0,392,2,186.60000000000002,2,3,1,231,At Risk
18064.0,135,11,4495.03,3,5,5,355,Loyal Customers
18065.0,88,29,5866.63,3,5,5,355,Loyal Customers
18066.0,77,3,1440.4,3,3,4,334,Lost Customers
18067.0,42,1,396.33,4,2,2,422,Potential Loyalists
18068.0,291,1,101.7,2,2,1,221,Lost Customers
18069.0,2,11,4540.56,5,5,5,555,Champions
18070.0,496,1,314.1,1,2,2,122,Lost Customers
18071.0,259,6,1428.63,2,4,4,244,Loyal Customers
18072.0,158,1,247.44,3,2,1,321,Lost Customers
18073.0,116,12,3877.5200000000004,3,5,5,355,Loyal Customers
18074.0,507,2,1509.04,1,3,4,134,At Risk
18075.0,25,20,5783.29,4,5,5,455,Loyal Customers
18076.0,382,1,151.49,2,2,1,221,Lost Customers
18077.0,33,18,4338.56,4,5,5,455,Loyal Customers
18078.0,189,4,844.6,3,4,3,343,Loyal Customers
18079.0,47,5,4242.75,4,4,5,445,Loyal Customers
18080.0,20,2,1231.5,5,3,3,533,Potential Loyalists
18081.0,114,3,343.45,3,3,2,332,Lost Customers
18082.0,27,1,703.37,4,2,3,423,Potential Loyalists
18083.0,518,1,470.73,1,2,2,122,Lost Customers
18084.0,18,3,812.9300000000001,5,3,3,533,Potential Loyalists
18085.0,332,4,1645.75,2,4,4,244,Loyal Customers
18086.0,69,1,101.34,4,2,1,421,Potential Loyalists
18087.0,292,17,14761.52,2,5,5,255,Loyal Customers
18088.0,92,1,167.67000000000002,3,2,1,321,Lost Customers
18089.0,448,1,428.45,1,2,2,122,Lost Customers
18090.0,423,1,349.4,1,2,2,122,Lost Customers
18091.0,595,1,360.85,1,2,2,122,Lost Customers
18092.0,3,17,15617.6,5,5,5,555,Champions
18093.0,33,8,4452.71,4,5,5,455,Loyal Customers
18094.0,83,13,6391.52,3,5,5,355,Loyal Customers
18095.0,40,5,2303.09,4,4,4,444,Loyal Customers
18096.0,13,6,1805.28,5,4,4,544,Champions
18097.0,207,11,4663.32,2,5,5,255,Loyal Customers
18098.0,487,1,550.84,1,2,2,122,Lost Customers
18099.0,247,1,168.31,2,2,1,221,Lost Customers
18100.0,523,1,451.56,1,2,2,122,Lost Customers
18101.0,13,5,629.16,5,4,3,543,Champions
18102.0,13,142,597336.11,5,5,5,555,Champions
18103.0,492,1,105.8,1,2,1,121,Lost Customers
18104.0,303,1,754.64,2,2,3,223,Lost Customers
18105.0,303,1,113.48000000000002,2,2,1,221,Lost Customers
18106.0,331,6,1461.46,2,4,4,244,Loyal Customers
18107.0,444,1,167.13,1,2,1,121,Lost Customers
18108.0,256,3,848.8100000000001,2,3,3,233,At Risk
18109.0,5,37,9201.29,5,5,5,555,Champions
18110.0,21,2,435.43,5,3,2,532,Potential Loyalists
18111.0,591,1,405.85,1,2,2,122,Lost Customers
18112.0,14,4,775.96,5,4,3,543,Champions
18113.0,547,1,152.64000000000001,1,2,1,121,Lost Customers
18114.0,292,1,220.1,2,2,1,221,Lost Customers
18115.0,405,1,9.700000000000001,2,2,1,221,Lost Customers
18116.0,236,13,2154.3,2,5,4,254,Loyal Customers
18117.0,27,1,320.71999999999997,4,2,2,422,Potential Loyalists
18118.0,12,29,6733.22,5,5,5,555,Champions
18119.0,517,1,362.24,1,2,2,122,Lost Customers
18120.0,97,1,111.15,3,2,1,321,Lost Customers
18121.0,126,2,673.1,3,3,3,333,Lost Customers
18122.0,4,6,1826.21,5,4,4,544,Champions
18123.0,26,3,684.59,4,3,3,433,Potential Loyalists
18124.0,473,1,111.53,1,2,1,121,Lost Customers
18125.0,61,4,1142.99,4,4,3,443,Loyal Customers
18126.0,62,1,206.83,4,2,1,421,Potential Loyalists
18127.0,21,4,561.53,5,4,2,542,Champions
18128.0,539,1,420.04,1,2,2,122,Lost Customers
18129.0,68,1,112.55000000000001,4,2,1,421,Potential Loyalists
18130.0,17,3,1059.39,5,3,3,533,Potential Loyalists
18131.0,633,1,222.95999999999998,1,2,1,121,Lost Customers
18132.0,506,1,226.9,1,2,1,121,Lost Customers
18133.0,36,1,931.5,4,2,3,423,Potential Loyalists
18134.0,600,2,445.0,1,3,2,132,At Risk
18135.0,60,10,1249.6200000000001,4,5,4,454,Loyal Customers
18136.0,6,5,1631.3600000000001,5,4,4,544,Champions
18137.0,553,2,145.99,1,3,1,131,At Risk
18138.0,297,1,152.65,2,2,1,221,Lost Customers
18139.0,19,6,8438.34,5,4,5,545,Champions
18140.0,475,1,536.41,1,2,2,122,Lost Customers
18141.0,591,2,882.47,1,3,3,133,At Risk
18142.0,128,2,1019.52,3,3,3,333,Lost Customers
18143.0,118,2,1000.16,3,3,3,333,Lost Customers
18144.0,36,19,5058.0,4,5,5,455,Loyal Customers
18145.0,14,11,5617.79,5,5,5,555,Champions
18146.0,142,2,160.35,3,3,1,331,Lost Customers
18147.0,47,2,179.34,4,3,1,431,Potential Loyalists
18148.0,648,1,114.10000000000001,1,2,1,121,Lost Customers
18149.0,38,7,1624.71,4,4,4,444,Loyal Customers
18150.0,142,3,566.58,3,3,2,332,Lost Customers
18151.0,136,6,1879.44,3,4,4,344,Loyal Customers
18152.0,648,1,426.69,1,2,2,122,Lost Customers
18153.0,661,1,246.22,1,2,1,121,Lost Customers
18154.0,45,4,753.9,4,4,3,443,Loyal Customers
18155.0,77,3,371.62,3,3,2,332,Lost Customers
18156.0,14,2,941.1700000000001,5,3,3,533,Potential Loyalists
18157.0,573,1,215.35,1,2,1,121,Lost Customers
18158.0,2,2,453.4,5,3,2,532,Potential Loyalists
18159.0,39,1,530.15,4,2,2,422,Potential Loyalists
18160.0,59,3,1003.88,4,3,3,433,Potential Loyalists
18161.0,17,6,1803.1000000000001,5,4,4,544,Champions
18162.0,882,1,379.15999999999997,1,2,2,122,Lost Customers
18163.0,615,1,728.84,1,2,3,123,Lost Customers
18164.0,303,1,399.65,2,2,2,222,Lost Customers
18165.0,179,1,302.46,3,2,2,322,Lost Customers
18166.0,625,1,175.5,1,2,1,121,Lost Customers
18167.0,25,3,1384.8600000000001,4,3,4,434,Potential Loyalists
18168.0,70,16,3770.27,4,5,5,455,Loyal Customers
18169.0,62,1,202.65,4,2,1,421,Potential Loyalists
18170.0,114,9,2878.0,3,5,4,354,Loyal Customers
18171.0,1,9,2437.31,5,5,4,554,Champions
18172.0,5,52,17479.84,5,5,5,555,Champions
18173.0,69,5,2696.36,4,4,4,444,Loyal Customers
18174.0,302,2,162.5,2,3,1,231,At Risk
18175.0,677,1,176.10000000000002,1,2,1,121,Lost Customers
18176.0,360,1,476.35,2,2,2,222,Lost Customers
18177.0,122,9,2216.87,3,5,4,354,Loyal Customers
18178.0,250,11,6103.74,2,5,5,255,Loyal Customers
18179.0,11,8,2547.55,5,5,4,554,Champions
18180.0,2,5,1533.02,5,4,4,544,Champions
18181.0,26,5,1205.94,4,4,3,443,Loyal Customers
18182.0,670,1,291.13,1,2,2,122,Lost Customers
18183.0,69,2,632.07,4,3,3,433,Potential Loyalists
18184.0,17,1,49.8,5,2,1,521,Potential Loyalists
18185.0,251,1,304.25,2,2,2,222,Lost Customers
18186.0,724,1,329.58000000000004,1,2,2,122,Lost Customers
18187.0,633,1,724.89,1,2,3,123,Lost Customers
18188.0,17,6,3280.59,5,4,5,545,Champions
18189.0,79,3,1403.73,3,3,4,334,Lost Customers
18190.0,194,5,745.62,3,4,3,343,Loyal Customers
18191.0,263,2,529.4,2,3,2,232,At Risk
18192.0,73,1,957.97,4,2,3,423,Potential Loyalists
18193.0,167,3,1207.3500000000001,3,3,3,333,Lost Customers
18194.0,84,6,4162.04,3,4,5,345,Loyal Customers
18195.0,389,1,101.16,2,2,1,221,Lost Customers
18196.0,216,4,1464.31,2,4,4,244,Loyal Customers
18197.0,577,1,230.1,1,2,1,121,Lost Customers
18198.0,73,16,5107.110000000001,4,5,5,455,Loyal Customers
18199.0,685,1,344.75,1,2,2,122,Lost Customers
18200.0,107,1,163.8,3,2,1,321,Lost Customers
18201.0,724,1,447.53000000000003,1,2,2,122,Lost Customers
18202.0,201,3,1396.99,3,3,4,334,Lost Customers
18203.0,218,4,504.42,2,4,2,242,Loyal Customers
18204.0,73,3,1993.7,4,3,4,434,Potential Loyalists
18205.0,76,2,517.36,3,3,2,332,Lost Customers
18206.0,614,1,314.65999999999997,1,2,2,122,Lost Customers
18207.0,501,1,544.47,1,2,2,122,Lost Customers
18208.0,567,1,360.08,1,2,2,122,Lost Customers
18209.0,30,1,139.10000000000002,4,2,1,421,Potential Loyalists
18210.0,11,6,2590.93,5,4,4,544,Champions
18211.0,27,5,600.07,4,4,2,442,Loyal Customers
18212.0,328,2,546.72,2,3,2,232,At Risk
18213.0,238,1,232.48000000000002,2,2,1,221,Lost Customers
18214.0,491,4,1780.34,1,4,4,144,Loyal Customers
18215.0,32,5,2247.4900000000002,4,4,4,444,Loyal Customers
18216.0,122,1,481.75,3,2,2,322,Lost Customers
18217.0,61,4,945.04,4,4,3,443,Loyal Customers
18218.0,6,4,1142.0,5,4,3,543,Champions
18219.0,44,16,3320.52,4,5,5,455,Loyal Customers
18220.0,228,6,1921.76,2,4,4,244,Loyal Customers
18221.0,6,6,1424.94,5,4,4,544,Champions
18222.0,124,1,443.0,3,2,2,322,Lost Customers
18223.0,41,25,13422.130000000001,4,5,5,455,Loyal Customers
18224.0,265,1,158.95000000000002,2,2,1,221,Lost Customers
18225.0,23,25,12723.98,5,5,5,555,Champions
18226.0,33,26,11878.88,4,5,5,455,Loyal Customers
18227.0,189,2,388.75,3,3,2,332,Lost Customers
18228.0,58,2,779.9,4,3,3,433,Potential Loyalists
18229.0,1,28,10803.71,5,5,5,555,Champions
18230.0,11,9,4291.06,5,5,5,555,Champions
18231.0,194,28,6880.97,3,5,5,355,Loyal Customers
18232.0,83,4,592.97,3,4,2,342,Loyal Customers
18233.0,327,1,440.0,2,2,2,222,Lost Customers
18234.0,553,1,179.6,1,2,1,121,Lost Customers
18235.0,33,3,1796.48,4,3,4,434,Potential Loyalists
18236.0,61,12,1795.3500000000001,4,5,4,454,Loyal Customers
18237.0,3,4,861.35,5,4,3,543,Champions
18238.0,369,1,270.92,2,2,1,221,Lost Customers
18239.0,220,6,2150.36,2,4,4,244,Loyal Customers
18240.0,48,1,422.58,4,2,2,422,Potential Loyalists
18241.0,11,21,2986.9900000000002,5,5,5,555,Champions
18242.0,67,8,3605.21,4,5,5,455,Loyal Customers
18243.0,416,1,515.78,2,2,2,222,Lost Customers
18244.0,504,2,568.64,1,3,2,132,At Risk
18245.0,6,20,6324.9800000000005,5,5,5,555,Champions
18246.0,25,3,758.8199999999999,4,3,3,433,Potential Loyalists
18247.0,416,3,839.73,2,3,3,233,At Risk
18248.0,94,2,804.02,3,3,3,333,Lost Customers
18249.0,19,1,95.34,5,2,1,521,Potential Loyalists
18250.0,312,1,349.27,2,2,2,222,Lost Customers
18251.0,89,9,26278.86,3,5,5,355,Loyal Customers
18252.0,52,7,1542.09,4,4,4,444,Loyal Customers
18253.0,526,1,317.88,1,2,2,122,Lost Customers
18254.0,524,1,267.9,1,2,1,121,Lost Customers
18255.0,32,2,303.15,4,3,2,432,Potential Loyalists
18256.0,389,1,110.69999999999999,2,2,1,221,Lost Customers
18257.0,41,12,4600.15,4,5,5,455,Loyal Customers
18258.0,400,6,2059.67,2,4,4,244,Loyal Customers
18259.0,26,7,4318.2,4,4,5,445,Loyal Customers
18260.0,101,23,9962.11,3,5,5,355,Loyal Customers
18261.0,45,2,324.24,4,3,2,432,Potential Loyalists
18262.0,142,3,577.54,3,3,2,332,Lost Customers
18263.0,27,3,1213.16,4,3,3,433,Potential Loyalists
18264.0,500,1,603.25,1,2,2,122,Lost Customers
18265.0,74,2,801.51,3,3,3,333,Lost Customers
18266.0,700,1,251.1,1,2,1,121,Lost Customers
18267.0,588,1,269.37,1,2,1,121,Lost Customers
18268.0,135,6,1490.23,3,4,4,344,Loyal Customers
18269.0,486,1,337.20000000000005,1,2,2,122,Lost Customers
18270.0,268,3,444.55,2,3,2,232,At Risk
18271.0,463,2,680.85,1,3,3,133,At Risk
18272.0,4,8,4018.1,5,5,5,555,Champions
18273.0,216,3,306.0,2,3,2,232,At Risk
18274.0,91,1,175.92,3,2,1,321,Lost Customers
18275.0,432,2,741.85,1,3,3,133,At Risk
18276.0,45,6,1656.52,4,4,4,444,Loyal Customers
18277.0,1,5,1180.05,5,4,3,543,Champions
18278.0,75,2,414.20000000000005,3,3,2,332,Lost Customers
18279.0,491,1,231.34,1,2,1,121,Lost Customers
18280.0,161,2,488.15000000000003,3,3,2,332,Lost Customers
18281.0,5,2,201.14,5,3,1,531,Potential Loyalists
18282.0,217,2,178.05,2,3,1,231,At Risk
18283.0,11,21,2528.65,5,5,4,554,Champions
18284.0,610,1,461.68,1,2,2,122,Lost Customers
18285.0,662,1,427.0,1,2,2,122,Lost Customers
18286.0,478,2,1296.43,1,3,4,134,At Risk
18287.0,1,7,4182.99,5,4,5,545,Champions
